Application_ID,Age,Education,Employment_Type,Marital_Status,Dependents,Property_Area,Experience_Years,Monthly_Income,Credit_Score,Loan_Amount,Loan_Term_Months,Existing_Loan,EMI,Savings,Debt_to_Income_Ratio,Loan_Approved
APP-00001,59,Bachelor,Salaried,Single,2,Urban,34,221390,650,1236074,72,Yes,21812,185203,0.099,1
APP-00002,42,Master,Self-employed,Married,2,Urban,16,162165,688,627035,12,Yes,60644,75725,0.374,0
APP-00003,64,Bachelor,Salaried,Single,3,Semiurban,36,138607,598,168148,60,No,3169,916606,0.023,1
APP-00004,27,Bachelor,Salaried,Married,3,Semiurban,2,169318,730,1608349,24,No,80043,1399673,0.473,1
APP-00005,49,Bachelor,Salaried,Married,4,Urban,21,125980,713,1502107,12,No,136435,589879,1.083,1
APP-00006,36,Bachelor,Salaried,Single,0,Urban,10,147958,679,1385160,48,No,33047,988732,0.223,1
APP-00007,45,PhD,Salaried,Married,1,Rural,17,242213,743,686146,60,No,14291,298998,0.059,1
APP-00008,61,Bachelor,Salaried,Single,2,Semiurban,36,152891,820,589570,84,Yes,8493,1331685,0.056,1
APP-00009,55,Matric,Salaried,Single,3,Urban,33,234506,825,1794490,72,No,29783,132409,0.127,1
APP-00010,33,Intermediate,Salaried,Married,2,Semiurban,9,109395,726,1254454,72,No,21133,208286,0.193,1
APP-00011,49,Bachelor,Salaried,Married,3,Urban,24,163498,540,2161083,48,Yes,56584,210235,0.346,0
APP-00012,50,Master,Self-employed,Single,0,Urban,23,188008,664,1603165,84,No,20614,137948,0.11,1
APP-00013,23,Intermediate,Salaried,Single,0,Urban,0,162101,729,1113343,24,No,55796,128451,0.344,1
APP-00014,32,Bachelor,Self-employed,Single,2,Semiurban,5,147824,644,1500804,72,No,24094,327824,0.163,1
APP-00015,22,Intermediate,Salaried,Married,2,Urban,0,168657,773,1841093,60,No,35622,116081,0.211,1
APP-00016,36,Bachelor,Salaried,Married,3,Urban,14,161628,591,1707618,48,Yes,44757,152483,0.277,0
APP-00017,61,Matric,Salaried,Married,3,Semiurban,39,162455,781,1956926,48,No,51899,564594,0.319,1
APP-00018,36,Bachelor,Self-employed,Married,2,Urban,13,210772,696,1341082,60,No,25067,279544,0.119,1
APP-00019,39,Matric,Business,Married,3,Semiurban,10,64825,702,768234,36,No,27439,511157,0.423,1
APP-00020,55,Bachelor,Salaried,Single,3,Urban,26,137898,664,2200021,72,No,36014,646584,0.261,1
APP-00021,53,Intermediate,Self-employed,Single,4,Rural,28,246295,589,207450,84,No,2867,1993509,0.012,1
APP-00022,28,Master,Self-employed,Single,4,Urban,4,169924,646,2827423,24,No,131824,134123,0.776,0
APP-00023,26,Master,Self-employed,Single,2,Urban,2,163712,708,2167359,12,Yes,228882,128015,1.398,0
APP-00024,38,Bachelor,Unemployed,Married,0,Urban,16,58369,623,1324665,24,No,68604,509616,1.175,0
APP-00025,63,Master,Salaried,Married,0,Urban,36,231598,551,764076,84,No,9987,1307286,0.043,1
APP-00026,56,Intermediate,Self-employed,Married,0,Urban,30,80625,655,766326,60,No,15682,128834,0.195,1
APP-00027,42,Bachelor,Salaried,Married,3,Semiurban,19,160976,497,2085588,24,No,99042,1435412,0.615,0
APP-00028,26,Bachelor,Self-employed,Single,4,Rural,0,144476,538,1523286,48,Yes,36025,1090793,0.249,0
APP-00029,43,Intermediate,Salaried,Married,4,Urban,15,139235,609,1811741,24,Yes,83087,1078632,0.597,0
APP-00030,21,Master,Salaried,Single,3,Urban,0,99375,549,303861,36,Yes,9142,464605,0.092,0
APP-00031,25,Intermediate,Self-employed,Single,0,Urban,0,116781,571,1839183,60,No,38546,494963,0.33,0
APP-00032,50,Intermediate,Salaried,Married,1,Urban,24,104473,650,1452695,72,No,24714,407827,0.237,1
APP-00033,48,Bachelor,Salaried,Married,1,Semiurban,19,100302,708,1648098,72,Yes,28853,514999,0.288,1
APP-00034,63,Bachelor,Salaried,Married,1,Urban,38,172382,699,2029305,24,No,97252,648873,0.564,1
APP-00035,46,Intermediate,Salaried,Married,4,Rural,19,131333,730,2328636,12,No,211250,1119268,1.609,1
APP-00036,56,Master,Self-employed,Single,4,Rural,33,282561,675,170640,84,Yes,2540,410573,0.009,1
APP-00037,32,Matric,Business,Single,3,Urban,10,223384,656,166234,48,Yes,3816,1138035,0.017,1
APP-00038,61,Bachelor,Salaried,Single,4,Rural,37,175213,591,1139458,36,No,38378,676490,0.219,1
APP-00039,56,Master,Salaried,Married,0,Semiurban,30,153142,825,2376360,84,No,35292,241915,0.23,1
APP-00040,58,Master,Salaried,Single,3,Rural,30,152071,700,1437682,60,No,28942,167504,0.19,1
APP-00041,37,Matric,Salaried,Single,4,Semiurban,9,186071,511,849074,84,No,11163,1144764,0.06,1
APP-00042,48,Matric,Self-employed,Married,4,Urban,21,106311,640,2487312,12,No,227637,223920,2.141,0
APP-00043,26,Intermediate,Salaried,Married,2,Urban,3,177537,675,831899,60,Yes,15199,625650,0.086,1
APP-00044,40,Matric,Self-employed,Married,0,Urban,18,83028,833,1517077,36,Yes,49074,182502,0.591,0
APP-00045,31,Master,Salaried,Married,1,Semiurban,6,218989,850,2767867,36,No,93977,374167,0.429,1
APP-00046,48,Master,Unemployed,Single,1,Semiurban,23,84887,738,1700396,60,No,36286,128012,0.427,0
APP-00047,25,Matric,Salaried,Single,0,Rural,0,164473,791,212816,12,No,20623,295977,0.125,1
APP-00048,42,Bachelor,Salaried,Married,4,Semiurban,18,117812,514,803286,60,No,17006,725460,0.144,1
APP-00049,58,Master,Self-employed,Married,3,Semiurban,34,138708,595,1598189,72,Yes,24974,944604,0.18,1
APP-00050,21,Master,Salaried,Married,1,Semiurban,0,178319,721,2783317,24,Yes,144953,628362,0.813,1
APP-00051,32,Bachelor,Self-employed,Single,1,Semiurban,10,172504,595,1192814,36,No,41504,874141,0.241,1
APP-00052,31,Intermediate,Business,Single,0,Semiurban,7,305492,810,880722,84,Yes,13409,2583619,0.044,1
APP-00053,58,Matric,Business,Married,4,Urban,36,126640,633,1365040,72,No,22528,660199,0.178,1
APP-00054,54,Master,Self-employed,Single,3,Rural,27,157570,671,598870,72,No,10053,676997,0.064,1
APP-00055,60,Bachelor,Business,Married,1,Urban,35,191209,640,2254260,24,Yes,104932,1169771,0.549,0
APP-00056,42,Bachelor,Unemployed,Married,2,Urban,16,60301,491,2600856,36,Yes,85673,184293,1.421,0
APP-00057,37,Intermediate,Salaried,Married,1,Rural,14,191852,740,489593,48,No,12721,77661,0.066,1
APP-00058,46,Master,Unemployed,Single,0,Urban,19,97676,803,730265,84,No,10066,831106,0.103,1
APP-00059,57,Master,Salaried,Married,3,Urban,32,150048,805,1755016,48,No,43497,36734,0.29,1
APP-00060,42,Master,Business,Single,2,Semiurban,19,134761,520,1102163,12,No,112246,922826,0.833,0
APP-00061,26,Matric,Salaried,Single,2,Rural,0,151421,656,2342142,36,Yes,71060,134040,0.469,0
APP-00062,51,Master,Salaried,Single,2,Urban,22,164033,696,1891822,36,Yes,66200,397952,0.404,1
APP-00063,22,Matric,Business,Single,1,Semiurban,0,138236,572,1054480,72,No,17524,864016,0.127,1
APP-00064,34,Bachelor,Unemployed,Single,1,Rural,5,52985,515,814743,24,No,37667,97958,0.711,0
APP-00065,64,PhD,Salaried,Married,2,Urban,41,183109,764,2290222,84,Yes,32274,954118,0.176,1
APP-00066,50,Bachelor,Self-employed,Married,3,Semiurban,22,87145,606,2969760,36,Yes,102543,53925,1.177,0
APP-00067,49,Bachelor,Self-employed,Married,3,Semiurban,20,203041,640,779290,72,No,13198,659789,0.065,1
APP-00068,45,Intermediate,Salaried,Married,0,Rural,19,116684,490,2415286,60,Yes,47360,412400,0.406,0
APP-00069,37,Master,Self-employed,Single,2,Urban,15,260457,548,1416128,48,Yes,35325,1461238,0.136,1
APP-00070,56,Bachelor,Self-employed,Single,2,Semiurban,30,170536,620,2478325,48,No,63873,1423636,0.375,1
APP-00071,30,Master,Self-employed,Single,1,Semiurban,8,264164,773,226108,12,Yes,21300,1717692,0.081,1
APP-00072,47,Intermediate,Business,Married,3,Urban,19,204822,581,494030,48,No,11767,886906,0.057,1
APP-00073,46,Intermediate,Salaried,Married,1,Semiurban,20,204725,672,295716,24,No,15807,900695,0.077,1
APP-00074,48,Intermediate,Self-employed,Married,2,Urban,20,244959,595,2167801,84,Yes,32634,504592,0.133,0
APP-00075,60,Intermediate,Business,Single,0,Urban,32,326852,737,2210376,48,No,50891,1908739,0.156,1
APP-00076,46,Master,Salaried,Married,4,Semiurban,22,237677,654,2176696,72,No,35965,393152,0.151,1
APP-00077,63,Bachelor,Salaried,Married,4,Urban,36,263859,664,1138896,84,No,15536,1584623,0.059,1
APP-00078,50,Master,Business,Single,1,Rural,22,321240,639,1763261,72,No,30956,2327330,0.096,1
APP-00079,21,Matric,Salaried,Married,2,Semiurban,0,172717,798,1334816,84,No,18330,1333062,0.106,1
APP-00080,52,Bachelor,Self-employed,Single,4,Semiurban,29,151323,640,2702967,48,No,63246,597518,0.418,1
APP-00081,28,Master,Self-employed,Married,2,Semiurban,1,106792,723,2022135,24,No,104384,909885,0.977,1
APP-00082,36,Bachelor,Salaried,Single,4,Semiurban,11,199031,617,2451878,84,No,36249,718754,0.182,1
APP-00083,39,Bachelor,Salaried,Married,4,Semiurban,14,196461,533,2037878,24,Yes,92343,388387,0.47,0
APP-00084,57,Intermediate,Self-employed,Single,0,Urban,30,220443,658,643351,72,Yes,11587,1566182,0.053,1
APP-00085,37,Intermediate,Salaried,Single,4,Semiurban,10,98607,664,216739,12,Yes,20032,790316,0.203,1
APP-00086,54,Bachelor,Business,Married,1,Semiurban,26,322599,713,2106032,84,No,29312,1704693,0.091,1
APP-00087,32,Bachelor,Salaried,Married,0,Urban,4,99113,787,672212,48,No,15665,462268,0.158,1
APP-00088,46,PhD,Salaried,Married,2,Semiurban,20,262295,675,1370896,60,No,28302,238071,0.108,1
APP-00089,54,Bachelor,Salaried,Married,2,Urban,26,114765,675,1609090,72,No,28273,939616,0.246,1
APP-00090,63,Bachelor,Salaried,Married,2,Urban,40,231396,696,1203913,60,No,23699,1082930,0.102,1
APP-00091,57,Master,Self-employed,Married,3,Urban,32,188297,759,280553,48,Yes,7200,1318144,0.038,1
APP-00092,36,Bachelor,Salaried,Single,1,Urban,7,206537,680,817912,36,Yes,27769,1316170,0.134,1
APP-00093,61,Master,Salaried,Married,0,Urban,35,149641,673,2029465,84,Yes,27756,674180,0.185,1
APP-00094,28,Matric,Self-employed,Married,2,Urban,5,71917,610,166150,72,Yes,2511,347054,0.035,0
APP-00095,64,PhD,Salaried,Single,4,Urban,39,269412,776,2343541,84,Yes,32087,1021727,0.119,1
APP-00096,62,Intermediate,Salaried,Married,4,Semiurban,37,202782,754,640659,24,No,29139,716544,0.144,1
APP-00097,64,Intermediate,Salaried,Married,0,Rural,42,177823,660,350195,72,Yes,6042,42733,0.034,1
APP-00098,23,Master,Unemployed,Single,0,Urban,0,51165,629,1370464,36,No,48738,253662,0.953,0
APP-00099,35,Master,Salaried,Married,4,Urban,13,135595,673,1860574,60,No,39935,509722,0.295,1
APP-00100,54,Bachelor,Salaried,Married,2,Rural,32,251839,693,402186,60,No,7499,1036553,0.03,1
APP-00101,26,Master,Self-employed,Single,0,Semiurban,0,131262,703,2108954,72,No,34187,954189,0.26,1
APP-00102,44,Bachelor,Salaried,Married,2,Rural,20,150253,850,2962689,12,No,291487,252615,1.94,1
APP-00103,48,Bachelor,Business,Married,3,Urban,22,117249,696,426916,24,No,22088,615409,0.188,1
APP-00104,35,PhD,Salaried,Married,4,Semiurban,8,238748,632,225991,48,No,5999,1960013,0.025,1
APP-00105,23,Master,Self-employed,Single,2,Urban,0,164616,742,590042,12,Yes,62485,115228,0.38,1
APP-00106,45,Bachelor,Business,Married,1,Semiurban,19,232022,674,2239686,36,Yes,69390,422003,0.299,1
APP-00107,34,Master,Salaried,Single,2,Semiurban,8,162161,567,1474572,36,Yes,51264,212053,0.316,0
APP-00108,50,Bachelor,Business,Married,2,Semiurban,22,101597,697,1756671,24,Yes,91463,148563,0.9,0
APP-00109,37,Master,Salaried,Married,2,Semiurban,12,91185,681,842406,72,No,12805,542101,0.14,1
APP-00110,31,Bachelor,Salaried,Single,1,Urban,8,83609,657,1486652,24,Yes,70965,454191,0.849,1
APP-00111,34,Bachelor,Salaried,Married,0,Urban,9,90965,493,1947865,72,No,34539,713650,0.38,1
APP-00112,45,Bachelor,Salaried,Single,2,Urban,16,97497,546,2574968,72,Yes,45458,411927,0.466,0
APP-00113,27,Matric,Self-employed,Married,3,Urban,3,79953,636,1196413,24,No,55125,562829,0.689,0
APP-00114,40,Intermediate,Self-employed,Married,2,Semiurban,15,129780,660,1984276,12,No,200057,616791,1.542,0
APP-00115,33,Intermediate,Salaried,Single,2,Semiurban,11,136924,736,2248347,24,Yes,117248,302231,0.856,0
APP-00116,42,PhD,Self-employed,Married,0,Urban,18,235854,566,436585,84,No,6500,1253131,0.028,1
APP-00117,22,Matric,Salaried,Single,1,Semiurban,0,147755,666,150861,36,Yes,5164,661406,0.035,1
APP-00118,62,Matric,Unemployed,Married,2,Rural,34,82035,618,464359,48,No,11967,416845,0.146,0
APP-00119,27,Bachelor,Self-employed,Single,2,Rural,3,64116,826,252360,36,Yes,7823,571165,0.122,1
APP-00120,38,Intermediate,Self-employed,Married,4,Semiurban,11,171455,562,694604,60,Yes,12966,644486,0.076,0
APP-00121,52,Bachelor,Salaried,Married,3,Rural,28,198105,598,1951317,48,Yes,44178,1550448,0.223,1
APP-00122,50,Bachelor,Self-employed,Married,0,Rural,24,210900,796,401207,24,No,20052,1401538,0.095,1
APP-00123,56,Intermediate,Salaried,Single,3,Semiurban,33,143708,511,2477074,24,Yes,117913,1145228,0.821,0
APP-00124,23,Bachelor,Self-employed,Single,1,Urban,0,134878,609,1357949,72,Yes,21114,1034939,0.157,1
APP-00125,57,Master,Salaried,Single,0,Urban,31,232512,749,2298611,84,No,33123,1890901,0.142,1
APP-00126,45,Bachelor,Unemployed,Married,1,Semiurban,23,66070,421,2754837,72,Yes,42751,212332,0.647,0
APP-00127,32,Intermediate,Salaried,Single,4,Semiurban,5,186908,623,2413336,60,No,48798,1241534,0.261,0
APP-00128,32,Bachelor,Salaried,Single,1,Semiurban,6,70577,664,2640476,72,No,39882,528477,0.565,1
APP-00129,29,Intermediate,Self-employed,Married,4,Semiurban,1,116142,656,2493293,48,No,63963,706595,0.551,0
APP-00130,44,Bachelor,Salaried,Single,4,Semiurban,20,222105,550,179141,84,No,2368,819343,0.011,1
APP-00131,36,PhD,Unemployed,Married,1,Urban,13,109117,639,2059406,12,No,192034,58320,1.76,0
APP-00132,63,Intermediate,Self-employed,Married,0,Urban,40,136207,615,2627576,60,No,53939,1057328,0.396,1
APP-00133,39,Master,Unemployed,Married,4,Urban,11,77047,582,1648229,36,No,52651,645567,0.683,0
APP-00134,29,Master,Salaried,Married,0,Urban,3,186498,732,256498,48,No,6792,800144,0.036,1
APP-00135,41,Bachelor,Salaried,Single,1,Urban,13,176645,850,980112,84,No,13742,89973,0.078,1
APP-00136,31,Bachelor,Unemployed,Married,0,Semiurban,7,52395,556,847419,48,Yes,19166,273321,0.366,0
APP-00137,32,Bachelor,Self-employed,Married,2,Urban,6,205366,476,2186213,12,Yes,226694,692347,1.104,0
APP-00138,63,Bachelor,Unemployed,Married,4,Semiurban,37,107445,580,2967340,12,Yes,286189,450097,2.664,0
APP-00139,24,Bachelor,Business,Married,2,Urban,0,191999,800,2089251,12,No,219562,96365,1.144,1
APP-00140,27,Matric,Unemployed,Married,0,Semiurban,0,26371,592,255683,12,No,25001,22149,0.948,0
APP-00141,64,Intermediate,Unemployed,Single,0,Semiurban,35,100835,795,661672,48,No,16848,610441,0.167,1
APP-00142,62,PhD,Salaried,Married,3,Urban,33,237520,756,2495337,60,No,52322,244386,0.22,1
APP-00143,30,Master,Business,Single,2,Semiurban,8,346690,645,963663,48,Yes,23061,2796267,0.067,1
APP-00144,30,Master,Salaried,Single,0,Semiurban,8,85917,581,2098197,84,No,29426,661176,0.342,1
APP-00145,31,PhD,Salaried,Single,3,Semiurban,3,132526,664,1160899,36,Yes,35434,645232,0.267,1
APP-00146,23,Master,Salaried,Married,1,Rural,1,139368,691,2658379,72,Yes,41774,659991,0.3,1
APP-00147,23,Bachelor,Business,Married,4,Urban,0,299189,831,2512659,48,No,57227,2561331,0.191,1
APP-00148,33,Master,Salaried,Married,3,Rural,7,145959,517,2322134,24,No,120591,318623,0.826,0
APP-00149,28,Matric,Self-employed,Married,1,Rural,3,131981,723,2215904,84,No,33376,678755,0.253,1
APP-00150,28,Matric,Business,Single,4,Urban,0,126559,710,218413,84,No,2875,225400,0.023,1
APP-00151,22,Intermediate,Salaried,Married,2,Urban,0,172992,569,1344625,72,No,22288,624805,0.129,0
APP-00152,35,Matric,Salaried,Married,2,Semiurban,8,108745,612,291703,36,No,9700,83861,0.089,1
APP-00153,36,Master,Salaried,Married,0,Semiurban,8,159238,636,204211,24,No,10262,497689,0.064,1
APP-00154,22,Master,Unemployed,Married,4,Urban,0,58286,562,2887810,12,No,281009,60200,4.821,0
APP-00155,54,Master,Salaried,Single,3,Urban,25,137247,693,2422523,12,Yes,231875,1223261,1.689,0
APP-00156,38,Master,Salaried,Single,2,Urban,12,158317,808,2196594,60,No,41083,260497,0.259,1
APP-00157,51,Bachelor,Salaried,Single,0,Semiurban,22,147280,589,237478,48,No,6096,1212939,0.041,1
APP-00158,24,Intermediate,Business,Single,4,Semiurban,0,232180,644,2995995,36,No,105406,853441,0.454,0
APP-00159,55,Bachelor,Business,Married,1,Urban,27,343235,677,304366,60,Yes,6128,1344742,0.018,1
APP-00160,59,Bachelor,Salaried,Married,4,Semiurban,33,103128,639,1071248,48,No,26793,145870,0.26,1
APP-00161,46,Bachelor,Salaried,Married,4,Rural,19,210030,492,2085957,12,Yes,202742,729401,0.965,0
APP-00162,61,Bachelor,Self-employed,Married,1,Urban,32,243928,726,2419124,84,No,36330,1448454,0.149,1
APP-00163,28,Intermediate,Self-employed,Married,2,Semiurban,4,199567,615,587510,12,No,60591,1328508,0.304,0
APP-00164,44,Master,Business,Married,2,Semiurban,20,193960,555,301139,24,No,15689,1031318,0.081,1
APP-00165,48,Bachelor,Self-employed,Married,2,Semiurban,24,206573,768,1839080,72,No,29732,529089,0.144,1
APP-00166,56,Bachelor,Salaried,Single,4,Semiurban,29,212158,619,2153607,12,Yes,198323,764444,0.935,0
APP-00167,52,Bachelor,Self-employed,Married,3,Urban,24,177161,715,515384,36,Yes,16645,1243741,0.094,1
APP-00168,45,Bachelor,Salaried,Married,0,Rural,22,232423,697,2490137,36,No,87120,189830,0.375,1
APP-00169,32,Master,Business,Single,2,Rural,10,336141,581,2981738,48,No,71463,1116581,0.213,1
APP-00170,45,Intermediate,Business,Married,3,Semiurban,18,140244,719,2766078,12,Yes,273714,1236134,1.952,0
APP-00171,33,PhD,Business,Married,0,Rural,6,180882,608,1855548,84,No,24312,114555,0.134,1
APP-00172,57,Bachelor,Business,Single,1,Semiurban,29,286930,620,1740920,48,No,43599,2263722,0.152,1
APP-00173,61,Master,Salaried,Married,0,Semiurban,32,232067,699,1526445,36,Yes,52785,1623236,0.227,1
APP-00174,40,Intermediate,Salaried,Married,4,Semiurban,16,175626,829,1870485,60,Yes,37736,113892,0.215,1
APP-00175,30,Matric,Business,Married,3,Urban,3,199667,626,1820023,48,Yes,41819,1475017,0.209,1
APP-00176,24,Matric,Salaried,Married,4,Urban,0,144079,623,996816,24,No,50672,327650,0.352,0
APP-00177,32,Intermediate,Salaried,Married,1,Semiurban,5,60518,552,390998,60,No,8092,86256,0.134,1
APP-00178,48,Master,Salaried,Married,3,Urban,24,126827,808,2227599,48,No,51940,1027541,0.41,1
APP-00179,31,Master,Salaried,Married,2,Urban,3,76282,661,1626322,48,No,43604,93369,0.572,0
APP-00180,46,Master,Salaried,Married,1,Semiurban,22,130188,550,2966757,72,No,50222,170381,0.386,0
APP-00181,55,Bachelor,Salaried,Single,3,Rural,33,176984,720,1735288,48,Yes,46652,484013,0.264,1
APP-00182,62,Intermediate,Self-employed,Married,4,Urban,35,240739,593,1574764,36,Yes,49823,576088,0.207,0
APP-00183,56,Intermediate,Self-employed,Single,2,Semiurban,27,83546,741,2192101,24,No,116726,417505,1.397,1
APP-00184,40,Master,Salaried,Married,4,Semiurban,11,149629,696,1562436,60,Yes,33745,793441,0.226,1
APP-00185,23,Master,Salaried,Single,0,Urban,0,192788,698,1308948,24,Yes,61606,139350,0.32,1
APP-00186,37,Master,Salaried,Single,1,Semiurban,8,218369,697,2509965,60,Yes,49397,1389904,0.226,1
APP-00187,41,Intermediate,Salaried,Married,3,Semiurban,15,81972,449,2603292,72,Yes,45009,268635,0.549,0
APP-00188,30,Bachelor,Salaried,Married,4,Semiurban,6,160144,602,965139,24,No,48026,1261703,0.3,1
APP-00189,35,Matric,Business,Married,3,Semiurban,8,252172,795,1826199,48,No,44972,184023,0.178,1
APP-00190,53,Matric,Unemployed,Married,3,Urban,30,66203,482,2717650,12,No,254334,595289,3.842,0
APP-00191,48,Master,Salaried,Single,3,Semiurban,26,172132,764,2931569,12,Yes,272330,432355,1.582,0
APP-00192,22,Bachelor,Self-employed,Married,2,Urban,0,61116,621,2810527,60,No,54337,289215,0.889,0
APP-00193,57,Bachelor,Self-employed,Single,4,Semiurban,32,279709,703,678688,84,No,9468,1571588,0.034,1
APP-00194,50,Master,Self-employed,Married,1,Urban,24,222301,695,339968,24,No,15390,888483,0.069,1
APP-00195,46,Master,Salaried,Married,4,Urban,19,195211,584,1593934,36,No,54165,422104,0.277,1
APP-00196,44,Bachelor,Salaried,Married,2,Urban,21,101831,611,1239929,84,Yes,16268,559844,0.16,1
APP-00197,54,Bachelor,Business,Single,2,Urban,32,332777,784,2793956,12,No,292751,2541086,0.88,1
APP-00198,55,Bachelor,Salaried,Single,2,Urban,33,237908,632,1840534,72,No,29178,1314766,0.123,1
APP-00199,24,Bachelor,Business,Single,3,Urban,1,296632,714,1565744,36,No,54302,1562226,0.183,1
APP-00200,33,Bachelor,Salaried,Married,2,Urban,5,115660,517,821037,12,No,86907,84567,0.751,0
APP-00201,39,Bachelor,Salaried,Single,2,Urban,12,80069,615,1917189,48,No,45597,525693,0.569,0
APP-00202,23,PhD,Business,Married,4,Semiurban,0,116002,836,2777747,12,No,255730,322229,2.205,1
APP-00203,56,Bachelor,Self-employed,Single,0,Urban,27,270232,509,195028,84,Yes,2659,501450,0.01,1
APP-00204,24,Bachelor,Salaried,Married,1,Semiurban,0,183775,736,2125739,48,Yes,53507,1385807,0.291,1
APP-00205,41,Master,Unemployed,Single,3,Semiurban,13,90600,638,591862,48,No,14484,233563,0.16,1
APP-00206,35,Bachelor,Salaried,Married,3,Semiurban,13,97314,787,2184508,60,No,44444,683590,0.457,1
APP-00207,48,Master,Salaried,Married,0,Urban,23,101609,632,1997832,12,Yes,198347,314214,1.952,0
APP-00208,38,Bachelor,Salaried,Married,2,Urban,16,159107,623,1259608,84,No,17288,471552,0.109,1
APP-00209,60,Bachelor,Salaried,Married,1,Semiurban,33,186291,765,2627786,60,No,55431,1041008,0.298,1
APP-00210,59,Matric,Salaried,Married,0,Urban,33,198417,700,1285111,36,No,39237,1587512,0.198,1
APP-00211,44,Master,Business,Single,0,Urban,18,175176,645,2804716,48,No,75053,718140,0.428,1
APP-00212,60,Intermediate,Salaried,Married,4,Semiurban,35,154983,550,2627751,84,No,39723,657341,0.256,1
APP-00213,43,Bachelor,Salaried,Married,3,Urban,21,123464,579,2195588,48,No,50618,20651,0.41,0
APP-00214,53,Master,Self-employed,Married,0,Semiurban,28,161737,740,1670057,48,Yes,41419,866626,0.256,1
APP-00215,59,Bachelor,Unemployed,Single,0,Rural,34,92478,482,784029,48,No,19554,536570,0.211,1
APP-00216,35,Master,Salaried,Married,3,Urban,12,168364,804,2994100,60,No,61496,1056161,0.365,1
APP-00217,55,Matric,Business,Married,3,Urban,29,172373,536,437913,84,Yes,6054,338821,0.035,0
APP-00218,53,Bachelor,Salaried,Married,2,Rural,24,176009,606,2839401,36,No,96388,798443,0.548,0
APP-00219,63,PhD,Self-employed,Single,4,Urban,35,235893,774,607365,36,Yes,19906,1588608,0.084,1
APP-00220,25,Bachelor,Business,Married,1,Urban,0,271260,514,1621466,84,No,21471,2357252,0.079,1
APP-00221,57,Bachelor,Self-employed,Married,3,Semiurban,34,130908,749,2740240,60,No,50210,860350,0.384,1
APP-00222,37,PhD,Salaried,Married,4,Urban,11,212803,574,150098,48,Yes,3622,674929,0.017,1
APP-00223,41,Bachelor,Salaried,Single,0,Urban,14,84580,605,794780,60,Yes,17202,503671,0.203,1
APP-00224,44,Bachelor,Salaried,Single,4,Urban,21,160687,692,1004850,72,No,15479,1045354,0.096,1
APP-00225,54,Master,Self-employed,Married,2,Semiurban,30,251487,621,690381,60,No,12514,1549600,0.05,1
APP-00226,39,Master,Salaried,Married,2,Semiurban,16,197887,606,1330746,24,Yes,66120,602632,0.334,0
APP-00227,37,Bachelor,Salaried,Single,0,Urban,13,93777,640,225438,84,Yes,2963,804448,0.032,1
APP-00228,53,Master,Self-employed,Single,4,Urban,24,157014,740,2811542,48,No,63506,1216751,0.404,1
APP-00229,42,Bachelor,Self-employed,Single,0,Rural,18,89479,567,1815880,48,No,43177,59847,0.483,0
APP-00230,50,Bachelor,Self-employed,Married,4,Semiurban,22,80567,639,502980,12,Yes,52096,130356,0.647,0
APP-00231,60,Bachelor,Salaried,Single,3,Rural,31,232373,728,2946230,60,No,58299,64189,0.251,1
APP-00232,50,Bachelor,Self-employed,Single,0,Urban,22,227108,824,596762,72,No,10535,473937,0.046,1
APP-00233,54,Bachelor,Self-employed,Married,2,Urban,31,196658,613,2345846,48,No,62772,1373837,0.319,0
APP-00234,49,Bachelor,Salaried,Married,1,Rural,21,126630,615,1572542,72,No,27858,672550,0.22,1
APP-00235,30,Matric,Self-employed,Married,3,Urban,5,39344,516,2074324,36,Yes,72421,56101,1.841,0
APP-00236,33,Intermediate,Unemployed,Married,1,Urban,9,47607,600,976110,24,Yes,44844,330752,0.942,0
APP-00237,49,Intermediate,Business,Married,2,Semiurban,26,135676,720,1059131,72,No,16216,212346,0.12,1
APP-00238,29,Matric,Salaried,Married,1,Urban,5,179733,743,1540434,48,Yes,35290,42441,0.196,1
APP-00239,49,Intermediate,Self-employed,Married,3,Rural,27,128795,614,2295690,72,No,39109,985776,0.304,0
APP-00240,31,Bachelor,Self-employed,Single,3,Urban,9,137345,840,2001860,36,No,60645,813940,0.442,1
APP-00241,61,Master,Salaried,Single,1,Rural,37,175017,628,2199409,84,No,31458,1170291,0.18,1
APP-00242,36,Master,Salaried,Married,3,Rural,14,215503,775,972328,48,No,22486,1180694,0.104,1
APP-00243,38,Master,Self-employed,Married,0,Urban,14,104617,666,1389467,24,No,63073,519452,0.603,1
APP-00244,30,Intermediate,Salaried,Married,2,Rural,4,77840,576,1839957,60,No,34918,22828,0.449,0
APP-00245,45,Master,Self-employed,Single,4,Urban,20,259296,759,2929915,24,Yes,158059,697605,0.61,1
APP-00246,62,Master,Salaried,Married,3,Rural,38,258763,523,1742425,24,No,81975,1119816,0.317,0
APP-00247,36,Master,Unemployed,Married,2,Urban,7,72632,632,2438005,36,Yes,75409,186743,1.038,0
APP-00248,49,PhD,Salaried,Single,4,Rural,27,237525,670,862371,84,No,13250,1476760,0.056,1
APP-00249,52,Bachelor,Salaried,Single,1,Rural,27,144079,706,2650982,48,No,61357,123688,0.426,1
APP-00250,39,Intermediate,Self-employed,Married,3,Urban,15,253188,794,2099920,12,Yes,225466,1839989,0.891,0
APP-00251,51,Intermediate,Salaried,Married,4,Semiurban,29,208421,558,782405,48,Yes,19503,843550,0.094,0
APP-00252,41,Intermediate,Salaried,Single,3,Urban,14,148747,635,1506978,84,No,20029,994156,0.135,1
APP-00253,63,Matric,Business,Married,0,Semiurban,38,144808,647,1921367,72,No,32998,811881,0.228,1
APP-00254,32,Intermediate,Salaried,Married,2,Semiurban,8,120113,663,2911139,24,No,153133,821804,1.275,1
APP-00255,54,Intermediate,Self-employed,Married,0,Urban,32,159985,778,2495487,60,No,47755,466285,0.298,1
APP-00256,63,Master,Self-employed,Single,1,Rural,35,190003,642,1135811,12,No,109657,1008555,0.577,0
APP-00257,63,PhD,Salaried,Single,4,Semiurban,37,199662,634,1906684,36,Yes,62803,1404316,0.315,0
APP-00258,30,Bachelor,Salaried,Married,0,Semiurban,5,117841,594,1640724,24,Yes,74323,378226,0.631,0
APP-00259,59,Bachelor,Business,Single,0,Semiurban,35,147765,755,2525937,48,No,64435,716673,0.436,1
APP-00260,46,Bachelor,Salaried,Single,2,Semiurban,20,213794,706,2537828,48,Yes,65466,1454663,0.306,1
APP-00261,41,Intermediate,Business,Married,4,Urban,17,173969,646,1025779,36,No,33892,397699,0.195,1
APP-00262,49,PhD,Self-employed,Single,3,Semiurban,20,255421,461,2569146,24,Yes,135295,696268,0.53,0
APP-00263,54,Master,Salaried,Married,4,Urban,28,111267,659,1155991,84,No,15740,447100,0.141,1
APP-00264,51,Master,Business,Married,3,Urban,24,124808,592,1912105,24,No,89560,1004620,0.718,0
APP-00265,23,Bachelor,Unemployed,Married,4,Rural,0,40810,637,1302060,72,No,21212,329793,0.52,0
APP-00266,45,Bachelor,Unemployed,Single,2,Urban,16,72437,626,1520858,12,Yes,148433,406489,2.049,0
APP-00267,54,Bachelor,Salaried,Married,0,Urban,26,215818,493,351514,72,No,6087,794192,0.028,1
APP-00268,56,Bachelor,Business,Married,4,Semiurban,34,155829,657,1948058,48,Yes,44294,356184,0.284,1
APP-00269,26,PhD,Unemployed,Single,1,Semiurban,0,71363,663,2168671,36,No,71637,639698,1.004,1
APP-00270,35,Master,Salaried,Single,0,Rural,10,211567,657,1761655,72,No,30219,1013346,0.143,1
APP-00271,53,Matric,Salaried,Married,2,Urban,31,210192,605,1468722,48,No,35715,1587850,0.17,1
APP-00272,30,Matric,Salaried,Married,2,Urban,8,172742,778,2587111,48,No,61179,1034374,0.354,1
APP-00273,36,Bachelor,Self-employed,Married,4,Semiurban,8,119323,545,2344747,24,No,118867,291696,0.996,0
APP-00274,48,Matric,Salaried,Married,3,Rural,21,80848,629,1924964,12,Yes,175791,349933,2.174,0
APP-00275,53,Intermediate,Salaried,Married,1,Urban,27,205215,657,647219,48,Yes,15386,1532494,0.075,1
APP-00276,61,Intermediate,Salaried,Single,2,Semiurban,39,268405,680,2045049,12,No,205881,1466048,0.767,1
APP-00277,32,PhD,Unemployed,Married,2,Semiurban,4,85834,660,2273513,60,No,46673,624553,0.544,1
APP-00278,59,Master,Business,Married,1,Rural,35,345274,695,1381506,72,Yes,23460,140356,0.068,1
APP-00279,42,Bachelor,Salaried,Married,1,Semiurban,18,79346,722,1670234,24,No,79311,61707,1.0,1
APP-00280,49,Matric,Self-employed,Single,3,Rural,24,97697,539,2593362,60,Yes,55076,371719,0.564,0
APP-00281,54,Master,Salaried,Married,1,Semiurban,27,173904,728,2667587,48,No,68893,274237,0.396,1
APP-00282,52,Master,Business,Single,0,Rural,23,346200,609,2188062,72,Yes,38217,143498,0.11,1
APP-00283,47,Bachelor,Self-employed,Single,3,Rural,24,98874,718,2553159,60,No,52079,53764,0.527,0
APP-00284,53,Intermediate,Unemployed,Married,1,Rural,31,58226,707,1887040,12,No,193112,415841,3.317,0
APP-00285,38,Bachelor,Salaried,Single,1,Rural,11,206623,656,1936022,24,Yes,100216,436674,0.485,1
APP-00286,37,Master,Business,Married,2,Urban,15,284835,705,987553,72,No,16715,1456250,0.059,1
APP-00287,58,Intermediate,Self-employed,Married,4,Urban,35,283108,631,1237411,72,Yes,20792,1755030,0.073,0
APP-00288,63,Master,Salaried,Married,4,Semiurban,36,167443,808,953605,60,Yes,17722,1325823,0.106,1
APP-00289,25,Master,Salaried,Married,3,Urban,3,187261,746,444866,72,No,7768,662416,0.041,1
APP-00290,32,Intermediate,Salaried,Married,1,Semiurban,7,192672,649,1066020,12,No,102327,1139833,0.531,0
APP-00291,59,Bachelor,Salaried,Married,2,Semiurban,30,213448,544,885833,84,No,13441,245595,0.063,1
APP-00292,50,Bachelor,Salaried,Married,1,Urban,28,207556,616,1154096,48,No,29884,780644,0.144,1
APP-00293,57,Intermediate,Self-employed,Single,1,Semiurban,30,146035,589,583442,72,No,9148,789976,0.063,1
APP-00294,48,Bachelor,Salaried,Married,0,Semiurban,24,146870,751,2776375,12,Yes,281243,1031436,1.915,1
APP-00295,53,Bachelor,Salaried,Single,1,Urban,26,129494,585,1833985,36,No,59636,929424,0.461,1
APP-00296,49,Master,Salaried,Married,1,Rural,20,254671,608,2530992,84,Yes,33908,1117268,0.133,1
APP-00297,23,Bachelor,Salaried,Married,1,Semiurban,0,166718,697,664430,60,No,14117,958202,0.085,1
APP-00298,36,Master,Salaried,Single,4,Urban,14,138880,680,1960971,48,No,47120,243192,0.339,1
APP-00299,39,Intermediate,Salaried,Single,3,Semiurban,15,175766,683,1847378,84,No,25111,349679,0.143,1
APP-00300,60,Bachelor,Self-employed,Married,2,Urban,35,157683,776,542899,36,No,19595,430162,0.124,1
APP-00301,23,Master,Salaried,Married,2,Semiurban,0,115095,799,2159385,24,No,104099,393071,0.904,1
APP-00302,50,Intermediate,Salaried,Married,1,Semiurban,26,96581,672,345144,84,No,4962,205784,0.051,1
APP-00303,57,Bachelor,Salaried,Married,3,Urban,28,127561,741,382140,84,No,5300,658456,0.042,1
APP-00304,26,Bachelor,Salaried,Single,4,Semiurban,0,163944,697,2053341,48,No,47672,1248697,0.291,1
APP-00305,33,Matric,Salaried,Single,0,Semiurban,9,70539,618,2728299,48,Yes,70444,293983,0.999,0
APP-00306,46,Master,Salaried,Married,2,Urban,23,168765,641,307352,48,No,7287,455093,0.043,1
APP-00307,50,Master,Salaried,Single,3,Rural,24,148347,520,1918036,60,No,40255,839827,0.271,1
APP-00308,57,Bachelor,Salaried,Single,1,Urban,32,128031,602,1099074,12,No,115526,684619,0.902,0
APP-00309,26,Bachelor,Business,Married,2,Semiurban,4,222191,657,921935,12,No,96946,1133979,0.436,1
APP-00310,51,Intermediate,Self-employed,Married,3,Semiurban,27,264464,583,423258,24,No,22341,124589,0.084,1
APP-00311,55,Bachelor,Salaried,Married,4,Semiurban,28,148617,584,1756042,84,No,22602,449503,0.152,1
APP-00312,41,Master,Salaried,Married,2,Semiurban,15,157594,834,1645491,24,Yes,82637,1069670,0.524,1
APP-00313,54,Intermediate,Salaried,Married,2,Urban,26,209764,774,2155845,84,No,31067,548314,0.148,1
APP-00314,38,Bachelor,Business,Married,2,Semiurban,14,275218,684,965256,60,Yes,17621,10917,0.064,1
APP-00315,21,Bachelor,Self-employed,Married,1,Urban,0,199134,850,2256973,24,No,105075,447651,0.528,1
APP-00316,53,Bachelor,Self-employed,Married,4,Rural,25,185320,737,1020759,72,No,18285,1160988,0.099,1
APP-00317,22,Bachelor,Self-employed,Single,0,Urban,0,158106,627,621244,60,Yes,12146,408237,0.077,1
APP-00318,40,Master,Unemployed,Married,0,Semiurban,15,83207,639,1636178,72,No,24692,650233,0.297,1
APP-00319,51,Intermediate,Salaried,Married,4,Semiurban,23,207873,601,2538064,36,Yes,86523,1262137,0.416,0
APP-00320,39,Bachelor,Self-employed,Married,4,Urban,12,234995,521,2687551,36,No,83377,1816210,0.355,0
APP-00321,60,Master,Salaried,Single,4,Semiurban,31,184592,656,813340,36,No,25903,1193779,0.14,1
APP-00322,46,Bachelor,Business,Single,1,Rural,19,261667,667,234445,36,No,8184,1855700,0.031,1
APP-00323,60,Bachelor,Salaried,Married,1,Semiurban,31,108621,576,1372597,24,Yes,70888,305599,0.653,0
APP-00324,32,Master,Salaried,Single,1,Urban,3,162328,705,1704243,36,No,51292,1295076,0.316,1
APP-00325,33,Matric,Business,Single,3,Semiurban,4,171535,657,2482865,24,No,114533,1248822,0.668,1
APP-00326,45,Master,Business,Married,3,Urban,16,316472,831,2099117,36,Yes,71244,1446803,0.225,1
APP-00327,59,Bachelor,Business,Single,4,Semiurban,30,164551,636,2379042,60,No,44417,127473,0.27,1
APP-00328,58,Master,Salaried,Married,2,Urban,29,232680,765,1949087,84,Yes,25503,629696,0.11,1
APP-00329,51,Master,Unemployed,Married,1,Semiurban,25,89250,633,2906284,72,No,49130,799417,0.55,0
APP-00330,40,Master,Business,Single,2,Semiurban,15,180154,612,1219962,12,No,110692,346199,0.614,0
APP-00331,46,Bachelor,Salaried,Married,4,Semiurban,18,206602,792,2394630,24,No,128286,1370369,0.621,1
APP-00332,50,Bachelor,Salaried,Single,3,Urban,27,189822,689,575278,48,No,15344,389593,0.081,1
APP-00333,51,Master,Salaried,Single,0,Urban,25,219432,730,846760,72,No,13570,1515419,0.062,1
APP-00334,34,Intermediate,Business,Married,4,Rural,12,94245,604,1433520,60,Yes,26911,266505,0.286,0
APP-00335,41,Bachelor,Salaried,Married,0,Semiurban,15,87703,780,317314,24,Yes,15496,164455,0.177,1
APP-00336,41,Bachelor,Salaried,Single,2,Urban,17,127923,550,2045537,60,No,41466,88116,0.324,1
APP-00337,24,Matric,Self-employed,Married,2,Urban,0,86889,724,2399986,12,No,229721,560242,2.644,1
APP-00338,48,Intermediate,Self-employed,Married,3,Rural,26,234019,567,2520872,84,Yes,33995,747463,0.145,0
APP-00339,51,Matric,Business,Single,2,Semiurban,22,154627,850,338483,24,No,17570,1102617,0.114,1
APP-00340,23,Bachelor,Salaried,Married,3,Urban,0,179857,612,2950774,72,No,52237,246371,0.29,1
APP-00341,43,Bachelor,Self-employed,Married,4,Urban,18,191258,691,1083667,24,No,49955,278733,0.261,1
APP-00342,53,Bachelor,Business,Married,0,Semiurban,28,140325,685,1827512,36,Yes,56661,659285,0.404,1
APP-00343,63,Bachelor,Salaried,Married,0,Semiurban,34,240351,824,549777,60,No,11026,1196995,0.046,1
APP-00344,28,Intermediate,Business,Married,3,Semiurban,0,158356,679,916698,72,No,15416,427216,0.097,1
APP-00345,50,Matric,Self-employed,Married,3,Semiurban,26,239405,720,824857,60,No,17247,2015534,0.072,1
APP-00346,45,Bachelor,Self-employed,Married,2,Urban,20,157086,521,367598,12,No,38614,1296821,0.246,1
APP-00347,36,Master,Business,Married,4,Urban,7,223844,627,1210178,36,No,37941,576510,0.169,1
APP-00348,35,Bachelor,Salaried,Married,0,Rural,8,187362,699,2196836,48,Yes,58830,1181248,0.314,1
APP-00349,54,Bachelor,Business,Married,3,Rural,31,219675,689,1678232,72,No,28838,401180,0.131,1
APP-00350,35,Bachelor,Business,Married,3,Rural,11,303253,710,2048010,48,No,55112,1751599,0.182,1
APP-00351,33,Bachelor,Self-employed,Married,3,Semiurban,6,136247,590,2951623,36,Yes,91377,670187,0.671,0
APP-00352,46,PhD,Salaried,Single,1,Rural,21,259082,586,1988007,84,Yes,25821,1749122,0.1,0
APP-00353,36,Matric,Salaried,Married,4,Semiurban,12,130381,587,319707,60,No,6275,181389,0.048,1
APP-00354,43,Intermediate,Salaried,Single,1,Urban,17,122202,671,2150053,72,No,33900,584887,0.277,1
APP-00355,52,Matric,Self-employed,Married,0,Rural,30,262341,683,1843967,12,Yes,198605,2151008,0.757,0
APP-00356,39,Matric,Self-employed,Married,3,Semiurban,13,149682,764,1403306,84,Yes,19712,285848,0.132,1
APP-00357,32,Master,Salaried,Single,1,Urban,4,141217,633,2505631,84,No,38232,307883,0.271,1
APP-00358,45,Intermediate,Unemployed,Single,4,Rural,22,54627,700,1879810,60,Yes,35456,322916,0.649,0
APP-00359,42,Bachelor,Self-employed,Single,1,Urban,16,103889,599,1514474,24,No,73982,720386,0.712,0
APP-00360,55,Bachelor,Salaried,Single,4,Semiurban,29,107689,592,1040335,60,No,21387,435659,0.199,1
APP-00361,24,Master,Self-employed,Married,2,Semiurban,0,200994,831,1915419,36,No,62450,1437197,0.311,1
APP-00362,37,Bachelor,Business,Single,1,Urban,9,247797,678,2163534,24,Yes,114626,1938854,0.463,0
APP-00363,27,Intermediate,Self-employed,Single,3,Urban,1,108778,762,1797818,84,No,27403,231468,0.252,1
APP-00364,45,Master,Business,Married,4,Rural,18,183349,721,1427148,60,No,27454,511793,0.15,1
APP-00365,63,Bachelor,Salaried,Single,3,Urban,36,115040,623,2254214,48,No,51868,679221,0.451,0
APP-00366,35,Matric,Business,Single,1,Urban,13,156088,720,1699417,72,No,25672,54331,0.164,1
APP-00367,33,Matric,Salaried,Married,1,Semiurban,10,102655,725,987198,72,No,15681,662468,0.153,1
APP-00368,30,Bachelor,Business,Single,4,Rural,7,246424,679,2724618,12,Yes,259148,1161882,1.052,0
APP-00369,24,Intermediate,Business,Married,1,Semiurban,0,224494,567,2874196,24,No,149503,425105,0.666,0
APP-00370,44,Master,Salaried,Single,1,Urban,19,220789,647,2212368,36,No,79132,886336,0.358,1
APP-00371,50,Bachelor,Salaried,Single,4,Semiurban,25,208881,582,133783,48,No,3468,454718,0.017,1
APP-00372,36,Master,Business,Married,1,Urban,10,165814,613,1783032,24,No,95418,31067,0.575,0
APP-00373,29,Bachelor,Self-employed,Single,3,Urban,6,175563,787,2673697,36,No,91057,541740,0.519,1
APP-00374,57,Bachelor,Business,Single,3,Urban,32,208548,689,1825089,24,No,97474,1472603,0.467,1
APP-00375,56,Master,Salaried,Married,4,Semiurban,29,182554,749,1079091,36,No,38610,944550,0.211,1
APP-00376,36,Bachelor,Business,Married,0,Semiurban,12,279699,735,1888220,72,No,30300,1840288,0.108,1
APP-00377,64,Intermediate,Business,Married,2,Rural,41,252671,600,968277,60,No,17755,1574371,0.07,1
APP-00378,25,PhD,Self-employed,Married,2,Urban,3,130450,531,1125270,84,No,15882,607578,0.122,1
APP-00379,49,Master,Salaried,Married,4,Urban,22,196882,637,1646064,72,Yes,27150,789091,0.138,0
APP-00380,53,Intermediate,Salaried,Single,2,Semiurban,29,230457,563,771986,60,No,15310,1164149,0.066,1
APP-00381,63,Bachelor,Salaried,Married,2,Urban,37,205837,850,218920,12,No,20048,1669090,0.097,1
APP-00382,32,Intermediate,Unemployed,Single,3,Rural,4,41674,465,1641037,72,No,27617,11466,0.663,0
APP-00383,27,Master,Salaried,Married,0,Semiurban,3,147722,710,1930957,24,Yes,99856,1210847,0.676,1
APP-00384,33,Bachelor,Business,Single,1,Urban,11,91434,548,785493,36,No,26207,379430,0.287,1
APP-00385,48,Bachelor,Salaried,Married,0,Urban,24,210261,605,2756755,84,No,38337,1728350,0.182,1
APP-00386,58,Bachelor,Business,Married,1,Urban,35,214670,637,418953,48,No,10829,446048,0.05,1
APP-00387,61,Bachelor,Self-employed,Married,0,Urban,38,153994,658,101539,84,No,1500,322579,0.01,1
APP-00388,27,Master,Self-employed,Married,3,Urban,0,134922,665,867610,60,No,17775,916395,0.132,1
APP-00389,49,Intermediate,Business,Married,2,Semiurban,20,233506,620,910927,36,Yes,30593,1357203,0.131,0
APP-00390,22,Matric,Unemployed,Married,4,Semiurban,0,21411,644,741621,12,Yes,73129,86382,3.415,0
APP-00391,50,Master,Salaried,Single,3,Urban,28,253669,616,211361,84,No,3073,407172,0.012,1
APP-00392,38,Bachelor,Salaried,Single,1,Urban,14,175126,720,1821793,84,No,27363,487317,0.156,1
APP-00393,45,Bachelor,Self-employed,Married,4,Semiurban,17,171577,716,2304601,84,No,30746,82095,0.179,1
APP-00394,43,Master,Self-employed,Married,3,Urban,17,177500,637,2772762,48,Yes,64463,465433,0.363,0
APP-00395,49,Matric,Self-employed,Married,3,Semiurban,21,211044,417,581799,84,Yes,8758,1329251,0.041,1
APP-00396,41,Bachelor,Business,Married,1,Urban,17,117931,606,2465766,60,No,45269,527733,0.384,1
APP-00397,61,Bachelor,Self-employed,Married,0,Urban,34,177773,632,2819064,60,Yes,52055,1027497,0.293,1
APP-00398,56,Intermediate,Salaried,Single,3,Urban,34,120338,621,290285,84,No,3949,123978,0.033,1
APP-00399,48,Master,Salaried,Single,1,Urban,24,187850,661,1493453,36,No,53825,772178,0.287,1
APP-00400,28,Master,Salaried,Single,4,Urban,1,175443,649,2844686,60,No,53371,1275609,0.304,1
APP-00401,32,Bachelor,Salaried,Single,2,Urban,4,158225,686,2218194,60,No,45943,988582,0.29,1
APP-00402,38,Master,Salaried,Married,3,Semiurban,13,223417,626,2935623,72,No,48955,1709660,0.219,1
APP-00403,42,Master,Unemployed,Married,4,Urban,13,83578,694,2377226,48,Yes,58046,633773,0.695,0
APP-00404,63,Intermediate,Salaried,Single,1,Urban,40,205702,624,460306,36,No,16136,637122,0.078,1
APP-00405,27,Bachelor,Salaried,Single,4,Urban,4,89648,708,570192,72,No,8784,450420,0.098,1
APP-00406,48,Bachelor,Salaried,Single,2,Urban,26,134633,493,1102021,48,Yes,25256,799313,0.188,1
APP-00407,55,Bachelor,Business,Single,2,Urban,33,180291,776,726840,84,No,9388,1456395,0.052,1
APP-00408,54,Bachelor,Self-employed,Single,4,Semiurban,32,287327,585,2280943,72,Yes,35598,1935464,0.124,0
APP-00409,26,Intermediate,Unemployed,Married,0,Urban,0,28753,680,449115,72,No,6756,112780,0.235,1
APP-00410,51,PhD,Business,Single,4,Urban,23,366532,669,532206,84,No,7766,1537553,0.021,1
APP-00411,33,Matric,Self-employed,Married,2,Semiurban,8,61033,679,1849182,72,No,29043,387972,0.476,0
APP-00412,55,Matric,Business,Married,3,Urban,29,273678,513,1130451,84,Yes,16050,2270791,0.059,0
APP-00413,43,Bachelor,Business,Married,1,Urban,15,281239,638,1671480,48,Yes,43195,797163,0.154,1
APP-00414,26,Intermediate,Salaried,Single,0,Urban,2,90500,737,323034,48,Yes,7278,633982,0.08,1
APP-00415,24,PhD,Salaried,Married,3,Semiurban,0,187206,667,2742151,84,No,41090,1619425,0.219,1
APP-00416,36,Bachelor,Business,Single,4,Rural,11,337472,721,1005112,60,No,21452,2965478,0.064,1
APP-00417,45,Master,Salaried,Single,1,Semiurban,17,179052,636,486213,24,No,21902,426690,0.122,1
APP-00418,41,Matric,Unemployed,Married,3,Urban,14,60368,681,1109260,84,Yes,16310,157646,0.27,0
APP-00419,55,Master,Salaried,Single,4,Urban,31,175652,574,450068,72,No,7625,736499,0.043,1
APP-00420,61,Bachelor,Self-employed,Married,3,Urban,37,181773,624,1786622,84,No,27085,1186599,0.149,0
APP-00421,43,Bachelor,Salaried,Married,4,Semiurban,20,212325,677,2895766,36,No,91660,1112210,0.432,1
APP-00422,61,PhD,Salaried,Married,4,Urban,38,290191,704,254721,36,Yes,7902,146668,0.027,1
APP-00423,45,Master,Self-employed,Single,4,Urban,18,200340,707,557820,72,No,9164,287948,0.046,1
APP-00424,42,Intermediate,Salaried,Married,0,Urban,18,206153,625,787235,84,Yes,11179,240881,0.054,0
APP-00425,59,Matric,Business,Married,2,Semiurban,37,185131,740,549813,60,Yes,11554,1068213,0.062,1
APP-00426,53,Intermediate,Self-employed,Married,3,Urban,30,171323,586,372544,48,No,9609,1092472,0.056,0
APP-00427,26,Intermediate,Self-employed,Married,4,Semiurban,0,109537,640,2865841,24,No,140842,343936,1.286,0
APP-00428,63,Bachelor,Salaried,Single,1,Urban,35,146462,653,2626915,72,No,47340,351609,0.323,1
APP-00429,21,Matric,Salaried,Married,3,Urban,0,129000,746,789995,36,Yes,28305,102850,0.219,1
APP-00430,44,Matric,Self-employed,Married,2,Rural,20,131760,659,1603174,36,No,49928,744172,0.379,1
APP-00431,40,Bachelor,Self-employed,Single,2,Rural,13,206769,769,1936309,60,Yes,39950,1748614,0.193,1
APP-00432,64,Bachelor,Business,Married,1,Semiurban,41,253553,748,1695929,72,Yes,28090,2086259,0.111,1
APP-00433,63,Matric,Salaried,Single,2,Semiurban,41,129474,565,532941,60,No,11454,621533,0.088,1
APP-00434,22,Bachelor,Self-employed,Married,1,Semiurban,0,171631,597,786290,60,No,15241,1129510,0.089,1
APP-00435,33,Bachelor,Unemployed,Married,4,Semiurban,5,48518,607,310809,24,Yes,14296,252262,0.295,0
APP-00436,46,Master,Self-employed,Married,0,Rural,22,193337,832,1269694,48,Yes,33271,822934,0.172,1
APP-00437,21,Master,Unemployed,Married,1,Semiurban,0,67587,625,1335069,72,No,21012,227070,0.311,0
APP-00438,32,Master,Salaried,Single,0,Semiurban,3,162493,585,1366302,84,No,17959,102172,0.111,1
APP-00439,43,Intermediate,Salaried,Married,4,Urban,18,118891,662,2545738,48,No,58295,14136,0.49,0
APP-00440,44,Master,Salaried,Married,4,Semiurban,15,108384,559,365864,36,No,11742,695328,0.108,1
APP-00441,50,Master,Salaried,Married,0,Urban,21,177603,560,2133764,72,No,35914,404768,0.202,1
APP-00442,34,Intermediate,Salaried,Married,3,Semiurban,12,143850,730,2536300,24,Yes,120110,837150,0.835,0
APP-00443,57,PhD,Salaried,Single,0,Rural,29,186369,584,1318015,48,No,32609,385233,0.175,1
APP-00444,62,Matric,Business,Single,3,Semiurban,38,280052,758,1889639,72,No,32928,2426500,0.118,1
APP-00445,36,Master,Self-employed,Single,0,Urban,7,219733,812,2406907,24,No,121972,1357731,0.555,1
APP-00446,34,Master,Self-employed,Married,2,Semiurban,10,254696,655,2137171,24,Yes,106582,1169065,0.418,1
APP-00447,22,Master,Salaried,Single,3,Rural,0,95739,780,1830841,72,No,30321,239167,0.317,1
APP-00448,60,Intermediate,Business,Married,4,Urban,37,148656,812,453791,36,No,16318,873787,0.11,1
APP-00449,26,Intermediate,Business,Single,2,Semiurban,0,78659,516,1517191,84,Yes,21387,247103,0.272,0
APP-00450,26,Master,Salaried,Single,2,Semiurban,1,89091,626,2078745,72,No,35880,308254,0.403,0
APP-00451,49,Bachelor,Self-employed,Married,1,Urban,22,266166,728,2693398,60,No,57893,2136861,0.218,1
APP-00452,32,Bachelor,Business,Married,1,Semiurban,5,280438,700,1149458,60,Yes,22722,1039516,0.081,1
APP-00453,62,Master,Business,Married,0,Semiurban,36,235198,696,2750503,72,No,44017,1438926,0.187,1
APP-00454,32,Master,Business,Married,4,Rural,10,210266,714,123331,84,Yes,1613,915675,0.008,1
APP-00455,34,Intermediate,Business,Single,1,Semiurban,5,72220,696,696822,60,No,13826,23440,0.191,1
APP-00456,58,Master,Business,Married,4,Urban,31,204914,708,2861623,72,No,45762,1696647,0.223,1
APP-00457,26,Bachelor,Salaried,Married,1,Urban,0,103570,589,222989,12,No,23453,286393,0.226,1
APP-00458,46,Bachelor,Unemployed,Married,4,Rural,24,63434,428,1085663,36,Yes,36202,361136,0.571,0
APP-00459,54,Master,Salaried,Married,1,Urban,29,235656,645,534352,36,No,19185,1504201,0.081,1
APP-00460,56,Bachelor,Salaried,Married,4,Semiurban,34,268558,619,2920928,84,Yes,38286,829745,0.143,0
APP-00461,28,Bachelor,Self-employed,Single,4,Semiurban,5,219711,750,1831530,24,No,94900,491873,0.432,1
APP-00462,57,Bachelor,Salaried,Single,4,Urban,30,100999,614,353078,12,No,35542,165976,0.352,1
APP-00463,33,Bachelor,Salaried,Single,3,Urban,7,197119,581,2824903,72,No,45846,676978,0.233,1
APP-00464,41,Matric,Salaried,Single,4,Urban,14,182262,641,395901,84,No,5887,923475,0.032,1
APP-00465,62,Intermediate,Unemployed,Single,2,Semiurban,40,109915,552,717397,12,No,72911,407595,0.663,0
APP-00466,25,Intermediate,Salaried,Single,0,Semiurban,2,131164,556,856547,48,No,21739,546119,0.166,1
APP-00467,28,Bachelor,Salaried,Married,3,Urban,2,161864,543,2042517,12,No,220634,865953,1.363,0
APP-00468,45,Bachelor,Unemployed,Single,1,Urban,17,84357,661,1906242,36,No,63507,105864,0.753,0
APP-00469,61,Intermediate,Self-employed,Married,1,Urban,34,267568,599,635620,72,Yes,10096,926992,0.038,0
APP-00470,37,Master,Business,Single,1,Semiurban,8,338418,756,474842,24,No,23155,2387942,0.068,1
APP-00471,44,Intermediate,Salaried,Married,0,Rural,15,202391,623,1775190,48,No,47345,1491177,0.234,1
APP-00472,33,Intermediate,Self-employed,Single,3,Rural,5,149502,584,711796,12,No,69505,1332846,0.465,0
APP-00473,51,Master,Salaried,Married,4,Semiurban,28,101485,603,1516084,36,No,48177,733953,0.475,0
APP-00474,33,Intermediate,Salaried,Married,4,Urban,9,111359,733,1106891,60,Yes,20847,737467,0.187,1
APP-00475,24,Intermediate,Salaried,Single,2,Semiurban,0,82236,537,2312292,60,Yes,45438,482585,0.553,0
APP-00476,41,Master,Business,Married,3,Urban,12,332444,690,2751813,72,No,45120,937890,0.136,1
APP-00477,53,Bachelor,Salaried,Single,3,Semiurban,27,149282,726,244454,24,No,11752,264043,0.079,1
APP-00478,40,Intermediate,Salaried,Married,0,Semiurban,13,108555,592,1297442,72,No,22714,771058,0.209,1
APP-00479,60,Matric,Self-employed,Married,0,Rural,36,160045,675,1522533,12,Yes,146375,238300,0.915,0
APP-00480,43,Master,Salaried,Married,1,Urban,21,233030,739,593896,72,No,8934,1331902,0.038,1
APP-00481,56,Master,Salaried,Married,4,Semiurban,32,161098,682,2060220,24,No,97001,1427522,0.602,1
APP-00482,38,Bachelor,Self-employed,Married,0,Urban,15,185780,624,1038624,36,Yes,33360,725003,0.18,1
APP-00483,35,Master,Salaried,Married,1,Semiurban,10,206447,751,119156,12,Yes,11214,475536,0.054,1
APP-00484,52,Bachelor,Self-employed,Single,1,Rural,25,139113,732,2031184,72,Yes,34000,430661,0.244,1
APP-00485,27,Bachelor,Salaried,Married,1,Semiurban,2,73487,789,1811303,36,Yes,65039,569650,0.885,1
APP-00486,25,Master,Business,Married,0,Urban,0,235939,661,258998,72,No,3979,2013011,0.017,1
APP-00487,21,Matric,Business,Single,0,Semiurban,0,56523,779,254062,48,No,6387,286601,0.113,1
APP-00488,24,Intermediate,Unemployed,Single,1,Rural,0,23317,580,2754917,72,No,45466,169788,1.95,0
APP-00489,54,Bachelor,Salaried,Married,4,Semiurban,29,201241,554,1762805,36,No,63153,1727826,0.314,1
APP-00490,32,Bachelor,Salaried,Married,1,Urban,6,140982,671,2824915,24,No,132650,59476,0.941,1
APP-00491,29,PhD,Unemployed,Single,0,Semiurban,5,91774,459,2238421,36,No,72058,295291,0.785,0
APP-00492,60,Intermediate,Salaried,Married,3,Urban,34,183769,601,1789576,36,No,64546,1615196,0.351,0
APP-00493,22,Intermediate,Self-employed,Married,4,Semiurban,0,81481,746,581632,48,No,14144,259717,0.174,1
APP-00494,55,Master,Business,Married,3,Semiurban,31,274316,614,312204,24,Yes,15457,538168,0.056,1
APP-00495,54,Bachelor,Salaried,Single,3,Rural,31,196857,622,281413,12,No,29495,810981,0.15,1
APP-00496,45,Matric,Self-employed,Married,4,Semiurban,17,90528,796,946822,12,Yes,99512,281733,1.099,0
APP-00497,57,PhD,Salaried,Married,2,Rural,30,258141,673,132930,24,No,6577,2003384,0.025,1
APP-00498,25,Matric,Unemployed,Married,3,Semiurban,0,28403,504,1312980,72,No,20230,176340,0.712,0
APP-00499,54,Bachelor,Business,Married,4,Semiurban,28,191046,621,2685347,72,No,44087,154375,0.231,1
APP-00500,31,Matric,Self-employed,Married,3,Rural,9,84218,691,2484318,24,Yes,114717,184750,1.362,0
APP-00501,59,Master,Unemployed,Married,4,Rural,37,94543,564,688033,36,Yes,22590,403445,0.239,0
APP-00502,51,Intermediate,Salaried,Single,1,Semiurban,28,99571,620,2178937,60,Yes,44673,537340,0.449,0
APP-00503,58,Matric,Salaried,Single,4,Urban,30,180789,668,288674,36,No,10194,899694,0.056,1
APP-00504,36,Intermediate,Salaried,Single,4,Urban,8,180993,644,818730,24,No,39484,1506672,0.218,0
APP-00505,27,Intermediate,Self-employed,Married,1,Urban,0,67685,631,2669464,84,Yes,38006,71192,0.562,0
APP-00506,30,Matric,Salaried,Single,2,Semiurban,4,149708,757,2535296,72,Yes,42223,676110,0.282,1
APP-00507,44,Master,Salaried,Married,1,Rural,18,223302,749,2654728,60,No,49012,1996349,0.219,1
APP-00508,45,Intermediate,Salaried,Married,1,Urban,23,190829,555,2812188,12,Yes,269714,174404,1.413,0
APP-00509,38,Master,Salaried,Single,4,Urban,10,182458,752,1597850,72,No,28644,956803,0.157,1
APP-00510,50,Bachelor,Self-employed,Single,2,Rural,28,261514,682,856556,12,No,80414,1064153,0.307,1
APP-00511,44,Intermediate,Self-employed,Married,2,Urban,19,173068,710,2945376,84,No,43691,60755,0.252,1
APP-00512,25,Bachelor,Salaried,Married,0,Urban,1,74408,636,841067,60,No,15958,283945,0.214,1
APP-00513,57,Master,Salaried,Married,2,Urban,28,113388,705,367291,36,Yes,12187,291787,0.107,1
APP-00514,50,Intermediate,Salaried,Married,3,Urban,23,109870,614,1979573,60,No,38915,11132,0.354,0
APP-00515,57,Bachelor,Salaried,Married,4,Semiurban,31,202058,633,1673908,12,Yes,157351,34363,0.779,0
APP-00516,46,Intermediate,Salaried,Married,1,Semiurban,20,190250,715,2089690,72,No,35723,882377,0.188,1
APP-00517,40,Bachelor,Salaried,Married,1,Semiurban,17,197508,542,914468,48,No,23769,617337,0.12,1
APP-00518,63,Bachelor,Business,Married,1,Urban,41,265184,778,1672732,24,Yes,77765,1368990,0.293,1
APP-00519,49,Bachelor,Salaried,Married,4,Urban,21,97077,559,1562333,84,No,20798,241525,0.214,1
APP-00520,62,Bachelor,Business,Married,3,Rural,39,142665,722,2697979,12,Yes,254530,17265,1.784,0
APP-00521,25,Intermediate,Self-employed,Married,1,Semiurban,0,75420,663,1445649,84,No,19615,172434,0.26,1
APP-00522,50,Intermediate,Business,Married,4,Urban,28,212856,724,1701582,84,No,26016,703201,0.122,1
APP-00523,25,Intermediate,Salaried,Single,2,Semiurban,2,159415,799,1749734,36,No,53858,895621,0.338,1
APP-00524,33,Matric,Self-employed,Married,4,Semiurban,9,224424,773,683526,60,No,14584,520609,0.065,1
APP-00525,56,Master,Business,Married,0,Semiurban,27,312010,592,699649,24,No,32526,91171,0.104,1
APP-00526,39,Matric,Salaried,Single,4,Semiurban,13,192772,699,1460573,12,Yes,145513,606649,0.755,0
APP-00527,59,Bachelor,Business,Single,4,Urban,34,215724,687,776935,84,No,10470,442859,0.049,1
APP-00528,25,Bachelor,Salaried,Married,4,Rural,3,90758,659,374548,84,Yes,5430,439199,0.06,1
APP-00529,59,Bachelor,Salaried,Single,1,Semiurban,37,120573,798,1379898,72,No,23731,416491,0.197,1
APP-00530,37,Matric,Salaried,Single,0,Urban,9,132319,716,2050639,48,No,49671,117441,0.375,1
APP-00531,33,PhD,Self-employed,Single,2,Rural,7,140548,749,2079442,72,No,37117,997938,0.264,1
APP-00532,62,Bachelor,Salaried,Married,0,Rural,33,207149,620,1383531,48,Yes,35238,1458586,0.17,1
APP-00533,50,Bachelor,Salaried,Married,1,Rural,25,96308,550,551989,60,No,11418,675078,0.119,1
APP-00534,49,PhD,Unemployed,Single,1,Semiurban,25,112281,521,2804114,84,No,38538,60390,0.343,0
APP-00535,58,Intermediate,Self-employed,Married,0,Urban,30,259922,703,2509864,72,Yes,42431,1022884,0.163,1
APP-00536,21,Bachelor,Salaried,Married,1,Rural,0,95297,642,406604,84,No,5943,72119,0.062,1
APP-00537,23,Bachelor,Business,Married,0,Urban,0,220685,700,359418,24,No,16667,374446,0.076,1
APP-00538,59,Bachelor,Business,Married,1,Urban,32,235755,554,2042120,48,No,46082,1692964,0.195,1
APP-00539,25,PhD,Business,Married,0,Urban,0,128806,667,1348641,60,No,28061,1002281,0.218,1
APP-00540,23,Master,Business,Married,4,Semiurban,1,168646,601,2817956,24,Yes,141917,517750,0.842,0
APP-00541,23,Matric,Business,Single,4,Urban,0,275348,631,1599643,12,Yes,167869,75867,0.61,0
APP-00542,62,Intermediate,Salaried,Married,1,Semiurban,34,109509,641,1514119,12,Yes,156256,402575,1.427,0
APP-00543,33,PhD,Business,Married,3,Urban,8,349972,771,1562417,72,Yes,27573,2431188,0.079,1
APP-00544,36,Master,Salaried,Single,2,Urban,12,219697,685,1238452,24,No,66358,1445704,0.302,1
APP-00545,37,Bachelor,Unemployed,Married,4,Semiurban,14,59132,539,2147463,36,Yes,69719,215728,1.179,0
APP-00546,37,Matric,Self-employed,Married,2,Urban,13,90310,850,2521961,36,Yes,87574,288026,0.97,0
APP-00547,36,Matric,Business,Married,2,Semiurban,13,112995,712,1486511,12,Yes,148821,497947,1.317,0
APP-00548,41,Intermediate,Salaried,Single,4,Rural,18,206153,656,2426168,36,No,75839,1348971,0.368,0
APP-00549,58,Bachelor,Business,Single,1,Semiurban,34,377406,698,1708885,48,Yes,39887,2615822,0.106,1
APP-00550,51,Master,Salaried,Married,1,Urban,22,147193,783,1147738,48,Yes,30681,1177213,0.208,1
APP-00551,57,Master,Self-employed,Single,0,Semiurban,34,237433,654,152066,12,Yes,14754,1074714,0.062,1
APP-00552,59,Bachelor,Self-employed,Married,3,Semiurban,34,129270,671,1539641,60,Yes,29483,724995,0.228,1
APP-00553,42,Bachelor,Self-employed,Married,1,Semiurban,19,245856,481,741462,48,No,17006,554653,0.069,1
APP-00554,55,Intermediate,Salaried,Married,1,Rural,33,178440,623,1456948,12,No,135259,984303,0.758,0
APP-00555,43,Master,Business,Married,1,Semiurban,17,318830,553,283024,12,No,25754,2167098,0.081,1
APP-00556,26,Bachelor,Unemployed,Single,3,Urban,0,37765,546,773616,24,Yes,38352,159725,1.016,0
APP-00557,34,Bachelor,Unemployed,Married,0,Rural,9,50602,578,2329537,72,Yes,42060,151002,0.831,0
APP-00558,38,Bachelor,Salaried,Married,2,Rural,13,128545,713,2570562,12,No,267510,1111595,2.081,1
APP-00559,38,Bachelor,Salaried,Single,0,Semiurban,11,90774,678,1664547,84,Yes,22930,589844,0.253,1
APP-00560,54,Master,Self-employed,Married,1,Urban,27,126914,704,2294621,24,Yes,111235,741188,0.876,1
APP-00561,58,Bachelor,Business,Married,3,Rural,33,153326,674,1816473,60,No,38312,740351,0.25,1
APP-00562,31,Master,Business,Married,1,Rural,2,96909,723,1263473,36,No,39210,126908,0.405,1
APP-00563,45,Bachelor,Self-employed,Single,2,Urban,20,151520,656,1694441,24,No,82467,320258,0.544,1
APP-00564,48,Bachelor,Salaried,Married,2,Rural,22,192369,661,409963,72,Yes,7378,906618,0.038,1
APP-00565,60,Master,Unemployed,Married,0,Urban,35,114404,517,2967911,84,No,40146,286923,0.351,1
APP-00566,26,Intermediate,Business,Married,0,Semiurban,1,209961,685,167359,84,Yes,2532,1335831,0.012,1
APP-00567,62,Intermediate,Business,Married,2,Urban,39,204171,591,2819713,72,No,44979,906650,0.22,1
APP-00568,55,Bachelor,Salaried,Single,0,Rural,33,144872,687,983435,72,No,17301,217580,0.119,1
APP-00569,53,Bachelor,Salaried,Single,0,Semiurban,28,144932,850,309720,12,Yes,30295,928472,0.209,1
APP-00570,61,Bachelor,Salaried,Married,0,Rural,37,215353,724,2731732,12,Yes,258031,533238,1.198,1
APP-00571,24,Master,Salaried,Single,4,Urban,0,169083,777,329171,12,No,30066,993061,0.178,1
APP-00572,31,Master,Salaried,Married,0,Semiurban,2,160984,650,2224349,72,No,39947,118775,0.248,1
APP-00573,61,Bachelor,Salaried,Married,3,Urban,38,209502,536,2322494,84,No,32631,497707,0.156,1
APP-00574,47,Bachelor,Salaried,Married,4,Urban,19,88503,693,521743,84,No,7633,592296,0.086,1
APP-00575,41,Intermediate,Salaried,Single,2,Semiurban,15,127730,738,2064078,24,No,101579,379061,0.795,1
APP-00576,59,Bachelor,Self-employed,Single,2,Urban,33,229164,804,1853897,12,No,181905,1741821,0.794,1
APP-00577,28,PhD,Self-employed,Married,4,Urban,0,108932,681,1204399,24,No,54857,746786,0.504,1
APP-00578,49,Matric,Salaried,Married,1,Urban,27,166659,638,2309375,72,No,41100,936097,0.247,1
APP-00579,64,Bachelor,Salaried,Single,0,Urban,40,164733,619,1003923,48,Yes,25907,829593,0.157,1
APP-00580,32,Bachelor,Self-employed,Married,2,Urban,6,102690,690,724860,72,No,12045,279357,0.117,1
APP-00581,40,Master,Self-employed,Married,1,Urban,16,171804,688,437530,72,Yes,7300,1194801,0.042,1
APP-00582,27,Matric,Unemployed,Married,3,Rural,4,42209,464,2810739,36,No,90287,292751,2.139,0
APP-00583,50,PhD,Self-employed,Single,1,Semiurban,28,143053,538,1429328,24,No,74360,1019622,0.52,0
APP-00584,31,Master,Business,Married,2,Semiurban,4,218621,701,272903,72,Yes,4533,1762276,0.021,1
APP-00585,23,Matric,Salaried,Single,0,Rural,0,107178,622,1020243,48,No,24749,248886,0.231,1
APP-00586,32,Matric,Self-employed,Married,0,Urban,6,114027,632,528670,72,No,8777,299372,0.077,1
APP-00587,27,Bachelor,Self-employed,Married,2,Rural,4,95482,621,2771695,36,No,97956,801841,1.026,0
APP-00588,51,Master,Business,Married,4,Urban,25,337277,728,1715270,12,No,156470,2217312,0.464,1
APP-00589,64,Master,Business,Married,0,Rural,39,281859,636,1868407,72,No,29887,941398,0.106,1
APP-00590,59,Bachelor,Salaried,Single,0,Rural,35,212733,740,2059484,48,No,48873,856278,0.23,1
APP-00591,45,Bachelor,Salaried,Single,0,Rural,23,161258,626,2926176,48,Yes,65952,1143009,0.409,1
APP-00592,34,Bachelor,Self-employed,Married,4,Semiurban,6,128841,584,1041208,24,No,50704,880229,0.394,0
APP-00593,24,Master,Salaried,Single,3,Urban,0,172390,569,789197,84,Yes,11607,509471,0.067,1
APP-00594,49,PhD,Salaried,Married,0,Rural,24,189951,645,728373,48,Yes,17758,1167260,0.093,1
APP-00595,25,Master,Salaried,Single,4,Urban,2,201945,664,1450093,24,Yes,65641,288187,0.325,1
APP-00596,63,Matric,Salaried,Single,3,Semiurban,41,227615,677,2591721,60,No,47877,1032405,0.21,1
APP-00597,44,Bachelor,Business,Single,2,Semiurban,19,142184,578,860956,72,No,14026,841431,0.099,1
APP-00598,44,Bachelor,Salaried,Single,2,Semiurban,15,138148,618,987977,72,No,17063,539862,0.124,1
APP-00599,56,Matric,Salaried,Married,2,Urban,31,142433,665,1996424,72,Yes,32429,46069,0.228,1
APP-00600,63,Master,Salaried,Married,3,Urban,35,245703,594,2341105,12,No,224460,903441,0.914,0
APP-00601,54,Bachelor,Salaried,Married,4,Urban,30,129973,702,2021792,36,No,70641,296268,0.544,0
APP-00602,44,Bachelor,Self-employed,Married,3,Semiurban,19,101416,724,1233859,24,Yes,58309,100135,0.575,0
APP-00603,51,Master,Salaried,Single,4,Rural,23,214899,849,723538,84,No,9336,1748268,0.043,1
APP-00604,37,Intermediate,Business,Single,1,Semiurban,14,181944,724,1055083,60,No,21610,812207,0.119,1
APP-00605,52,Intermediate,Self-employed,Married,3,Urban,29,183334,752,1106152,72,Yes,17495,1441907,0.095,1
APP-00606,60,Bachelor,Salaried,Married,0,Semiurban,34,141325,690,2137998,72,No,33577,786644,0.238,1
APP-00607,57,Matric,Salaried,Married,3,Urban,29,100575,634,1264650,36,No,45153,500391,0.449,1
APP-00608,57,Intermediate,Self-employed,Married,1,Urban,32,200842,702,2778306,72,Yes,48991,263564,0.244,1
APP-00609,21,Bachelor,Self-employed,Married,1,Urban,0,126693,546,104331,12,No,10249,222854,0.081,1
APP-00610,29,Bachelor,Salaried,Married,1,Semiurban,4,151298,676,2608963,60,Yes,49183,609559,0.325,1
APP-00611,56,Intermediate,Self-employed,Single,1,Semiurban,27,127457,734,1350844,36,Yes,43106,1096985,0.338,1
APP-00612,59,Bachelor,Business,Married,0,Semiurban,36,338269,714,277216,24,Yes,12745,2546015,0.038,1
APP-00613,48,Bachelor,Business,Married,0,Semiurban,20,329281,848,2174722,24,No,108535,1356879,0.33,1
APP-00614,29,Master,Salaried,Married,1,Rural,6,186460,750,193476,72,Yes,2934,1359987,0.016,1
APP-00615,45,PhD,Salaried,Married,3,Urban,21,125682,579,1624061,24,No,76019,691065,0.605,1
APP-00616,21,Master,Salaried,Married,2,Urban,0,181023,703,1299217,12,Yes,126225,588725,0.697,1
APP-00617,31,Master,Salaried,Married,0,Semiurban,5,216088,551,2016749,24,Yes,106561,1203582,0.493,0
APP-00618,39,Master,Unemployed,Single,1,Semiurban,13,80986,615,2529495,36,No,89936,22818,1.111,0
APP-00619,62,Intermediate,Salaried,Married,0,Urban,40,164710,632,1888702,48,No,47862,1063498,0.291,1
APP-00620,22,Bachelor,Salaried,Married,2,Urban,0,168319,602,2862594,24,No,151238,17086,0.899,0
APP-00621,34,Matric,Unemployed,Single,1,Urban,7,28234,604,1465265,60,No,30860,125981,1.093,0
APP-00622,51,Bachelor,Salaried,Married,0,Semiurban,28,224689,628,755362,60,Yes,14323,444174,0.064,1
APP-00623,56,Bachelor,Business,Married,3,Urban,34,355811,687,862803,48,Yes,20913,2921898,0.059,1
APP-00624,60,Bachelor,Salaried,Single,1,Urban,33,189687,834,2426344,72,No,41570,262313,0.219,1
APP-00625,33,Bachelor,Business,Married,0,Urban,5,131800,742,1616925,72,No,25785,908760,0.196,1
APP-00626,34,Bachelor,Self-employed,Married,3,Urban,8,203079,610,1533331,72,Yes,23033,277531,0.113,1
APP-00627,36,Bachelor,Self-employed,Married,1,Rural,9,182725,695,1035709,60,No,22264,97566,0.122,1
APP-00628,48,Bachelor,Salaried,Married,3,Semiurban,21,205699,828,2154300,48,No,55864,1247976,0.272,1
APP-00629,44,Master,Salaried,Married,4,Urban,22,207011,637,1140444,36,Yes,37493,632863,0.181,0
APP-00630,35,Intermediate,Self-employed,Married,0,Urban,13,87100,802,2007266,48,No,51656,179446,0.593,1
APP-00631,47,Bachelor,Salaried,Married,1,Urban,25,182184,598,1138457,48,No,26485,938665,0.145,1
APP-00632,43,Matric,Salaried,Single,4,Semiurban,15,132518,759,1762656,84,Yes,24092,791704,0.182,1
APP-00633,60,Bachelor,Self-employed,Single,4,Semiurban,32,210778,579,2722819,24,No,137147,1479416,0.651,0
APP-00634,64,Bachelor,Salaried,Married,0,Rural,40,212355,626,1046301,84,No,16008,877838,0.075,1
APP-00635,55,Bachelor,Self-employed,Married,0,Semiurban,30,193568,747,1530024,72,No,25243,516289,0.13,1
APP-00636,22,Matric,Self-employed,Single,1,Urban,0,176776,844,134012,72,No,2063,517730,0.012,1
APP-00637,22,Intermediate,Self-employed,Married,0,Urban,0,101190,817,1000542,24,No,47055,819052,0.465,1
APP-00638,24,Master,Business,Married,2,Urban,0,198766,622,2853915,24,Yes,129288,1228284,0.65,0
APP-00639,42,Master,Salaried,Married,0,Semiurban,14,208964,619,2723229,72,Yes,47824,1819838,0.229,1
APP-00640,26,Master,Salaried,Married,4,Semiurban,0,87357,634,263944,12,No,24939,603391,0.285,1
APP-00641,59,Bachelor,Self-employed,Married,1,Urban,34,135066,656,2203627,48,Yes,57705,251382,0.427,0
APP-00642,48,Master,Self-employed,Married,1,Semiurban,20,99086,583,899288,60,No,17257,242298,0.174,1
APP-00643,27,Master,Self-employed,Single,4,Rural,4,126565,677,564710,12,No,58446,1083120,0.462,1
APP-00644,51,Bachelor,Business,Married,4,Urban,26,121191,827,1999955,60,No,40807,14507,0.337,1
APP-00645,54,Master,Salaried,Married,2,Rural,25,166822,820,1317745,48,No,33449,414470,0.201,1
APP-00646,29,Intermediate,Self-employed,Married,4,Semiurban,0,107306,691,2109386,84,No,32020,756258,0.298,1
APP-00647,47,Master,Self-employed,Married,2,Semiurban,24,184691,646,727395,24,Yes,34253,1506030,0.185,0
APP-00648,22,Master,Self-employed,Married,3,Urban,0,192769,685,2808668,72,No,49079,1663634,0.255,1
APP-00649,61,PhD,Self-employed,Married,4,Urban,35,310110,772,1407981,12,No,150339,1641570,0.485,1
APP-00650,51,Bachelor,Self-employed,Married,4,Semiurban,23,169729,702,1755464,72,No,29612,1374170,0.174,1
APP-00651,37,Master,Salaried,Married,3,Rural,12,191322,647,1385979,60,Yes,29887,26105,0.156,0
APP-00652,38,Bachelor,Salaried,Single,1,Urban,14,164082,738,1156504,84,Yes,16726,648902,0.102,1
APP-00653,45,Intermediate,Salaried,Married,1,Semiurban,17,206350,693,1229636,36,Yes,37242,395114,0.18,1
APP-00654,21,Bachelor,Salaried,Married,3,Semiurban,0,64372,688,1604329,72,No,26001,545888,0.404,1
APP-00655,46,Master,Business,Married,4,Urban,17,131100,698,1824620,84,No,25020,1025582,0.191,1
APP-00656,47,Bachelor,Self-employed,Single,0,Urban,24,139870,667,2557856,48,No,69188,10037,0.495,1
APP-00657,46,PhD,Salaried,Married,0,Urban,20,226863,677,2382373,36,Yes,73016,463400,0.322,1
APP-00658,52,Master,Business,Married,1,Urban,29,349502,554,306384,72,No,4633,2765475,0.013,1
APP-00659,23,Bachelor,Business,Married,4,Semiurban,0,102813,488,1296278,84,No,16684,215591,0.162,1
APP-00660,36,Intermediate,Salaried,Married,2,Urban,9,72594,517,2794749,24,No,146601,498121,2.019,1
APP-00661,32,Matric,Salaried,Single,4,Urban,5,164987,678,1197034,24,No,56804,361637,0.344,1
APP-00662,63,Intermediate,Salaried,Married,0,Urban,34,123595,669,1394416,24,No,74837,453035,0.606,1
APP-00663,64,Bachelor,Business,Married,1,Rural,39,367386,680,2681692,36,No,82182,3072138,0.224,1
APP-00664,62,Bachelor,Salaried,Married,1,Urban,37,130092,538,1624616,24,No,83292,493157,0.64,0
APP-00665,43,Bachelor,Business,Single,0,Semiurban,20,276483,831,2879060,48,Yes,65591,1680930,0.237,1
APP-00666,46,Intermediate,Salaried,Single,2,Urban,19,176504,721,601994,24,No,28286,773043,0.16,1
APP-00667,44,Bachelor,Salaried,Married,2,Semiurban,16,89419,485,1861331,72,Yes,31010,325315,0.347,0
APP-00668,64,Bachelor,Salaried,Married,0,Semiurban,35,148040,532,1936082,60,Yes,38784,1268062,0.262,1
APP-00669,64,Matric,Business,Married,2,Semiurban,40,95776,626,883930,12,No,79927,87442,0.835,0
APP-00670,57,Bachelor,Salaried,Married,2,Rural,33,163756,618,1068410,36,No,38291,511935,0.234,1
APP-00671,43,Bachelor,Salaried,Single,3,Semiurban,17,115488,641,1040325,36,No,35049,548606,0.303,1
APP-00672,23,Master,Salaried,Married,0,Semiurban,1,140343,710,664365,12,No,70772,1013852,0.504,1
APP-00673,32,Intermediate,Self-employed,Single,1,Semiurban,4,183624,696,516460,84,Yes,7795,133351,0.042,1
APP-00674,61,Bachelor,Self-employed,Married,4,Semiurban,33,134643,432,2891671,72,No,51869,681810,0.385,0
APP-00675,27,Matric,Self-employed,Single,4,Semiurban,0,126748,742,1015767,12,Yes,102659,877424,0.81,0
APP-00676,48,Matric,Business,Married,4,Semiurban,22,172948,759,1148025,24,No,57569,69155,0.333,1
APP-00677,46,Bachelor,Salaried,Married,2,Urban,18,119548,717,1775259,48,No,42948,327545,0.359,1
APP-00678,36,Bachelor,Self-employed,Married,2,Semiurban,7,116690,712,2935142,60,Yes,55762,557860,0.478,0
APP-00679,45,Master,Salaried,Married,2,Urban,17,128487,682,1916344,72,Yes,29868,789521,0.232,1
APP-00680,40,Matric,Business,Married,1,Urban,17,304325,628,1082099,72,Yes,18558,1560642,0.061,1
APP-00681,46,Intermediate,Salaried,Married,4,Semiurban,17,119408,684,1158783,84,No,17130,943730,0.143,1
APP-00682,52,PhD,Salaried,Married,3,Rural,24,154500,641,1157975,84,No,15337,955161,0.099,1
APP-00683,47,Bachelor,Unemployed,Single,4,Rural,22,61492,527,1007272,24,Yes,46436,358152,0.755,0
APP-00684,28,Matric,Self-employed,Married,1,Rural,0,84304,686,1402970,36,Yes,49378,113088,0.586,0
APP-00685,21,Master,Business,Single,0,Rural,0,127678,692,287486,84,No,4376,376590,0.034,1
APP-00686,27,Intermediate,Salaried,Married,2,Urban,0,77622,602,1060655,24,No,48221,54772,0.621,0
APP-00687,45,Bachelor,Salaried,Married,1,Rural,19,97180,835,267403,60,No,4955,457185,0.051,1
APP-00688,49,Bachelor,Salaried,Single,4,Urban,21,155984,752,2930095,72,No,44365,1321414,0.284,1
APP-00689,42,PhD,Salaried,Married,4,Urban,13,180685,770,1756455,36,No,60769,81939,0.336,1
APP-00690,33,Master,Salaried,Married,2,Semiurban,5,100029,608,923837,36,No,29733,366440,0.297,1
APP-00691,36,Intermediate,Self-employed,Married,2,Rural,10,118750,713,1258496,24,Yes,67761,920294,0.571,0
APP-00692,23,Intermediate,Salaried,Married,1,Urban,0,50399,584,2570373,84,No,37887,281772,0.752,0
APP-00693,48,Bachelor,Salaried,Married,0,Urban,26,117526,640,379916,84,Yes,5570,996275,0.047,1
APP-00694,40,Bachelor,Salaried,Married,2,Rural,14,118610,733,1699826,84,No,24322,126189,0.205,1
APP-00695,51,Master,Salaried,Married,4,Semiurban,23,231263,628,2673338,72,Yes,45779,229073,0.198,0
APP-00696,33,Matric,Self-employed,Single,2,Semiurban,9,224013,760,1915599,48,No,46802,78304,0.209,1
APP-00697,63,Intermediate,Salaried,Single,3,Rural,38,162593,699,2866394,60,No,59235,1059671,0.364,1
APP-00698,57,Master,Salaried,Single,0,Semiurban,28,212487,798,683072,72,No,11425,1085373,0.054,1
APP-00699,38,Intermediate,Self-employed,Single,2,Urban,11,85164,708,2163356,12,No,220855,18625,2.593,0
APP-00700,33,Master,Business,Married,1,Urban,5,274036,569,1077362,60,Yes,21883,112537,0.08,0
APP-00701,26,Intermediate,Self-employed,Married,2,Rural,0,79787,584,1776373,24,No,88083,551440,1.104,0
APP-00702,39,Bachelor,Salaried,Single,0,Semiurban,13,102392,612,1621093,12,Yes,150788,791675,1.473,0
APP-00703,36,Intermediate,Self-employed,Married,0,Semiurban,8,89545,711,599755,48,No,15815,760310,0.177,1
APP-00704,38,Bachelor,Salaried,Married,1,Urban,16,146099,662,581809,72,No,9404,1002934,0.064,1
APP-00705,55,Bachelor,Salaried,Married,4,Semiurban,28,122266,524,2351347,60,Yes,45888,645779,0.375,0
APP-00706,21,Bachelor,Salaried,Married,2,Rural,0,172845,688,2463319,60,Yes,51752,1226383,0.299,1
APP-00707,36,PhD,Salaried,Married,4,Rural,13,141717,541,2740955,36,No,87182,218106,0.615,0
APP-00708,22,Bachelor,Self-employed,Married,1,Urban,0,92215,524,2197951,24,Yes,102593,541313,1.113,0
APP-00709,24,Bachelor,Salaried,Single,3,Urban,0,178014,695,2065425,60,No,40477,664229,0.227,1
APP-00710,26,Matric,Salaried,Married,1,Semiurban,0,81553,627,1937986,48,No,45470,184698,0.558,0
APP-00711,57,Bachelor,Self-employed,Married,0,Urban,28,222624,711,678843,24,Yes,36126,1118837,0.162,1
APP-00712,32,Bachelor,Salaried,Married,0,Urban,4,79170,720,960075,60,Yes,17438,296543,0.22,1
APP-00713,43,Intermediate,Unemployed,Married,2,Urban,18,64851,544,1264638,60,No,23590,382598,0.364,0
APP-00714,37,Master,Business,Married,3,Rural,12,220050,621,2867203,24,No,149242,195964,0.678,0
APP-00715,35,PhD,Business,Single,0,Rural,8,338438,521,2130871,60,Yes,41195,1646617,0.122,1
APP-00716,61,Bachelor,Business,Married,2,Semiurban,39,130535,545,2246962,24,No,102416,26375,0.785,0
APP-00717,58,Bachelor,Salaried,Married,4,Urban,30,234785,723,412051,48,Yes,11125,1887631,0.047,1
APP-00718,64,Matric,Self-employed,Married,4,Semiurban,38,127288,561,2573722,84,Yes,33332,716376,0.262,0
APP-00719,61,Matric,Salaried,Married,4,Urban,38,199554,590,1767391,84,No,26343,1131470,0.132,1
APP-00720,55,Master,Salaried,Married,0,Rural,29,195378,582,2004514,60,No,37621,1086419,0.193,1
APP-00721,40,Master,Business,Married,2,Semiurban,18,234065,623,2374284,36,No,72568,779822,0.31,1
APP-00722,22,Bachelor,Salaried,Married,1,Semiurban,0,138184,440,2492001,84,No,37282,138501,0.27,1
APP-00723,64,Bachelor,Business,Married,2,Semiurban,38,178986,610,501468,12,No,52271,1557334,0.292,1
APP-00724,64,Intermediate,Business,Married,2,Urban,41,224036,667,2236919,60,No,47278,1203481,0.211,1
APP-00725,32,Bachelor,Salaried,Married,0,Semiurban,4,142909,715,441447,60,No,9096,339205,0.064,1
APP-00726,39,Bachelor,Salaried,Single,3,Rural,17,92469,613,1711589,48,No,39947,780008,0.432,1
APP-00727,59,Intermediate,Self-employed,Single,0,Rural,31,117244,606,2864630,48,No,70173,233009,0.599,0
APP-00728,46,Bachelor,Unemployed,Married,2,Urban,23,75187,724,1654473,60,No,32729,273894,0.435,1
APP-00729,37,Bachelor,Salaried,Married,3,Urban,12,202569,769,2058979,36,No,64785,209756,0.32,1
APP-00730,49,Master,Salaried,Single,2,Rural,22,226081,658,1378283,12,No,133871,234839,0.592,1
APP-00731,24,Bachelor,Self-employed,Single,1,Urban,0,120649,775,1997465,48,No,47737,481466,0.396,1
APP-00732,37,Master,Self-employed,Married,4,Urban,10,103350,728,1074645,48,No,26789,836641,0.259,1
APP-00733,41,Matric,Salaried,Single,1,Rural,17,184554,669,1004498,48,Yes,24996,1015771,0.135,1
APP-00734,58,Intermediate,Salaried,Married,4,Semiurban,32,120156,637,2340604,48,No,58445,670457,0.486,0
APP-00735,62,Bachelor,Self-employed,Married,3,Rural,36,280085,629,1781594,84,Yes,25398,2413324,0.091,0
APP-00736,60,Bachelor,Salaried,Married,2,Rural,36,176719,657,1539918,60,Yes,28233,106950,0.16,1
APP-00737,55,Matric,Self-employed,Married,0,Urban,29,104332,712,2450008,24,No,116721,731927,1.119,1
APP-00738,63,Bachelor,Self-employed,Married,3,Urban,37,145790,527,2801433,36,No,89697,845358,0.615,0
APP-00739,26,Bachelor,Salaried,Married,2,Semiurban,4,111593,755,1687916,72,No,26812,230375,0.24,1
APP-00740,52,Master,Self-employed,Married,4,Semiurban,25,169617,737,1965993,60,Yes,41232,135702,0.243,1
APP-00741,49,PhD,Salaried,Married,1,Urban,24,209843,781,874508,48,No,23274,1238736,0.111,1
APP-00742,55,Intermediate,Salaried,Single,4,Urban,33,120375,479,1120669,36,Yes,36652,446282,0.304,0
APP-00743,24,Matric,Self-employed,Single,2,Semiurban,0,155520,668,2104676,84,No,29044,231668,0.187,1
APP-00744,55,Bachelor,Unemployed,Married,4,Semiurban,30,93820,487,2508359,84,Yes,33104,88343,0.353,0
APP-00745,51,Master,Self-employed,Married,3,Rural,27,162880,747,2823172,48,Yes,71433,1000534,0.439,0
APP-00746,34,Matric,Self-employed,Married,1,Semiurban,10,135850,655,2551550,24,No,118120,352368,0.869,1
APP-00747,44,Bachelor,Salaried,Married,4,Semiurban,22,174485,766,1730969,36,Yes,59040,300699,0.338,1
APP-00748,30,Matric,Self-employed,Married,4,Urban,5,34731,567,912902,24,No,45092,147405,1.298,0
APP-00749,32,Bachelor,Business,Single,2,Rural,10,120017,634,2406648,72,No,41591,616782,0.347,1
APP-00750,59,Intermediate,Business,Single,4,Urban,37,231673,595,776503,36,Yes,27580,1990259,0.119,0
APP-00751,34,Intermediate,Salaried,Married,1,Urban,8,104849,580,1720496,12,Yes,169436,696136,1.616,0
APP-00752,63,Matric,Unemployed,Married,2,Urban,34,72388,648,687371,84,No,9623,631839,0.133,0
APP-00753,29,Matric,Salaried,Married,0,Semiurban,6,58599,594,1530360,60,No,33156,187175,0.566,0
APP-00754,36,Bachelor,Unemployed,Married,4,Urban,11,54280,580,2631910,24,No,121164,359760,2.232,0
APP-00755,51,Intermediate,Self-employed,Married,2,Rural,24,118013,684,2622183,12,No,252374,949479,2.139,0
APP-00756,43,Bachelor,Self-employed,Single,4,Rural,18,69428,560,2870283,72,No,43845,258966,0.632,0
APP-00757,26,Intermediate,Salaried,Married,1,Urban,0,152283,749,2549711,12,Yes,274200,64708,1.801,1
APP-00758,46,Bachelor,Salaried,Married,2,Urban,19,120832,447,1143840,48,No,27540,274491,0.228,1
APP-00759,43,Bachelor,Salaried,Married,1,Urban,19,209699,734,2418020,84,No,34085,124427,0.163,1
APP-00760,26,Master,Salaried,Single,3,Urban,2,198383,605,1645140,60,No,29998,565943,0.151,1
APP-00761,34,Master,Business,Married,0,Semiurban,8,293478,614,965048,84,No,13065,2527728,0.045,1
APP-00762,36,Intermediate,Unemployed,Single,0,Rural,13,54810,497,1267574,24,No,65007,438583,1.186,0
APP-00763,34,Intermediate,Business,Married,3,Semiurban,10,107858,685,1829504,36,No,55137,377375,0.511,1
APP-00764,40,Intermediate,Self-employed,Married,4,Urban,14,82888,777,1708678,72,Yes,30622,401637,0.369,0
APP-00765,33,Intermediate,Salaried,Married,3,Urban,8,135535,657,536700,72,Yes,9473,350641,0.07,1
APP-00766,44,Bachelor,Self-employed,Married,0,Urban,18,250390,574,448405,12,No,41617,1772204,0.166,1
APP-00767,42,Bachelor,Self-employed,Married,2,Semiurban,13,248385,794,443275,72,No,6990,1933921,0.028,1
APP-00768,40,Intermediate,Business,Single,4,Semiurban,12,180116,770,2670202,48,No,69642,1549998,0.387,1
APP-00769,60,Bachelor,Salaried,Married,3,Semiurban,38,220872,704,2283484,24,No,108729,1314116,0.492,1
APP-00770,54,Bachelor,Unemployed,Married,3,Semiurban,29,105619,492,1927791,48,No,50470,504509,0.478,0
APP-00771,49,Matric,Salaried,Single,1,Urban,24,207414,584,2863049,36,No,97781,865566,0.471,1
APP-00772,24,Bachelor,Salaried,Married,0,Semiurban,0,169780,606,2228068,36,No,71125,33259,0.419,1
APP-00773,50,Bachelor,Salaried,Single,3,Rural,25,188034,694,737547,24,No,35518,94179,0.189,1
APP-00774,46,Bachelor,Unemployed,Married,2,Urban,23,82234,556,545544,24,No,28537,343838,0.347,0
APP-00775,39,Matric,Unemployed,Married,1,Urban,14,47042,757,2655280,84,No,37759,64766,0.803,0
APP-00776,51,Master,Salaried,Single,4,Urban,28,240813,811,2402611,72,No,38752,885094,0.161,1
APP-00777,21,Bachelor,Salaried,Married,0,Urban,0,118115,650,646363,24,Yes,32667,740076,0.277,1
APP-00778,46,Master,Salaried,Married,1,Rural,18,181791,702,1749258,36,No,58418,1139298,0.321,1
APP-00779,47,Bachelor,Business,Married,0,Semiurban,19,171689,612,1547031,24,No,75857,1371606,0.442,1
APP-00780,32,Bachelor,Salaried,Married,1,Semiurban,6,162501,508,357471,72,No,6341,1167593,0.039,1
APP-00781,22,Bachelor,Self-employed,Married,2,Rural,0,173066,850,2007798,48,No,47496,798525,0.274,1
APP-00782,48,Master,Salaried,Single,3,Urban,25,247465,677,2343227,36,Yes,76008,459110,0.307,1
APP-00783,33,Bachelor,Business,Single,1,Urban,7,111315,584,484533,60,Yes,8876,223092,0.08,1
APP-00784,53,Master,Unemployed,Married,3,Urban,28,129347,648,2475253,48,No,59357,858352,0.459,0
APP-00785,57,Bachelor,Business,Married,0,Urban,31,144364,732,2393474,60,No,50885,56023,0.352,1
APP-00786,64,Intermediate,Self-employed,Married,0,Rural,38,181880,779,2216811,24,Yes,116667,1485378,0.641,1
APP-00787,44,Bachelor,Salaried,Married,2,Rural,15,88075,624,603623,84,No,8206,647816,0.093,0
APP-00788,28,Intermediate,Self-employed,Married,4,Urban,2,221228,617,1282200,24,No,59456,1400530,0.269,1
APP-00789,23,Intermediate,Salaried,Married,4,Semiurban,1,164622,718,2129122,36,No,66872,690917,0.406,1
APP-00790,50,Bachelor,Salaried,Single,4,Rural,25,185162,720,1330420,12,Yes,129459,1001120,0.699,1
APP-00791,51,Matric,Salaried,Married,1,Semiurban,23,92768,712,541259,24,Yes,26099,806787,0.281,1
APP-00792,49,Matric,Salaried,Married,1,Semiurban,25,132401,642,1406884,48,No,37874,131701,0.286,1
APP-00793,52,Bachelor,Business,Single,3,Rural,23,132824,644,2190923,24,Yes,103778,555389,0.781,0
APP-00794,34,Master,Salaried,Married,2,Urban,8,119049,523,2282931,84,Yes,32856,349974,0.276,1
APP-00795,59,Bachelor,Salaried,Married,0,Semiurban,33,131492,629,2915263,48,No,69989,584679,0.532,0
APP-00796,32,Bachelor,Business,Single,4,Semiurban,3,302117,699,1281597,84,Yes,19106,1115523,0.063,1
APP-00797,54,Bachelor,Salaried,Married,0,Rural,29,139162,671,1258175,36,Yes,38090,834356,0.274,1
APP-00798,42,Master,Business,Married,3,Urban,16,229029,615,2181530,48,No,57254,735735,0.25,1
APP-00799,31,Intermediate,Business,Married,1,Urban,4,89982,538,556610,12,Yes,57404,599643,0.638,0
APP-00800,25,Bachelor,Salaried,Married,3,Semiurban,0,129442,473,1976343,48,No,51033,560104,0.394,1
APP-00801,24,Matric,Salaried,Married,3,Semiurban,0,84695,614,2077165,60,Yes,44565,552740,0.526,0
APP-00802,22,Master,Salaried,Married,1,Semiurban,0,88170,741,1191723,36,No,39784,378921,0.451,1
APP-00803,22,PhD,Self-employed,Single,3,Semiurban,0,180365,669,1638827,72,No,26804,234402,0.149,1
APP-00804,45,Matric,Salaried,Single,4,Semiurban,17,132697,551,1889718,72,No,30406,716443,0.229,1
APP-00805,56,Master,Salaried,Single,3,Semiurban,28,133299,665,1156480,36,No,36909,130035,0.277,1
APP-00806,55,Intermediate,Salaried,Married,4,Semiurban,28,94014,511,995318,60,No,17935,533526,0.191,1
APP-00807,24,Intermediate,Salaried,Single,0,Semiurban,1,176158,770,2876442,36,No,94212,746664,0.535,1
APP-00808,41,Bachelor,Business,Single,3,Semiurban,19,276382,565,2727048,48,Yes,70030,937366,0.253,0
APP-00809,63,Intermediate,Salaried,Single,0,Semiurban,41,212453,611,2685393,48,No,66730,705202,0.314,1
APP-00810,49,Master,Self-employed,Single,1,Semiurban,25,127957,604,1442643,36,No,51495,26292,0.402,1
APP-00811,35,Bachelor,Self-employed,Married,0,Semiurban,10,119890,764,550067,48,No,12783,826196,0.107,1
APP-00812,58,Intermediate,Salaried,Married,1,Urban,29,167750,677,1939968,12,No,195888,267506,1.168,1
APP-00813,39,Matric,Business,Single,4,Rural,15,224721,461,1596823,24,Yes,73533,1764374,0.327,0
APP-00814,27,Intermediate,Salaried,Married,4,Urban,4,68825,635,830929,48,No,19105,117157,0.278,0
APP-00815,32,Master,Salaried,Single,3,Semiurban,9,180268,513,2549205,12,Yes,247993,142957,1.376,0
APP-00816,56,Master,Self-employed,Married,2,Rural,33,152783,611,924726,48,No,21739,14694,0.142,0
APP-00817,59,Matric,Self-employed,Married,1,Urban,31,205244,708,1058254,36,No,34105,1034446,0.166,1
APP-00818,37,Matric,Self-employed,Married,0,Semiurban,13,103717,720,2633526,84,Yes,34170,402544,0.329,1
APP-00819,33,Master,Unemployed,Single,3,Semiurban,5,76559,756,1369087,60,No,24851,489871,0.325,1
APP-00820,38,Intermediate,Self-employed,Married,1,Rural,12,243191,787,507650,60,No,9369,1453791,0.039,1
APP-00821,44,Bachelor,Salaried,Married,0,Urban,22,139040,726,234411,48,No,5854,422610,0.042,1
APP-00822,47,Bachelor,Salaried,Married,2,Semiurban,18,191081,691,2399820,60,Yes,51652,1456092,0.27,1
APP-00823,30,Intermediate,Unemployed,Married,0,Urban,1,28034,667,2402381,36,No,76014,12459,2.711,0
APP-00824,63,PhD,Business,Married,2,Semiurban,40,229460,546,579177,84,No,8222,154535,0.036,1
APP-00825,60,Bachelor,Self-employed,Single,4,Semiurban,32,231185,661,1084131,72,Yes,16822,693850,0.073,1
APP-00826,62,PhD,Salaried,Married,3,Semiurban,34,220528,591,2742194,36,No,87854,955424,0.398,1
APP-00827,55,Bachelor,Unemployed,Single,2,Urban,29,97119,533,493522,24,Yes,26436,114332,0.272,0
APP-00828,21,Intermediate,Business,Married,3,Rural,0,295776,761,326884,60,No,6256,322067,0.021,1
APP-00829,30,Bachelor,Self-employed,Single,3,Semiurban,5,170939,699,604393,24,Yes,32436,293590,0.19,1
APP-00830,34,Bachelor,Self-employed,Single,0,Rural,5,205849,731,146539,12,No,13837,780569,0.067,1
APP-00831,53,Bachelor,Salaried,Single,3,Urban,27,231441,773,2447628,48,Yes,62190,1728626,0.269,1
APP-00832,53,Master,Self-employed,Married,2,Rural,27,188727,784,2302626,60,No,47842,1656230,0.253,1
APP-00833,62,Matric,Business,Married,3,Semiurban,33,209485,601,1064949,84,Yes,15640,1395685,0.075,0
APP-00834,41,Master,Salaried,Married,2,Urban,14,209276,652,2199678,84,Yes,33332,1327294,0.159,1
APP-00835,46,Bachelor,Self-employed,Single,2,Semiurban,21,148023,688,2122862,48,Yes,49502,850592,0.334,0
APP-00836,31,Bachelor,Salaried,Married,3,Urban,2,146143,584,1985005,72,Yes,34138,988536,0.234,1
APP-00837,56,Matric,Business,Married,3,Urban,27,182195,780,544648,60,No,11266,468189,0.062,1
APP-00838,64,Matric,Salaried,Married,4,Urban,35,166202,831,2116719,36,Yes,75773,171860,0.456,1
APP-00839,26,Bachelor,Salaried,Married,1,Urban,0,88071,580,2711447,60,No,56242,198511,0.639,0
APP-00840,22,Bachelor,Business,Married,0,Urban,0,172979,796,2573139,48,No,64997,1480698,0.376,1
APP-00841,28,Intermediate,Self-employed,Married,1,Urban,4,70022,548,584469,12,Yes,62699,358274,0.895,0
APP-00842,34,Bachelor,Self-employed,Married,2,Urban,7,90187,581,1764069,48,No,42202,147837,0.468,0
APP-00843,24,Bachelor,Salaried,Married,2,Urban,0,97120,701,2771744,36,Yes,88651,370591,0.913,0
APP-00844,31,Bachelor,Business,Married,2,Semiurban,8,326728,691,2883993,48,Yes,73967,2378410,0.226,1
APP-00845,45,Master,Salaried,Single,1,Semiurban,18,107111,599,1439487,84,Yes,20178,558390,0.188,1
APP-00846,60,Master,Salaried,Married,2,Urban,34,166812,733,2769555,84,No,41985,1113183,0.252,1
APP-00847,30,Matric,Self-employed,Single,2,Semiurban,7,107648,607,535413,12,Yes,50998,371085,0.474,0
APP-00848,24,Master,Salaried,Married,0,Semiurban,0,173170,670,2618324,60,No,52857,662632,0.305,1
APP-00849,40,Master,Salaried,Married,1,Urban,18,209678,568,705829,60,No,14044,172948,0.067,1
APP-00850,52,Bachelor,Salaried,Single,2,Urban,30,116604,733,2428481,72,No,38455,448715,0.33,1
APP-00851,31,Matric,Self-employed,Single,3,Urban,4,167873,644,1595742,36,No,50188,86054,0.299,0
APP-00852,33,Master,Salaried,Single,4,Urban,5,127872,673,2092719,72,No,32598,265931,0.255,1
APP-00853,30,PhD,Self-employed,Married,3,Rural,8,99040,641,2402472,48,No,61934,615484,0.625,0
APP-00854,25,Bachelor,Salaried,Married,0,Semiurban,0,104167,602,516706,72,Yes,8210,740377,0.079,1
APP-00855,33,Intermediate,Self-employed,Single,4,Urban,4,115160,661,1708190,24,Yes,81504,953342,0.708,0
APP-00856,26,Bachelor,Salaried,Single,1,Rural,1,174610,817,2397040,60,Yes,46468,1285173,0.266,1
APP-00857,21,Matric,Salaried,Married,1,Rural,0,166940,639,2422378,12,No,228804,951084,1.371,0
APP-00858,37,Master,Salaried,Single,1,Urban,10,200943,700,2870508,24,Yes,152613,972715,0.759,1
APP-00859,57,Bachelor,Unemployed,Married,0,Semiurban,35,118985,659,1921984,24,No,94256,282126,0.792,0
APP-00860,59,Bachelor,Salaried,Single,1,Semiurban,30,160072,619,619382,48,No,15118,970985,0.094,1
APP-00861,32,Intermediate,Salaried,Married,3,Rural,3,152236,741,1422601,84,Yes,20887,1124702,0.137,1
APP-00862,28,Bachelor,Business,Married,1,Urban,6,124271,647,2198531,84,Yes,31123,79306,0.25,0
APP-00863,21,Master,Business,Single,4,Semiurban,0,323251,789,1457085,72,Yes,22082,1814473,0.068,1
APP-00864,36,Intermediate,Business,Married,1,Semiurban,9,75179,502,2775820,48,No,68947,230421,0.917,0
APP-00865,37,Intermediate,Business,Married,4,Semiurban,10,136465,546,377132,72,Yes,6704,168502,0.049,0
APP-00866,54,Master,Salaried,Single,0,Semiurban,26,168274,685,475579,60,No,9344,1061674,0.056,1
APP-00867,54,Bachelor,Self-employed,Married,2,Urban,32,150157,676,1018958,12,No,100503,924306,0.669,1
APP-00868,39,Bachelor,Salaried,Married,4,Semiurban,12,132945,557,279300,72,No,4776,1113690,0.036,1
APP-00869,43,Intermediate,Salaried,Married,3,Urban,20,199844,732,404144,24,Yes,20660,895697,0.103,1
APP-00870,43,Master,Salaried,Single,1,Urban,16,176676,850,1049014,72,No,17374,1298267,0.098,1
APP-00871,35,Intermediate,Salaried,Single,2,Rural,9,57687,743,2982580,48,No,72580,158515,1.258,0
APP-00872,23,Bachelor,Salaried,Married,2,Urban,1,160630,760,1972325,48,No,50687,1113180,0.316,1
APP-00873,46,Bachelor,Business,Married,0,Urban,19,231234,691,2244022,72,No,38608,1912211,0.167,1
APP-00874,34,Bachelor,Self-employed,Married,2,Urban,9,156066,530,2718969,12,No,258404,117042,1.656,0
APP-00875,33,Master,Salaried,Married,3,Semiurban,5,196199,664,1993223,48,No,46736,701572,0.238,1
APP-00876,31,Matric,Salaried,Married,0,Rural,7,53754,475,1054940,24,Yes,48834,48485,0.908,0
APP-00877,37,Bachelor,Salaried,Married,1,Semiurban,10,123577,666,278475,48,Yes,7248,370777,0.059,1
APP-00878,25,Master,Self-employed,Married,4,Semiurban,0,181475,647,593570,72,No,10430,433359,0.057,1
APP-00879,26,Master,Salaried,Married,1,Rural,2,184704,636,1497931,72,No,24838,1217540,0.134,1
APP-00880,34,Bachelor,Salaried,Single,0,Semiurban,6,181308,548,1971826,72,No,31039,300320,0.171,1
APP-00881,29,Master,Salaried,Single,3,Semiurban,5,84574,628,1242454,72,No,18806,267716,0.222,1
APP-00882,59,Master,Salaried,Single,4,Urban,35,152686,707,1876935,36,Yes,59253,921995,0.388,1
APP-00883,56,Master,Business,Married,0,Semiurban,34,213194,709,866751,24,No,39012,889608,0.183,1
APP-00884,40,Bachelor,Business,Married,2,Semiurban,14,184780,850,2001563,72,No,33970,804686,0.184,1
APP-00885,56,Intermediate,Salaried,Married,2,Urban,34,179855,516,1008521,36,Yes,33915,486657,0.189,0
APP-00886,56,Master,Salaried,Married,1,Urban,27,191494,675,2987320,24,No,147036,663059,0.768,1
APP-00887,56,Matric,Business,Single,3,Semiurban,28,280535,499,669071,48,No,15091,658782,0.054,1
APP-00888,21,Matric,Business,Single,1,Semiurban,0,296509,656,878559,48,No,23033,2535234,0.078,1
APP-00889,62,Bachelor,Self-employed,Single,4,Rural,36,193316,850,1044793,36,No,31699,1002326,0.164,1
APP-00890,34,Bachelor,Business,Single,0,Urban,11,146365,507,119455,72,Yes,2132,1290473,0.015,1
APP-00891,57,Intermediate,Salaried,Married,0,Semiurban,30,157488,618,2103649,36,No,66472,911334,0.422,1
APP-00892,48,Matric,Salaried,Single,4,Semiurban,25,109965,576,2874046,60,No,60204,882510,0.547,0
APP-00893,32,Bachelor,Self-employed,Married,3,Rural,5,209108,604,2649698,72,No,46586,1044549,0.223,1
APP-00894,36,Master,Salaried,Single,3,Urban,9,176654,711,1341165,48,No,30929,498720,0.175,1
APP-00895,35,Master,Business,Single,0,Semiurban,12,249500,821,329602,12,No,33162,2079102,0.133,1
APP-00896,61,Intermediate,Self-employed,Married,4,Semiurban,32,162032,793,1687756,60,Yes,30891,1083391,0.191,1
APP-00897,34,Bachelor,Unemployed,Married,1,Urban,12,76503,457,238307,72,No,3771,306753,0.049,1
APP-00898,50,Master,Unemployed,Single,2,Semiurban,27,90166,633,681330,36,Yes,22888,581312,0.254,0
APP-00899,26,Bachelor,Self-employed,Married,1,Semiurban,3,75278,600,1052394,48,No,26417,247626,0.351,1
APP-00900,35,Bachelor,Salaried,Single,3,Semiurban,7,130122,521,2091126,72,Yes,32160,412854,0.247,0
APP-00901,59,Intermediate,Salaried,Married,3,Semiurban,37,116077,632,2696496,72,No,44329,587564,0.382,1
APP-00902,37,Master,Unemployed,Married,2,Urban,15,75521,457,1741455,60,No,35223,274826,0.466,0
APP-00903,51,Intermediate,Self-employed,Married,2,Urban,24,122771,675,2785882,12,Yes,252372,377390,2.056,0
APP-00904,58,Bachelor,Salaried,Single,1,Semiurban,32,191605,706,2059928,36,No,68150,1690191,0.356,1
APP-00905,53,Bachelor,Unemployed,Married,2,Urban,30,111152,560,1334498,84,Yes,18204,503406,0.164,0
APP-00906,28,Bachelor,Business,Married,4,Semiurban,2,255680,773,1443763,48,Yes,35958,855177,0.141,1
APP-00907,54,Bachelor,Business,Married,3,Semiurban,30,152098,625,568239,84,No,8319,876572,0.055,1
APP-00908,22,Master,Business,Single,2,Semiurban,0,231297,676,2283907,36,No,77352,712726,0.334,1
APP-00909,53,Matric,Self-employed,Single,3,Rural,30,235970,680,2654131,84,No,39388,1894624,0.167,1
APP-00910,52,PhD,Salaried,Single,4,Rural,27,149290,516,1073283,72,No,16650,52311,0.112,0
APP-00911,43,Intermediate,Self-employed,Single,4,Urban,21,162601,669,2246081,84,No,29864,806240,0.184,1
APP-00912,39,Master,Salaried,Single,0,Urban,12,135690,582,1715271,48,No,38676,610577,0.285,1
APP-00913,36,Bachelor,Business,Single,1,Semiurban,8,198078,714,2060424,24,Yes,105597,1459542,0.533,1
APP-00914,61,Master,Business,Married,3,Urban,33,366710,784,2706041,12,No,257830,2563540,0.703,1
APP-00915,33,Master,Salaried,Single,3,Semiurban,7,224372,760,191665,84,No,2553,1888068,0.011,1
APP-00916,44,Master,Salaried,Married,1,Rural,15,103935,676,1328386,60,No,26607,628470,0.256,1
APP-00917,32,Intermediate,Business,Married,2,Semiurban,8,159751,512,2679669,60,Yes,52771,852495,0.33,0
APP-00918,29,Intermediate,Salaried,Married,1,Rural,7,132641,811,2562282,36,No,86680,243127,0.653,1
APP-00919,59,Matric,Self-employed,Married,3,Urban,36,234911,570,2009103,60,No,39994,1260033,0.17,1
APP-00920,41,Bachelor,Salaried,Single,0,Urban,17,202270,763,2354386,60,Yes,45154,283139,0.223,1
APP-00921,28,Bachelor,Salaried,Single,1,Urban,4,147502,669,783429,12,No,80288,1172502,0.544,1
APP-00922,50,Bachelor,Salaried,Married,4,Semiurban,24,95054,686,1923345,36,Yes,61127,38004,0.643,0
APP-00923,28,Master,Salaried,Single,2,Urban,1,136476,599,246539,60,No,4780,157748,0.035,1
APP-00924,55,Bachelor,Salaried,Single,2,Rural,28,176046,643,859774,12,Yes,84875,1316147,0.482,0
APP-00925,26,Matric,Salaried,Single,0,Semiurban,4,43569,694,269259,60,No,5244,169547,0.12,1
APP-00926,22,Bachelor,Salaried,Single,4,Urban,0,192930,672,1933610,24,No,101601,1160187,0.527,0
APP-00927,61,Bachelor,Self-employed,Married,1,Semiurban,38,279831,676,578720,48,No,15144,142335,0.054,1
APP-00928,35,Matric,Business,Married,2,Urban,7,281444,620,688085,36,No,20892,1477806,0.074,1
APP-00929,33,Master,Salaried,Single,1,Urban,5,203608,634,535935,84,No,8022,96978,0.039,1
APP-00930,22,Intermediate,Salaried,Single,0,Rural,0,173475,691,1551745,36,No,51812,1121284,0.299,1
APP-00931,43,Master,Salaried,Single,3,Semiurban,17,134399,607,1424447,36,No,45350,238497,0.337,0
APP-00932,33,Master,Salaried,Single,1,Semiurban,4,171805,606,1161451,60,Yes,22398,445485,0.13,1
APP-00933,50,Master,Business,Single,3,Semiurban,28,365327,850,2224755,84,Yes,29226,2675880,0.08,1
APP-00934,45,Bachelor,Self-employed,Single,0,Urban,21,220691,656,2077743,24,No,105046,1209195,0.476,1
APP-00935,26,Bachelor,Salaried,Married,0,Semiurban,4,66846,606,2420025,84,No,36156,285201,0.541,0
APP-00936,55,Bachelor,Salaried,Married,0,Urban,26,138974,613,2926207,72,Yes,46092,311286,0.332,0
APP-00937,38,Master,Self-employed,Married,2,Semiurban,12,161169,569,2947223,48,Yes,68633,1237448,0.426,0
APP-00938,54,Matric,Salaried,Single,3,Urban,30,205681,718,300211,60,Yes,6449,682960,0.031,1
APP-00939,24,Master,Business,Single,1,Semiurban,0,262691,700,1483782,72,Yes,24288,1899507,0.092,1
APP-00940,50,Intermediate,Salaried,Married,2,Semiurban,24,87675,613,2952001,84,Yes,43056,275591,0.491,0
APP-00941,59,Intermediate,Salaried,Married,2,Urban,36,145490,522,334631,60,No,6348,178902,0.044,1
APP-00942,45,Intermediate,Business,Single,4,Semiurban,16,234406,639,850561,72,Yes,13458,1391173,0.057,0
APP-00943,58,Master,Salaried,Married,0,Urban,36,159624,736,2590933,12,No,266245,1074951,1.668,1
APP-00944,52,Bachelor,Self-employed,Married,0,Rural,24,147665,690,1616029,12,No,166593,826473,1.128,1
APP-00945,48,Bachelor,Salaried,Married,1,Rural,24,210123,752,2759933,36,Yes,93027,931463,0.443,1
APP-00946,28,Intermediate,Salaried,Married,1,Semiurban,5,84976,687,513146,72,Yes,7958,290831,0.094,1
APP-00947,42,Bachelor,Salaried,Married,1,Semiurban,13,166526,648,380759,48,Yes,9008,1361448,0.054,1
APP-00948,29,Bachelor,Business,Single,1,Urban,1,240719,826,143815,36,No,4840,2028333,0.02,1
APP-00949,55,Bachelor,Salaried,Single,0,Urban,31,210758,690,2482992,72,No,37268,439201,0.177,1
APP-00950,57,Bachelor,Unemployed,Single,2,Urban,32,80829,463,469556,84,No,7101,503301,0.088,0
APP-00951,39,Bachelor,Business,Married,1,Urban,12,302394,610,2214336,24,No,105932,2562671,0.35,1
APP-00952,40,Bachelor,Business,Married,1,Urban,11,215561,674,1137004,48,No,30421,356655,0.141,1
APP-00953,46,Bachelor,Business,Single,0,Semiurban,19,141049,621,2535142,48,No,67432,418449,0.478,1
APP-00954,57,Bachelor,Salaried,Single,2,Semiurban,34,208089,727,593496,36,Yes,19602,1278748,0.094,1
APP-00955,42,Bachelor,Self-employed,Single,1,Semiurban,17,85288,602,835101,84,No,11470,121153,0.134,0
APP-00956,63,Master,Salaried,Single,2,Rural,37,248126,687,1887226,12,Yes,202044,1605428,0.814,1
APP-00957,48,Bachelor,Self-employed,Married,3,Semiurban,23,227014,633,1313945,60,No,25112,1297893,0.111,1
APP-00958,38,Intermediate,Salaried,Single,0,Semiurban,9,170910,566,1209240,48,No,29668,916906,0.174,1
APP-00959,56,Master,Self-employed,Single,4,Urban,28,159208,524,2513387,84,Yes,37894,1058378,0.238,0
APP-00960,54,Intermediate,Self-employed,Married,1,Urban,26,228390,727,1105591,84,No,15506,1578473,0.068,1
APP-00961,30,Matric,Salaried,Single,2,Urban,8,140911,719,2512566,36,No,82467,265560,0.585,0
APP-00962,44,Bachelor,Salaried,Single,0,Semiurban,18,216650,847,2322375,84,No,31594,1473576,0.146,1
APP-00963,33,Intermediate,Self-employed,Single,3,Urban,5,95657,536,281676,72,Yes,4912,602127,0.051,0
APP-00964,62,Intermediate,Self-employed,Single,4,Urban,39,270564,612,113698,84,Yes,1511,2382413,0.006,0
APP-00965,39,Master,Salaried,Single,3,Semiurban,11,150010,778,1773783,12,Yes,160861,482803,1.072,1
APP-00966,35,Matric,Salaried,Married,3,Urban,6,60731,735,1811738,48,No,47832,67788,0.788,0
APP-00967,47,Bachelor,Salaried,Married,2,Semiurban,18,135750,687,794058,24,Yes,41545,537800,0.306,1
APP-00968,33,Master,Salaried,Married,2,Semiurban,4,158890,731,1281447,12,Yes,117189,961399,0.738,1
APP-00969,26,Bachelor,Salaried,Married,0,Rural,1,102386,646,366441,60,Yes,7345,882911,0.072,1
APP-00970,37,Bachelor,Salaried,Single,1,Semiurban,10,139636,577,1313520,48,Yes,33091,152712,0.237,0
APP-00971,22,Master,Salaried,Married,1,Rural,0,96863,725,466099,72,No,8122,331961,0.084,1
APP-00972,49,Matric,Self-employed,Single,0,Rural,25,161769,570,2178153,60,No,41957,144974,0.259,1
APP-00973,25,Master,Salaried,Single,2,Urban,0,128473,754,1266960,72,No,21500,717508,0.167,1
APP-00974,30,Bachelor,Self-employed,Single,2,Semiurban,2,86418,758,1060705,84,Yes,15795,263730,0.183,1
APP-00975,42,Bachelor,Self-employed,Single,2,Semiurban,16,169359,597,2052361,72,Yes,33883,189729,0.2,0
APP-00976,24,Matric,Salaried,Married,1,Semiurban,0,88839,517,2372660,36,Yes,72047,255620,0.811,0
APP-00977,36,Intermediate,Salaried,Single,4,Urban,9,64081,641,1153535,60,No,24437,322946,0.381,0
APP-00978,50,Master,Unemployed,Married,4,Semiurban,23,102419,415,2773383,12,Yes,272449,687578,2.66,0
APP-00979,52,Bachelor,Salaried,Married,1,Semiurban,27,120645,563,384599,84,No,5455,485634,0.045,1
APP-00980,52,Master,Self-employed,Single,3,Semiurban,25,244080,735,2276082,12,No,239629,352925,0.982,1
APP-00981,38,Master,Salaried,Married,4,Rural,12,192903,842,1420055,84,No,19316,1654609,0.1,1
APP-00982,50,Intermediate,Business,Single,0,Urban,27,247228,508,606367,48,Yes,14010,28510,0.057,0
APP-00983,62,Matric,Unemployed,Single,3,Urban,34,69569,609,2282986,48,No,53250,62748,0.765,0
APP-00984,28,Intermediate,Salaried,Married,1,Urban,6,84023,648,1967691,60,No,37401,13599,0.445,0
APP-00985,50,Intermediate,Self-employed,Married,4,Semiurban,23,243983,604,1682185,12,Yes,176223,531315,0.722,0
APP-00986,40,Matric,Business,Married,4,Urban,12,85699,740,1268931,48,Yes,28668,13881,0.335,0
APP-00987,29,Bachelor,Unemployed,Married,2,Urban,5,54779,639,2800499,72,Yes,42699,247898,0.779,0
APP-00988,48,Bachelor,Salaried,Married,1,Semiurban,26,123631,559,230436,48,No,5697,958511,0.046,1
APP-00989,58,Master,Business,Married,4,Semiurban,30,254585,643,1090533,12,No,113318,1817179,0.445,1
APP-00990,50,Bachelor,Business,Single,3,Semiurban,22,307508,696,1753594,36,Yes,59990,616990,0.195,1
APP-00991,61,Intermediate,Salaried,Married,2,Semiurban,33,155011,713,2358232,36,No,72734,466082,0.469,0
APP-00992,35,PhD,Salaried,Married,3,Semiurban,12,105342,691,2173062,72,Yes,38405,33798,0.365,0
APP-00993,49,Bachelor,Unemployed,Married,2,Urban,20,81391,370,2938339,48,No,68124,321493,0.837,0
APP-00994,64,Bachelor,Salaried,Single,1,Semiurban,36,165002,744,2796939,72,Yes,48580,910794,0.294,1
APP-00995,61,Matric,Salaried,Married,1,Urban,38,119940,692,1918284,48,Yes,44334,523796,0.37,1
APP-00996,30,Bachelor,Salaried,Married,0,Rural,3,171465,753,958468,48,No,24426,948481,0.142,1
APP-00997,41,Matric,Salaried,Single,4,Semiurban,13,181935,812,180291,48,Yes,4509,590294,0.025,1
APP-00998,47,Master,Self-employed,Married,0,Semiurban,19,167342,611,1962625,84,No,25774,819063,0.154,1
APP-00999,27,Master,Salaried,Single,3,Semiurban,5,124131,747,517799,48,No,11676,613826,0.094,1
APP-01000,34,Bachelor,Business,Single,2,Semiurban,5,311423,675,2996283,24,Yes,142860,2174064,0.459,1
APP-01001,30,Bachelor,Business,Married,3,Urban,8,183379,834,2553367,60,Yes,52945,919166,0.289,1
APP-01002,41,Bachelor,Business,Single,3,Semiurban,16,241120,779,372951,84,No,5520,728525,0.023,1
APP-01003,41,Matric,Salaried,Single,4,Rural,18,135032,618,924283,72,No,14474,12175,0.107,0
APP-01004,52,Bachelor,Unemployed,Married,4,Urban,30,88279,542,2869067,84,No,40145,409122,0.455,0
APP-01005,31,Intermediate,Salaried,Single,0,Urban,3,58989,580,897634,36,Yes,31107,509879,0.527,0
APP-01006,41,Bachelor,Self-employed,Married,3,Urban,17,223837,564,561833,60,Yes,11270,1467449,0.05,1
APP-01007,51,Matric,Business,Married,2,Semiurban,27,149906,561,213123,12,No,22289,1146473,0.149,1
APP-01008,50,Matric,Salaried,Married,3,Semiurban,27,131791,615,2401348,60,No,48705,850667,0.37,0
APP-01009,31,Bachelor,Business,Married,2,Semiurban,5,260800,758,2058997,24,Yes,111302,1178964,0.427,1
APP-01010,45,Intermediate,Salaried,Single,1,Urban,19,102248,606,1220368,72,Yes,19917,908196,0.195,1
APP-01011,60,Intermediate,Salaried,Married,4,Semiurban,33,215915,685,1866087,84,Yes,25317,1404105,0.117,1
APP-01012,28,Bachelor,Self-employed,Single,1,Rural,4,140198,574,1057122,12,No,95743,984090,0.683,0
APP-01013,55,Master,Unemployed,Married,0,Semiurban,28,107242,538,1878650,72,No,30252,711893,0.282,1
APP-01014,31,Intermediate,Salaried,Married,0,Semiurban,3,70078,678,2083488,48,No,50373,411914,0.719,1
APP-01015,28,Intermediate,Unemployed,Single,4,Urban,2,34393,489,1729494,24,No,81125,249204,2.359,0
APP-01016,36,Bachelor,Business,Married,1,Urban,11,329438,729,1919941,72,Yes,32516,2635823,0.099,1
APP-01017,59,Bachelor,Salaried,Single,0,Semiurban,34,221787,716,2063327,12,No,197297,1270680,0.89,1
APP-01018,27,Master,Self-employed,Single,1,Urban,5,100292,564,2874207,72,No,45592,821608,0.455,0
APP-01019,28,Intermediate,Salaried,Single,0,Urban,3,144858,703,2245383,48,No,59148,1112882,0.408,1
APP-01020,35,Bachelor,Salaried,Married,2,Semiurban,7,83871,565,2233520,48,Yes,58821,198717,0.701,0
APP-01021,21,Master,Salaried,Married,2,Urban,0,192268,419,2242010,72,Yes,37674,1410762,0.196,1
APP-01022,36,Bachelor,Salaried,Single,0,Urban,13,183202,631,929722,60,Yes,19960,1588013,0.109,1
APP-01023,57,Intermediate,Business,Married,1,Urban,35,234224,643,1034814,36,Yes,37165,316489,0.159,1
APP-01024,38,Intermediate,Salaried,Married,1,Rural,13,185339,711,1088807,24,No,58307,670261,0.315,1
APP-01025,62,Bachelor,Salaried,Married,1,Semiurban,36,272667,721,2790817,84,No,38172,665954,0.14,1
APP-01026,21,Bachelor,Business,Single,3,Semiurban,0,173070,659,648297,72,No,11017,1139212,0.064,1
APP-01027,43,Intermediate,Salaried,Single,4,Rural,15,93020,644,1358181,24,No,61782,705438,0.664,0
APP-01028,25,Master,Salaried,Single,4,Rural,0,78070,631,2233527,72,No,39117,632992,0.501,0
APP-01029,44,Matric,Self-employed,Married,0,Semiurban,20,186083,576,1256993,84,Yes,16423,1341879,0.088,1
APP-01030,24,Bachelor,Salaried,Married,1,Semiurban,0,107452,647,595832,48,No,15139,817359,0.141,1
APP-01031,40,Intermediate,Salaried,Married,2,Urban,13,163448,615,1294882,48,No,34452,307560,0.211,0
APP-01032,35,Intermediate,Salaried,Married,3,Semiurban,9,160314,692,2912813,48,No,66882,361771,0.417,1
APP-01033,54,Intermediate,Self-employed,Single,4,Rural,28,187991,606,999321,72,No,17833,1001348,0.095,0
APP-01034,30,Bachelor,Business,Single,3,Rural,1,191789,599,2333926,36,No,81193,1639196,0.423,1
APP-01035,37,Intermediate,Business,Married,1,Semiurban,9,142014,733,2922451,60,No,55279,510508,0.389,1
APP-01036,49,Master,Salaried,Married,4,Semiurban,21,244359,636,1428529,12,No,135658,1348687,0.555,0
APP-01037,21,Master,Salaried,Single,2,Urban,0,140069,542,325962,48,No,7339,538118,0.052,1
APP-01038,49,Bachelor,Salaried,Married,1,Urban,24,116699,687,1390028,72,No,23004,300846,0.197,1
APP-01039,21,Intermediate,Salaried,Married,4,Semiurban,0,59829,807,2358697,72,No,35983,443671,0.601,0
APP-01040,54,Bachelor,Unemployed,Single,3,Semiurban,28,64878,655,1843174,24,Yes,96629,332030,1.489,0
APP-01041,21,Master,Self-employed,Married,0,Urban,0,208492,749,852648,36,Yes,29811,1804829,0.143,1
APP-01042,35,Bachelor,Self-employed,Single,4,Semiurban,9,133036,698,1750037,72,No,26499,510010,0.199,1
APP-01043,62,Master,Salaried,Single,2,Semiurban,38,177364,829,2361030,72,No,35680,164525,0.201,1
APP-01044,49,Master,Salaried,Married,4,Semiurban,26,210223,720,1403793,12,No,143424,602947,0.682,1
APP-01045,56,Intermediate,Unemployed,Single,1,Urban,32,102895,532,629087,12,No,65809,384673,0.64,0
APP-01046,50,Bachelor,Business,Married,4,Semiurban,22,262520,654,2643884,36,No,93716,578392,0.357,1
APP-01047,42,Bachelor,Unemployed,Married,0,Urban,14,73457,517,1763574,72,No,29426,561614,0.401,0
APP-01048,56,Intermediate,Salaried,Married,2,Urban,27,145987,450,1112753,60,No,21178,310279,0.145,1
APP-01049,26,Bachelor,Salaried,Married,2,Urban,4,86376,701,2849312,60,No,61590,348037,0.713,1
APP-01050,44,Bachelor,Self-employed,Married,1,Semiurban,21,212465,763,925217,84,Yes,13742,533764,0.065,1
APP-01051,49,Master,Salaried,Single,0,Urban,21,242367,746,321746,84,Yes,4723,712221,0.019,1
APP-01052,33,Bachelor,Salaried,Single,0,Rural,11,75391,491,1123612,72,No,17418,500846,0.231,1
APP-01053,50,Intermediate,Salaried,Married,3,Rural,25,208581,653,1377752,84,Yes,18338,97844,0.088,1
APP-01054,44,Intermediate,Salaried,Single,1,Urban,21,162412,752,248317,36,No,8286,406742,0.051,1
APP-01055,43,Intermediate,Self-employed,Married,0,Rural,15,186561,765,577965,24,No,28980,654938,0.155,1
APP-01056,33,Bachelor,Salaried,Single,1,Rural,11,144141,692,1505402,48,No,34748,386330,0.241,1
APP-01057,59,Master,Unemployed,Married,2,Urban,34,88300,538,1747128,72,No,30018,578061,0.34,0
APP-01058,39,Bachelor,Self-employed,Single,0,Rural,17,184516,623,2467339,84,No,37267,340484,0.202,1
APP-01059,53,Bachelor,Salaried,Married,0,Rural,25,197093,832,427526,48,Yes,10496,283314,0.053,1
APP-01060,38,Matric,Salaried,Single,1,Semiurban,13,72619,625,2326479,12,Yes,210162,299006,2.894,0
APP-01061,25,Bachelor,Business,Married,3,Urban,0,187782,785,2904843,12,No,307773,1398475,1.639,1
APP-01062,29,Intermediate,Self-employed,Married,3,Semiurban,3,185130,632,676380,24,Yes,32886,1631968,0.178,0
APP-01063,50,Bachelor,Salaried,Married,3,Urban,21,82119,734,763621,60,No,16448,430141,0.2,1
APP-01064,28,Bachelor,Self-employed,Married,4,Urban,0,197192,673,1550095,72,No,26992,196964,0.137,1
APP-01065,57,Intermediate,Business,Single,1,Urban,29,257556,795,2613901,36,Yes,91820,1922669,0.357,1
APP-01066,27,Intermediate,Salaried,Married,2,Urban,0,66057,652,167173,48,No,4088,467391,0.062,1
APP-01067,40,Bachelor,Salaried,Single,3,Semiurban,12,210077,718,982257,48,No,22641,1012663,0.108,1
APP-01068,31,Bachelor,Business,Married,3,Urban,4,303696,676,1121983,36,No,40438,1836650,0.133,1
APP-01069,44,Master,Unemployed,Single,3,Rural,16,82844,437,1824391,84,No,23615,433190,0.285,0
APP-01070,21,Matric,Self-employed,Single,0,Urban,0,144000,522,2682467,48,No,60357,241944,0.419,0
APP-01071,53,Master,Salaried,Single,1,Urban,28,148756,629,752739,60,No,16021,33814,0.108,1
APP-01072,31,Master,Salaried,Married,4,Semiurban,2,126176,574,1509399,72,No,22691,553708,0.18,1
APP-01073,31,Matric,Salaried,Single,3,Rural,6,111117,704,2125558,84,No,29099,198349,0.262,1
APP-01074,50,Intermediate,Self-employed,Single,4,Urban,23,228849,700,1767106,72,No,30520,669103,0.133,1
APP-01075,47,Matric,Business,Married,3,Rural,18,292944,615,1774842,60,No,33506,665860,0.114,1
APP-01076,40,Bachelor,Self-employed,Married,3,Semiurban,12,248537,702,905378,48,No,23883,277913,0.096,1
APP-01077,49,Master,Salaried,Married,0,Urban,20,120774,660,2752587,36,Yes,97342,114663,0.806,1
APP-01078,30,Matric,Salaried,Married,4,Urban,8,148745,659,1288037,24,Yes,58296,424364,0.392,0
APP-01079,29,Bachelor,Self-employed,Married,3,Urban,4,152706,786,1344930,36,No,41788,1330966,0.274,1
APP-01080,24,Master,Self-employed,Married,0,Urban,0,199158,629,2770519,12,No,299445,216769,1.504,0
APP-01081,48,Intermediate,Salaried,Single,1,Rural,21,134628,773,344300,84,Yes,5292,160933,0.039,1
APP-01082,38,Bachelor,Self-employed,Single,2,Semiurban,9,165396,778,1924382,84,Yes,28807,537339,0.174,1
APP-01083,26,Intermediate,Salaried,Married,3,Urban,2,179951,532,2989888,24,Yes,143827,765584,0.799,0
APP-01084,35,Intermediate,Salaried,Single,2,Rural,9,161817,600,2079681,60,No,42334,331574,0.262,1
APP-01085,63,PhD,Business,Married,2,Semiurban,36,304075,634,782121,84,Yes,11544,475718,0.038,1
APP-01086,53,Bachelor,Salaried,Married,0,Rural,28,177885,646,1832266,48,Yes,44008,829409,0.247,1
APP-01087,26,Bachelor,Salaried,Married,1,Rural,3,102223,632,182673,60,No,3583,269111,0.035,1
APP-01088,37,Bachelor,Self-employed,Single,1,Rural,9,153078,659,1822341,24,Yes,86089,1232178,0.562,0
APP-01089,39,Bachelor,Self-employed,Single,4,Urban,13,92291,803,1044545,12,No,108542,506626,1.176,1
APP-01090,62,Master,Salaried,Single,2,Semiurban,40,232635,735,1727255,48,Yes,44823,1061529,0.193,1
APP-01091,31,Matric,Business,Married,1,Urban,4,182162,564,2548466,12,No,260677,579399,1.431,0
APP-01092,42,Matric,Salaried,Single,0,Urban,17,86721,623,787933,12,No,71428,393276,0.824,0
APP-01093,54,Intermediate,Business,Single,0,Urban,30,248883,664,2230239,12,Yes,201331,2143520,0.809,0
APP-01094,52,Master,Salaried,Married,1,Urban,25,151650,747,2245222,84,No,33469,680037,0.221,1
APP-01095,30,Master,Salaried,Married,1,Urban,3,204765,772,1781141,60,No,36979,771816,0.181,1
APP-01096,58,Bachelor,Self-employed,Married,0,Urban,30,116397,624,1622905,84,No,23439,692550,0.201,1
APP-01097,28,PhD,Salaried,Single,0,Semiurban,0,92674,666,2130934,72,No,35962,47555,0.388,1
APP-01098,43,Bachelor,Salaried,Married,4,Urban,17,181408,735,2736455,84,No,40862,363884,0.225,1
APP-01099,48,Bachelor,Salaried,Single,2,Urban,22,177592,728,1015357,36,Yes,34316,28226,0.193,1
APP-01100,29,Matric,Salaried,Married,2,Semiurban,6,168735,637,2362353,60,No,43391,744391,0.257,1
APP-01101,37,Matric,Salaried,Married,0,Semiurban,9,166319,653,2785400,72,Yes,43277,1353348,0.26,1
APP-01102,49,PhD,Salaried,Married,0,Urban,25,221036,686,197180,84,No,2593,1982741,0.012,1
APP-01103,59,Master,Business,Married,3,Rural,37,165290,642,2737023,36,Yes,93713,409325,0.567,0
APP-01104,43,PhD,Salaried,Single,1,Urban,15,257442,686,736480,72,No,11135,1221694,0.043,1
APP-01105,28,Matric,Salaried,Married,1,Rural,1,120197,687,2802711,72,No,45373,98114,0.377,1
APP-01106,35,PhD,Salaried,Married,2,Urban,11,195333,704,2046808,60,No,39386,1234301,0.202,1
APP-01107,63,Bachelor,Salaried,Married,2,Semiurban,40,182919,432,546295,84,No,7318,696426,0.04,1
APP-01108,58,Bachelor,Salaried,Married,1,Semiurban,30,151919,606,2997596,48,No,73771,1023654,0.486,0
APP-01109,45,Bachelor,Unemployed,Married,4,Semiurban,16,70790,589,1399071,24,No,71943,400909,1.016,0
APP-01110,49,Matric,Salaried,Married,2,Semiurban,21,124163,774,2779628,24,Yes,141893,713446,1.143,1
APP-01111,21,Master,Business,Married,1,Urban,0,234151,739,1124146,24,No,53190,195385,0.227,1
APP-01112,27,Bachelor,Salaried,Married,3,Urban,0,154329,678,344042,12,No,33091,1274123,0.214,1
APP-01113,29,Bachelor,Salaried,Married,0,Urban,0,127663,715,1557428,48,No,41105,291027,0.322,1
APP-01114,36,Intermediate,Salaried,Married,0,Semiurban,14,149429,619,1401765,84,Yes,20047,321095,0.134,1
APP-01115,48,Bachelor,Business,Married,4,Urban,26,330463,717,2700009,48,No,71532,1438166,0.216,1
APP-01116,32,Matric,Salaried,Married,3,Semiurban,4,87108,666,506080,72,Yes,8061,18177,0.093,1
APP-01117,35,Bachelor,Salaried,Married,2,Semiurban,10,185445,530,987889,60,No,18428,1462015,0.099,1
APP-01118,54,Bachelor,Self-employed,Married,1,Semiurban,25,274660,593,935488,84,Yes,13111,148966,0.048,1
APP-01119,31,Matric,Salaried,Married,3,Urban,2,159848,609,915805,72,No,14421,1425233,0.09,1
APP-01120,24,PhD,Salaried,Single,3,Urban,0,187694,688,342723,84,No,5108,1205925,0.027,1
APP-01121,52,Master,Self-employed,Married,2,Semiurban,28,145005,703,1551612,48,Yes,36136,112020,0.249,1
APP-01122,51,Bachelor,Salaried,Single,4,Semiurban,24,159566,779,1923384,24,Yes,90292,1204044,0.566,0
APP-01123,51,Intermediate,Salaried,Married,1,Rural,28,207301,553,2389358,12,Yes,251406,370981,1.213,0
APP-01124,36,Matric,Salaried,Married,1,Rural,13,80728,755,895265,60,No,18755,240099,0.232,1
APP-01125,54,Bachelor,Salaried,Married,3,Urban,27,149807,746,476430,36,No,16738,328442,0.112,1
APP-01126,25,Bachelor,Self-employed,Married,4,Urban,0,122618,615,1418557,72,Yes,22450,524938,0.183,0
APP-01127,59,Bachelor,Business,Married,4,Urban,35,284166,623,581891,36,No,17514,1619387,0.062,1
APP-01128,50,Bachelor,Salaried,Married,3,Semiurban,22,130172,577,521972,84,No,6975,734179,0.054,1
APP-01129,25,Intermediate,Salaried,Single,3,Semiurban,0,65277,596,1361196,84,Yes,19793,208675,0.303,0
APP-01130,29,Master,Salaried,Married,2,Urban,3,138711,816,2986632,36,Yes,103928,348781,0.749,1
APP-01131,54,Bachelor,Self-employed,Married,0,Urban,27,172058,744,872793,12,No,83114,981120,0.483,1
APP-01132,28,Intermediate,Business,Married,0,Semiurban,0,232120,681,378169,24,No,17367,708276,0.075,1
APP-01133,48,Intermediate,Self-employed,Married,3,Semiurban,19,186251,743,2489905,12,No,227529,899912,1.222,1
APP-01134,53,Bachelor,Salaried,Married,3,Semiurban,24,96690,702,964144,84,No,14657,107421,0.152,1
APP-01135,47,Bachelor,Unemployed,Married,4,Semiurban,23,80573,632,2415175,84,No,31569,545539,0.392,0
APP-01136,59,Master,Business,Single,4,Urban,30,216525,614,2282293,48,Yes,60919,1751768,0.281,0
APP-01137,58,Intermediate,Self-employed,Single,1,Urban,34,137890,709,610684,36,No,19381,960697,0.141,1
APP-01138,22,Master,Self-employed,Married,4,Urban,0,201087,735,416575,36,No,12674,1383814,0.063,1
APP-01139,53,Intermediate,Self-employed,Married,4,Urban,28,193307,694,2691090,24,Yes,138832,251830,0.718,0
APP-01140,52,Master,Salaried,Married,0,Rural,28,209437,610,2890430,48,No,65985,171919,0.315,1
APP-01141,57,Matric,Salaried,Single,0,Urban,32,196003,760,159790,84,Yes,2142,1189886,0.011,1
APP-01142,24,Bachelor,Self-employed,Single,0,Semiurban,0,176618,847,139913,84,Yes,1987,92168,0.011,1
APP-01143,54,Master,Salaried,Married,1,Rural,29,149426,646,528106,48,No,13702,1275568,0.092,1
APP-01144,38,Bachelor,Business,Married,4,Rural,14,167939,496,623566,84,Yes,8291,1167321,0.049,0
APP-01145,62,Matric,Business,Married,2,Semiurban,35,172490,592,1102987,84,No,16801,187182,0.097,1
APP-01146,23,Master,Self-employed,Married,0,Urban,0,89507,606,291958,60,Yes,5928,220913,0.066,0
APP-01147,39,Master,Salaried,Married,1,Urban,16,180126,697,273625,72,No,4411,1372797,0.024,1
APP-01148,50,Master,Salaried,Single,0,Urban,21,190011,756,2475289,36,No,84353,1603057,0.444,1
APP-01149,49,Intermediate,Self-employed,Married,4,Urban,24,69164,576,2052894,12,Yes,198278,19218,2.867,0
APP-01150,42,Bachelor,Self-employed,Married,3,Rural,15,196971,675,2548629,24,No,135651,519590,0.689,1
APP-01151,41,Master,Business,Single,4,Rural,15,254057,844,1684492,60,Yes,31397,359301,0.124,1
APP-01152,27,Master,Business,Single,4,Rural,5,334470,556,277248,72,Yes,4207,358109,0.013,0
APP-01153,43,Bachelor,Salaried,Married,2,Urban,19,174914,546,622915,84,No,8099,379956,0.046,1
APP-01154,56,Bachelor,Salaried,Married,3,Urban,28,111742,802,2706063,48,No,62680,569827,0.561,1
APP-01155,61,Master,Salaried,Married,1,Semiurban,33,144703,667,568735,36,Yes,18106,534493,0.125,1
APP-01156,47,Master,Business,Married,0,Rural,23,312174,715,1307092,84,No,18443,2141723,0.059,1
APP-01157,27,Master,Salaried,Single,4,Semiurban,2,142052,692,1354234,48,No,34527,1135269,0.243,1
APP-01158,46,Bachelor,Business,Married,3,Rural,22,315552,773,886360,84,Yes,12257,695401,0.039,1
APP-01159,64,Intermediate,Salaried,Single,3,Urban,40,209208,542,2685927,72,No,46885,1045992,0.224,1
APP-01160,29,Master,Salaried,Single,3,Urban,6,204317,625,738960,72,Yes,12253,1622086,0.06,1
APP-01161,58,Bachelor,Self-employed,Single,4,Urban,29,193243,645,728937,36,Yes,25644,427579,0.133,0
APP-01162,45,Matric,Salaried,Married,0,Rural,16,101792,661,1863976,84,No,28828,394521,0.283,1
APP-01163,46,Intermediate,Self-employed,Married,3,Rural,22,218864,677,2714093,48,No,72488,1475366,0.331,1
APP-01164,39,Master,Salaried,Married,2,Rural,10,222074,707,2633553,84,Yes,34369,1134251,0.155,1
APP-01165,25,Matric,Salaried,Married,3,Urban,0,118324,580,2039304,84,No,30649,834353,0.259,1
APP-01166,33,Intermediate,Unemployed,Married,1,Semiurban,4,43298,566,2847481,72,Yes,43755,283072,1.011,0
APP-01167,43,Matric,Salaried,Single,0,Rural,18,183279,626,1397325,12,No,141753,1369470,0.773,0
APP-01168,21,Bachelor,Salaried,Single,2,Urban,0,92083,694,723521,60,Yes,13478,372710,0.146,1
APP-01169,60,Master,Salaried,Married,2,Semiurban,33,189055,692,2202985,72,No,36701,1306629,0.194,1
APP-01170,53,Intermediate,Salaried,Married,3,Rural,28,85937,850,2979183,36,Yes,89688,619395,1.044,0
APP-01171,30,Bachelor,Salaried,Married,4,Semiurban,1,70692,686,2498895,84,Yes,33314,479134,0.471,0
APP-01172,23,Bachelor,Salaried,Married,3,Urban,0,152556,723,2946025,36,No,101820,274813,0.667,1
APP-01173,38,Intermediate,Salaried,Single,0,Semiurban,14,147236,552,2744901,72,No,43684,23448,0.297,1
APP-01174,55,Matric,Salaried,Single,0,Semiurban,26,123506,686,2903943,72,Yes,47339,807118,0.383,1
APP-01175,35,Bachelor,Salaried,Married,3,Urban,13,92465,604,781326,60,Yes,15166,11658,0.164,0
APP-01176,41,Bachelor,Salaried,Married,0,Rural,19,120337,713,2819771,72,No,46662,835748,0.388,1
APP-01177,44,Bachelor,Business,Single,1,Urban,21,121587,728,2350567,60,No,50450,987042,0.415,1
APP-01178,48,PhD,Self-employed,Single,4,Rural,21,292533,682,930171,12,No,88029,170787,0.301,1
APP-01179,47,Intermediate,Self-employed,Married,3,Rural,22,208175,648,2573836,24,Yes,120655,677329,0.58,0
APP-01180,35,Master,Salaried,Single,1,Urban,13,125037,606,1132540,24,No,54540,1076415,0.436,1
APP-01181,33,PhD,Salaried,Single,3,Urban,8,215369,617,2739505,36,No,96696,883623,0.449,1
APP-01182,43,Master,Salaried,Single,0,Rural,17,96603,584,687699,36,No,23685,509961,0.245,1
APP-01183,43,Bachelor,Unemployed,Married,3,Rural,14,55215,509,2142103,72,No,33859,364318,0.613,0
APP-01184,60,Matric,Salaried,Single,2,Urban,32,108840,725,568571,36,Yes,19101,600301,0.175,1
APP-01185,33,Bachelor,Salaried,Married,0,Semiurban,9,145459,725,814564,48,No,20084,886861,0.138,1
APP-01186,60,Master,Salaried,Married,1,Rural,37,262453,629,1673656,84,Yes,22905,2149662,0.087,1
APP-01187,37,Bachelor,Salaried,Single,3,Rural,13,114847,758,2980729,72,No,46821,533538,0.408,1
APP-01188,50,Intermediate,Business,Married,2,Semiurban,26,86888,592,194449,12,No,19149,533048,0.22,1
APP-01189,26,Bachelor,Salaried,Single,3,Semiurban,3,71522,671,1326907,72,Yes,21477,115696,0.3,0
APP-01190,23,Bachelor,Salaried,Married,0,Urban,0,150894,773,1938042,36,No,66139,537703,0.438,1
APP-01191,37,PhD,Business,Single,0,Urban,11,164170,556,705109,84,No,10234,157215,0.062,1
APP-01192,47,Bachelor,Self-employed,Single,3,Semiurban,19,216989,628,199830,36,No,6418,1886919,0.03,1
APP-01193,29,Bachelor,Unemployed,Single,3,Semiurban,0,43301,493,1695164,72,No,28240,50285,0.652,0
APP-01194,38,Master,Salaried,Married,4,Rural,9,205190,584,2892241,36,Yes,98979,458381,0.482,0
APP-01195,58,Matric,Salaried,Married,2,Urban,34,212682,701,768975,48,Yes,17379,1693534,0.082,1
APP-01196,21,Intermediate,Business,Married,0,Urban,0,280937,582,2939593,24,Yes,134783,864840,0.48,0
APP-01197,58,Master,Salaried,Married,4,Semiurban,31,149298,575,1831804,12,Yes,196158,129779,1.314,0
APP-01198,41,Master,Business,Married,1,Rural,12,234327,668,903369,60,Yes,17383,535400,0.074,1
APP-01199,56,Bachelor,Business,Married,1,Semiurban,33,210610,753,433390,48,No,11101,138658,0.053,1
APP-01200,37,Bachelor,Salaried,Married,3,Rural,15,151167,522,499308,60,Yes,10697,939588,0.071,1
APP-01201,37,Bachelor,Salaried,Married,4,Rural,9,163476,607,583121,72,Yes,9410,1453455,0.058,0
APP-01202,44,Bachelor,Salaried,Married,0,Semiurban,18,188023,802,2899792,60,Yes,57065,1169694,0.304,1
APP-01203,37,Bachelor,Salaried,Married,3,Urban,9,106093,609,2903627,24,No,140260,616348,1.322,1
APP-01204,62,Intermediate,Salaried,Married,3,Semiurban,38,236816,704,993320,60,Yes,19878,1798809,0.084,1
APP-01205,35,Matric,Salaried,Married,4,Urban,7,58495,720,2403275,72,No,38652,273035,0.661,0
APP-01206,46,Master,Salaried,Married,4,Semiurban,19,106876,581,378852,12,Yes,40201,198338,0.376,0
APP-01207,33,Bachelor,Salaried,Single,0,Urban,8,92089,605,1666509,12,No,160025,99831,1.738,0
APP-01208,35,Master,Salaried,Married,4,Semiurban,9,152871,507,1724748,48,No,41796,814137,0.273,1
APP-01209,47,Intermediate,Unemployed,Married,3,Urban,25,75484,703,1736073,24,Yes,90850,532283,1.204,0
APP-01210,59,PhD,Salaried,Married,4,Urban,35,261499,509,740546,12,Yes,69127,2035710,0.264,1
APP-01211,44,Matric,Salaried,Married,3,Semiurban,22,69345,520,2900704,84,No,37498,615848,0.541,0
APP-01212,56,Master,Business,Single,2,Rural,33,212222,699,693982,60,No,14229,50693,0.067,1
APP-01213,29,Bachelor,Self-employed,Married,2,Urban,1,71497,799,242512,24,Yes,12975,381598,0.181,1
APP-01214,22,Intermediate,Business,Married,3,Urban,0,129839,815,2045853,12,Yes,213995,589701,1.648,1
APP-01215,58,Bachelor,Self-employed,Married,3,Semiurban,35,176588,540,1961416,84,No,26540,1307983,0.15,1
APP-01216,51,Matric,Business,Single,4,Urban,22,287260,694,397535,12,Yes,39770,911451,0.138,1
APP-01217,45,Intermediate,Self-employed,Married,0,Semiurban,20,93348,752,1264501,84,No,17127,149769,0.183,1
APP-01218,26,Intermediate,Salaried,Married,4,Urban,3,79502,767,2157261,36,Yes,66056,457543,0.831,1
APP-01219,37,Bachelor,Self-employed,Married,1,Rural,12,116310,544,947724,72,No,16008,707499,0.138,1
APP-01220,40,Master,Unemployed,Single,2,Urban,18,85910,518,1832331,60,No,33957,760362,0.395,0
APP-01221,31,Bachelor,Self-employed,Married,0,Semiurban,2,207711,764,2194035,72,Yes,38050,216337,0.183,1
APP-01222,40,Matric,Self-employed,Married,1,Urban,17,245558,475,2424962,72,No,38178,1844746,0.155,1
APP-01223,49,Bachelor,Salaried,Married,4,Urban,22,107166,778,2912194,72,No,47447,938399,0.443,1
APP-01224,41,Intermediate,Business,Married,3,Urban,16,333779,671,2382728,60,Yes,44120,184953,0.132,1
APP-01225,42,Master,Salaried,Married,3,Rural,19,247249,806,2361854,72,No,40198,1332967,0.163,1
APP-01226,40,Master,Business,Married,1,Urban,14,311914,605,2531791,72,No,41788,2061283,0.134,1
APP-01227,22,Bachelor,Salaried,Married,4,Urban,0,175801,740,1686019,24,Yes,84478,929483,0.481,0
APP-01228,43,Master,Self-employed,Single,0,Urban,19,125942,624,1712986,60,No,34216,121513,0.272,1
APP-01229,57,Master,Unemployed,Married,1,Urban,28,105276,511,289932,60,Yes,5278,204162,0.05,0
APP-01230,22,Matric,Business,Single,0,Urban,0,83062,601,2846455,84,No,43931,709545,0.529,0
APP-01231,21,Bachelor,Business,Single,4,Urban,0,147281,567,1088494,24,Yes,56524,997114,0.384,0
APP-01232,48,Intermediate,Salaried,Single,3,Urban,26,144508,516,2603240,12,No,257881,663114,1.785,0
APP-01233,50,Bachelor,Business,Married,4,Rural,24,250813,799,2617850,60,No,47934,1213888,0.191,1
APP-01234,56,Master,Unemployed,Married,4,Semiurban,31,125324,461,978269,84,No,14599,893881,0.116,0
APP-01235,24,PhD,Business,Married,3,Rural,0,211262,828,982399,12,No,99913,1679285,0.473,1
APP-01236,64,Matric,Salaried,Married,1,Rural,35,221382,631,1046363,36,Yes,36636,1528991,0.165,0
APP-01237,59,Intermediate,Salaried,Married,4,Semiurban,31,199351,624,2164797,12,Yes,224945,1245078,1.128,0
APP-01238,33,Bachelor,Business,Single,2,Urban,11,224158,679,2764882,48,No,64838,1575474,0.289,1
APP-01239,58,Matric,Business,Married,2,Urban,35,187784,609,2994936,24,Yes,137099,1111652,0.73,0
APP-01240,30,Bachelor,Business,Single,1,Semiurban,2,232554,696,268561,24,No,12731,2016389,0.055,1
APP-01241,22,Bachelor,Business,Single,1,Urban,0,153406,644,1062524,48,No,25228,675130,0.164,1
APP-01242,28,PhD,Self-employed,Married,1,Rural,0,180826,558,969891,48,Yes,23993,1492988,0.133,1
APP-01243,52,Matric,Business,Married,3,Urban,25,309300,661,2537475,36,No,82306,703920,0.266,1
APP-01244,61,Master,Salaried,Married,1,Urban,39,168142,595,981979,72,Yes,17669,1090976,0.105,1
APP-01245,52,Bachelor,Unemployed,Married,2,Semiurban,24,71650,514,2570394,60,No,47777,37424,0.667,0
APP-01246,54,Bachelor,Business,Married,2,Rural,27,336558,757,1917820,72,No,33447,1207113,0.099,1
APP-01247,32,Master,Salaried,Single,2,Semiurban,3,210313,731,188074,24,No,9059,1514895,0.043,1
APP-01248,64,Bachelor,Salaried,Married,0,Semiurban,37,205447,738,232316,72,No,4080,802922,0.02,1
APP-01249,36,Bachelor,Business,Married,4,Semiurban,11,267295,625,749914,36,Yes,24884,1120428,0.093,0
APP-01250,46,Bachelor,Salaried,Married,3,Rural,17,211216,690,2353749,60,No,44077,1000975,0.209,1
APP-01251,55,Intermediate,Salaried,Married,4,Semiurban,33,82940,625,2760209,84,No,40014,112885,0.482,0
APP-01252,51,Matric,Business,Married,1,Urban,25,178682,765,757729,84,No,11687,357238,0.065,1
APP-01253,60,Master,Unemployed,Single,0,Urban,36,125891,580,2068946,36,Yes,63165,337367,0.502,0
APP-01254,61,Bachelor,Salaried,Married,1,Rural,37,234750,788,2406995,48,Yes,62643,315056,0.267,1
APP-01255,24,Master,Salaried,Married,0,Rural,0,198773,780,2889608,60,No,58905,1449977,0.296,1
APP-01256,63,Master,Self-employed,Married,0,Semiurban,36,216106,618,2356726,36,Yes,76161,1334114,0.352,0
APP-01257,33,Bachelor,Business,Married,1,Urban,9,269291,785,2705018,48,No,68282,2155575,0.254,1
APP-01258,53,Intermediate,Salaried,Married,2,Rural,26,94951,720,2254478,36,No,70510,758877,0.743,1
APP-01259,27,Intermediate,Salaried,Married,1,Urban,0,64017,543,1248626,48,No,29334,288427,0.458,0
APP-01260,62,Bachelor,Salaried,Single,0,Semiurban,34,218312,446,2172745,60,No,40629,748360,0.186,1
APP-01261,58,Master,Business,Married,0,Semiurban,36,352377,685,715929,48,No,18165,1625226,0.052,1
APP-01262,23,Master,Business,Married,4,Urban,0,269740,594,1683750,60,Yes,31687,2285460,0.117,1
APP-01263,45,Master,Salaried,Married,2,Rural,23,130280,639,102438,12,No,10638,475393,0.082,1
APP-01264,61,Bachelor,Salaried,Single,3,Semiurban,33,214807,618,2767874,12,No,268546,1640865,1.25,1
APP-01265,50,Bachelor,Salaried,Married,4,Urban,21,194012,671,1605859,24,Yes,73870,890480,0.381,0
APP-01266,48,Intermediate,Salaried,Single,0,Urban,19,99429,646,967595,24,Yes,49767,636112,0.501,0
APP-01267,48,Bachelor,Salaried,Married,3,Rural,25,120804,555,1582107,24,Yes,78243,648100,0.648,0
APP-01268,44,Master,Salaried,Married,2,Urban,17,222604,651,1322465,12,No,122442,1769646,0.55,1
APP-01269,57,Bachelor,Self-employed,Married,0,Semiurban,29,197281,637,775221,48,No,17544,1212128,0.089,1
APP-01270,28,Master,Salaried,Single,0,Semiurban,5,103374,678,1733669,84,No,24729,38634,0.239,1
APP-01271,31,Bachelor,Business,Single,1,Semiurban,4,191082,687,282482,72,No,4990,1369767,0.026,1
APP-01272,29,Bachelor,Business,Single,1,Urban,1,193392,764,914356,72,No,15706,1065888,0.081,1
APP-01273,37,Master,Self-employed,Married,3,Semiurban,14,274115,644,1932413,60,No,40657,256968,0.148,1
APP-01274,24,Master,Salaried,Married,2,Semiurban,0,200424,576,587843,12,Yes,56097,1604928,0.28,0
APP-01275,59,Bachelor,Self-employed,Single,1,Semiurban,37,180516,721,2045486,24,No,94801,423437,0.525,1
APP-01276,34,Bachelor,Salaried,Married,2,Semiurban,9,97661,704,629325,12,Yes,62690,155765,0.642,0
APP-01277,39,Intermediate,Business,Married,2,Semiurban,14,87352,723,1523034,12,No,161487,449378,1.849,0
APP-01278,54,Bachelor,Salaried,Single,2,Rural,31,188294,850,885345,12,Yes,85359,180632,0.453,1
APP-01279,62,Intermediate,Salaried,Married,1,Urban,33,130437,622,1061731,12,Yes,96339,420685,0.739,0
APP-01280,45,Matric,Salaried,Single,4,Urban,20,84157,645,2593691,12,Yes,246629,348295,2.931,0
APP-01281,45,PhD,Self-employed,Single,4,Rural,17,192032,727,1211290,24,Yes,65043,1016298,0.339,1
APP-01282,37,Matric,Salaried,Single,2,Urban,8,156304,652,1731629,36,Yes,53928,1074511,0.345,0
APP-01283,61,Master,Business,Single,3,Urban,39,176640,632,1696925,60,No,32753,1038232,0.185,1
APP-01284,55,Bachelor,Business,Married,1,Urban,27,226053,846,1181458,12,Yes,120405,549989,0.533,1
APP-01285,36,Bachelor,Salaried,Single,4,Semiurban,13,85574,605,1901952,12,Yes,194833,41368,2.277,0
APP-01286,29,PhD,Self-employed,Single,0,Semiurban,0,123333,750,2680148,84,Yes,38869,384770,0.315,1
APP-01287,33,Bachelor,Salaried,Married,0,Semiurban,4,67718,615,2743584,84,No,37478,98909,0.553,0
APP-01288,58,Bachelor,Unemployed,Married,3,Semiurban,29,68228,662,2988481,48,No,73019,324684,1.07,0
APP-01289,36,Bachelor,Salaried,Married,0,Rural,8,188079,696,1609579,60,Yes,34144,1050210,0.182,1
APP-01290,63,PhD,Salaried,Married,2,Semiurban,41,239921,717,792859,60,Yes,15448,2049903,0.064,1
APP-01291,57,Bachelor,Unemployed,Married,1,Urban,29,110139,469,885334,84,No,12661,568212,0.115,1
APP-01292,44,Matric,Business,Married,3,Urban,15,85011,528,1085043,48,No,28559,140374,0.336,0
APP-01293,27,Master,Business,Married,0,Rural,2,302849,606,2015883,24,No,100500,1992673,0.332,1
APP-01294,59,PhD,Salaried,Married,0,Urban,34,199637,592,2553732,36,No,91738,107417,0.46,1
APP-01295,45,Master,Salaried,Married,3,Urban,18,192996,662,1764588,24,No,87367,469329,0.453,1
APP-01296,59,Bachelor,Salaried,Married,1,Semiurban,35,248287,850,313699,12,No,30087,267470,0.121,1
APP-01297,57,Matric,Salaried,Single,3,Semiurban,33,218071,659,2499941,72,No,38805,349758,0.178,1
APP-01298,41,Master,Self-employed,Married,4,Semiurban,16,118336,602,432924,12,No,46844,519652,0.396,0
APP-01299,49,Master,Business,Married,0,Urban,21,240014,705,2011950,84,No,28074,1850980,0.117,1
APP-01300,54,Bachelor,Salaried,Married,1,Rural,25,243503,650,882884,12,Yes,84773,750079,0.348,1
APP-01301,39,Bachelor,Salaried,Single,2,Semiurban,15,193438,611,2782897,84,Yes,42355,1558160,0.219,0
APP-01302,51,Master,Salaried,Single,3,Semiurban,29,152091,685,2711173,36,No,83048,844673,0.546,1
APP-01303,22,Intermediate,Unemployed,Married,2,Urban,0,31177,485,242412,48,No,5840,93035,0.187,0
APP-01304,31,Master,Salaried,Single,4,Rural,5,107990,703,804960,48,Yes,20367,898908,0.189,1
APP-01305,50,Intermediate,Self-employed,Single,2,Urban,28,208326,615,2260417,72,No,36348,142141,0.174,0
APP-01306,26,Bachelor,Self-employed,Single,3,Urban,0,94035,656,1226859,12,Yes,116198,480449,1.236,0
APP-01307,43,Master,Business,Married,2,Semiurban,16,358543,736,2295383,36,Yes,70952,2839707,0.198,1
APP-01308,27,Bachelor,Unemployed,Married,2,Semiurban,5,41937,563,911399,36,No,28278,312476,0.674,0
APP-01309,38,Master,Salaried,Married,1,Semiurban,15,227836,679,2099491,72,Yes,35294,637943,0.155,1
APP-01310,48,Master,Salaried,Married,0,Urban,24,145495,542,2903810,72,No,46239,604360,0.318,1
APP-01311,51,Bachelor,Self-employed,Single,3,Semiurban,29,156781,719,243977,12,Yes,25721,1162267,0.164,1
APP-01312,47,Bachelor,Salaried,Single,0,Urban,24,197335,566,1818002,12,No,179097,58544,0.908,0
APP-01313,60,Master,Unemployed,Single,3,Semiurban,34,100167,619,1883318,12,No,183619,113018,1.833,0
APP-01314,34,Intermediate,Salaried,Single,4,Semiurban,12,130040,725,1158677,12,No,111381,714345,0.857,1
APP-01315,36,Master,Self-employed,Married,3,Urban,9,226422,697,1552303,36,Yes,46788,1724494,0.207,1
APP-01316,35,Bachelor,Unemployed,Married,1,Rural,6,44271,487,1403375,60,No,29986,24418,0.677,0
APP-01317,38,Master,Business,Married,2,Semiurban,15,272370,701,2779168,72,No,49096,1270505,0.18,1
APP-01318,62,Intermediate,Unemployed,Married,2,Urban,40,84778,520,657466,84,No,9808,460470,0.116,0
APP-01319,39,Master,Salaried,Married,0,Urban,12,194434,635,443367,60,No,9597,1257305,0.049,1
APP-01320,58,Matric,Self-employed,Married,4,Urban,31,191027,610,2926693,48,No,71332,1493388,0.373,0
APP-01321,31,Bachelor,Salaried,Married,4,Semiurban,2,84027,588,2433793,60,Yes,50885,512532,0.606,0
APP-01322,54,Bachelor,Business,Married,1,Semiurban,25,187113,700,1727295,36,No,61996,200984,0.331,1
APP-01323,59,Bachelor,Salaried,Married,3,Semiurban,31,124998,490,2865583,12,Yes,300241,804473,2.402,0
APP-01324,64,Bachelor,Salaried,Married,3,Urban,40,224100,538,2427271,60,Yes,48472,1588894,0.216,1
APP-01325,26,Bachelor,Salaried,Married,4,Semiurban,0,102577,733,2016388,24,Yes,108811,103005,1.061,0
APP-01326,22,Master,Salaried,Single,1,Urban,0,207161,600,993242,72,No,17740,1210204,0.086,1
APP-01327,23,Intermediate,Business,Married,4,Urban,0,210263,721,346921,36,No,11517,1668666,0.055,1
APP-01328,29,Intermediate,Unemployed,Married,4,Semiurban,3,35313,485,743606,24,Yes,39662,27528,1.123,0
APP-01329,26,Bachelor,Business,Married,2,Urban,2,302189,599,207535,24,No,10624,1587077,0.035,1
APP-01330,39,Bachelor,Salaried,Single,4,Urban,11,93626,651,1332219,48,No,35010,749979,0.374,1
APP-01331,56,PhD,Self-employed,Single,2,Semiurban,29,208768,760,709251,36,No,24318,147693,0.116,1
APP-01332,51,Bachelor,Salaried,Married,4,Semiurban,28,230218,612,1405967,12,No,136714,861168,0.594,0
APP-01333,36,Master,Self-employed,Married,4,Semiurban,10,205960,616,1079314,24,Yes,57095,575904,0.277,0
APP-01334,34,Master,Unemployed,Single,1,Semiurban,6,67878,665,2795750,24,No,133909,148260,1.973,0
APP-01335,48,Master,Salaried,Single,1,Urban,24,116060,505,1371028,60,Yes,27590,360600,0.238,1
APP-01336,35,Intermediate,Salaried,Married,3,Semiurban,12,175103,734,1112063,12,No,101624,1047711,0.58,1
APP-01337,30,Intermediate,Salaried,Single,1,Urban,7,70540,633,2815648,24,Yes,131997,394033,1.871,0
APP-01338,53,Bachelor,Salaried,Single,0,Rural,28,248416,677,2849334,12,Yes,276923,697246,1.115,1
APP-01339,37,Bachelor,Salaried,Married,3,Urban,8,205932,731,1178662,24,Yes,58821,1203549,0.286,1
APP-01340,41,Intermediate,Business,Married,2,Rural,15,254913,673,1340653,84,No,18422,1562844,0.072,1
APP-01341,50,Master,Business,Single,4,Urban,27,235293,648,129715,24,No,7024,1559904,0.03,1
APP-01342,25,Intermediate,Salaried,Single,2,Semiurban,2,192019,838,1557541,72,Yes,26768,1600196,0.139,1
APP-01343,58,Matric,Self-employed,Single,2,Semiurban,31,139268,762,147830,84,Yes,2234,482224,0.016,1
APP-01344,41,Intermediate,Self-employed,Single,0,Urban,16,198087,678,1289611,60,No,24183,82613,0.122,1
APP-01345,43,Master,Salaried,Single,3,Semiurban,16,109757,606,1329024,72,No,22304,161170,0.203,1
APP-01346,63,Intermediate,Salaried,Married,3,Semiurban,41,108847,557,1023925,36,No,35390,726300,0.325,0
APP-01347,56,Bachelor,Salaried,Single,3,Semiurban,29,208358,569,2257682,72,No,35047,37122,0.168,1
APP-01348,35,Bachelor,Self-employed,Married,1,Semiurban,10,160694,712,2652222,72,Yes,40461,823713,0.252,1
APP-01349,26,Intermediate,Salaried,Married,0,Urban,1,67365,663,1205340,36,No,41149,355161,0.611,1
APP-01350,58,Bachelor,Salaried,Married,1,Urban,29,166197,753,873205,12,Yes,89622,1056374,0.539,1
APP-01351,21,Matric,Salaried,Single,3,Semiurban,0,118845,594,2750786,48,No,67840,911105,0.571,0
APP-01352,63,Bachelor,Salaried,Married,1,Urban,34,131865,625,502628,48,Yes,11861,895591,0.09,1
APP-01353,52,Bachelor,Salaried,Single,3,Semiurban,26,115745,697,2941423,36,No,94561,651673,0.817,1
APP-01354,54,Intermediate,Self-employed,Married,1,Urban,25,205664,652,1952883,36,No,60008,1342051,0.292,1
APP-01355,24,Matric,Salaried,Single,2,Urban,0,102394,703,326073,24,No,15869,347468,0.155,1
APP-01356,52,Intermediate,Business,Married,3,Rural,27,278663,585,722041,24,No,38334,381007,0.138,1
APP-01357,43,PhD,Unemployed,Married,1,Semiurban,18,104158,447,264411,36,Yes,8607,448596,0.083,0
APP-01358,30,Intermediate,Business,Married,0,Urban,4,172205,677,2581843,48,No,65668,178482,0.381,1
APP-01359,28,Master,Salaried,Married,2,Rural,0,174365,798,1453838,24,No,69070,1310985,0.396,1
APP-01360,22,Intermediate,Business,Single,1,Urban,0,304605,696,877156,60,No,15901,298766,0.052,1
APP-01361,46,Master,Business,Married,4,Semiurban,18,275113,674,1806880,36,No,58700,1910214,0.213,1
APP-01362,51,Bachelor,Unemployed,Married,3,Urban,24,67679,482,243954,84,No,3508,259720,0.052,0
APP-01363,24,Bachelor,Self-employed,Single,4,Rural,0,216521,758,285123,12,No,28586,867624,0.132,1
APP-01364,48,Bachelor,Salaried,Single,2,Urban,24,110555,714,2838558,84,No,38007,665483,0.344,1
APP-01365,42,Master,Self-employed,Single,4,Urban,14,164749,683,577347,84,Yes,8029,667992,0.049,1
APP-01366,23,Intermediate,Unemployed,Married,3,Semiurban,1,36160,560,1804911,84,No,27274,199721,0.754,0
APP-01367,64,Bachelor,Business,Married,4,Urban,37,181120,765,962582,48,Yes,22482,161391,0.124,1
APP-01368,40,Bachelor,Salaried,Single,4,Rural,16,149818,633,2665893,72,No,43846,128222,0.293,1
APP-01369,46,Matric,Salaried,Married,1,Urban,17,173638,752,1623342,72,No,25246,1528472,0.145,1
APP-01370,23,Matric,Salaried,Married,1,Urban,0,82059,530,2618797,24,Yes,132647,358434,1.616,0
APP-01371,40,Bachelor,Salaried,Single,2,Semiurban,16,160200,588,2677465,24,Yes,135587,1150188,0.846,0
APP-01372,63,Master,Salaried,Married,3,Urban,39,154568,698,1685667,48,No,44836,338905,0.29,1
APP-01373,56,Matric,Unemployed,Married,1,Urban,30,72357,551,2734659,24,Yes,138190,321009,1.91,0
APP-01374,38,Master,Self-employed,Single,2,Semiurban,15,126368,567,2104803,36,No,63422,1028528,0.502,0
APP-01375,45,Bachelor,Self-employed,Single,0,Urban,20,86599,478,2773137,24,No,137200,119537,1.584,0
APP-01376,37,Master,Self-employed,Single,1,Urban,11,236719,770,1011575,60,No,19950,1864315,0.084,1
APP-01377,58,Bachelor,Self-employed,Married,0,Urban,34,210948,627,2895148,48,Yes,66969,1245607,0.317,1
APP-01378,64,Master,Business,Married,4,Rural,36,387695,686,1291452,84,Yes,18206,2445815,0.047,1
APP-01379,35,Intermediate,Business,Married,0,Semiurban,6,272036,712,2174632,72,Yes,38877,1233034,0.143,1
APP-01380,47,Bachelor,Salaried,Married,2,Urban,21,103263,577,1226161,84,Yes,18720,25628,0.181,0
APP-01381,30,Master,Self-employed,Married,1,Urban,1,69348,667,2086889,72,No,35466,366512,0.511,1
APP-01382,27,Intermediate,Salaried,Married,3,Semiurban,0,61458,620,2618023,36,Yes,80195,503622,1.305,0
APP-01383,26,Matric,Business,Single,3,Semiurban,4,149621,709,2135315,36,Yes,72138,591690,0.482,0
APP-01384,64,Matric,Salaried,Married,2,Semiurban,35,114959,625,787887,48,No,20607,382507,0.179,1
APP-01385,36,Master,Business,Married,1,Urban,14,292491,850,275477,12,No,29637,514898,0.101,1
APP-01386,40,Intermediate,Self-employed,Married,1,Semiurban,17,171648,557,977000,12,No,91326,418286,0.532,0
APP-01387,24,Intermediate,Unemployed,Single,0,Rural,0,33011,677,1118585,84,Yes,17013,13825,0.515,0
APP-01388,37,Master,Self-employed,Single,0,Urban,8,257873,550,2691067,72,No,43552,2271516,0.169,1
APP-01389,32,Matric,Business,Married,0,Urban,9,201256,621,2673042,36,Yes,89017,169500,0.442,0
APP-01390,51,Master,Business,Married,0,Urban,29,146085,618,2016212,12,No,197207,982382,1.35,1
APP-01391,39,Master,Self-employed,Married,0,Rural,15,176346,618,2613736,48,No,69195,605543,0.392,1
APP-01392,45,Bachelor,Self-employed,Single,0,Urban,17,85291,636,150044,24,No,7589,619288,0.089,1
APP-01393,28,Bachelor,Salaried,Single,3,Urban,4,119445,705,496562,12,Yes,53652,836949,0.449,1
APP-01394,29,Intermediate,Self-employed,Single,4,Rural,4,87791,690,2782133,84,No,37863,220087,0.431,0
APP-01395,40,Bachelor,Business,Single,1,Semiurban,15,175251,668,404608,84,Yes,5310,961712,0.03,1
APP-01396,21,Bachelor,Salaried,Single,3,Semiurban,0,96514,521,937620,48,Yes,21898,539848,0.227,0
APP-01397,30,Intermediate,Salaried,Single,1,Urban,5,93850,626,1843396,36,Yes,60300,221980,0.643,0
APP-01398,44,Intermediate,Salaried,Married,3,Urban,22,158332,721,1526148,60,No,31017,1270246,0.196,1
APP-01399,53,Matric,Salaried,Single,0,Semiurban,27,164056,756,2721970,12,No,259502,577275,1.582,1
APP-01400,21,Master,Unemployed,Married,4,Urban,0,55103,675,860263,12,No,89787,359790,1.629,0
APP-01401,45,PhD,Self-employed,Married,1,Rural,21,287332,688,2208932,72,Yes,36253,646984,0.126,1
APP-01402,48,Intermediate,Business,Married,3,Rural,23,224269,761,1494021,72,No,22905,558155,0.102,1
APP-01403,57,Bachelor,Self-employed,Married,3,Urban,33,185784,739,2099657,72,No,34092,267471,0.184,1
APP-01404,24,Bachelor,Self-employed,Single,0,Urban,2,218674,719,1321172,84,No,17482,657010,0.08,1
APP-01405,25,Intermediate,Business,Married,1,Semiurban,3,183145,635,1173666,12,Yes,118480,109895,0.647,0
APP-01406,45,Bachelor,Salaried,Single,0,Semiurban,16,220025,680,2256085,24,No,114982,571544,0.523,1
APP-01407,57,Bachelor,Unemployed,Married,4,Urban,28,89630,643,2042853,36,Yes,70791,692159,0.79,0
APP-01408,23,Master,Salaried,Married,2,Urban,0,73255,590,1052791,84,Yes,13765,471322,0.188,1
APP-01409,44,Matric,Business,Single,2,Urban,21,132133,616,608469,60,Yes,13046,646288,0.099,0
APP-01410,42,Master,Unemployed,Married,2,Semiurban,18,87248,528,873418,24,No,42520,470189,0.487,0
APP-01411,45,Bachelor,Salaried,Married,1,Urban,17,134221,727,1595298,84,No,22154,305843,0.165,1
APP-01412,30,PhD,Salaried,Married,1,Rural,7,213902,576,1882700,24,Yes,90739,265117,0.424,0
APP-01413,50,Bachelor,Business,Married,2,Urban,25,226777,711,1511504,12,No,148694,739443,0.656,1
APP-01414,28,Bachelor,Salaried,Single,2,Urban,4,100184,622,238519,60,Yes,4876,469091,0.049,1
APP-01415,32,Intermediate,Salaried,Married,3,Urban,5,160139,709,1342582,84,No,19539,1381769,0.122,1
APP-01416,27,PhD,Salaried,Single,2,Semiurban,0,153004,804,1931246,48,No,49839,507288,0.326,1
APP-01417,36,Master,Business,Married,2,Semiurban,13,157679,717,2252962,12,No,228153,1047825,1.447,1
APP-01418,57,Bachelor,Salaried,Married,2,Urban,32,169480,486,2145963,60,Yes,45088,613672,0.266,0
APP-01419,44,Master,Salaried,Married,0,Semiurban,19,133566,578,466014,48,No,12008,878591,0.09,1
APP-01420,54,Bachelor,Salaried,Married,0,Urban,25,168162,557,1360780,24,Yes,71997,446211,0.428,1
APP-01421,41,Master,Business,Single,4,Urban,12,255010,745,608594,48,No,15301,1297156,0.06,1
APP-01422,64,PhD,Salaried,Married,3,Semiurban,35,169341,850,177185,60,Yes,3455,1463672,0.02,1
APP-01423,54,Master,Unemployed,Single,0,Rural,30,91411,609,2391051,24,Yes,120487,804415,1.318,0
APP-01424,40,Bachelor,Salaried,Married,1,Semiurban,15,189405,579,1737899,60,No,37065,1502403,0.196,1
APP-01425,28,Bachelor,Salaried,Single,2,Urban,6,188751,607,1602224,48,No,39674,411889,0.21,1
APP-01426,53,Intermediate,Salaried,Married,0,Semiurban,27,158495,547,2583057,72,Yes,39728,227975,0.251,0
APP-01427,47,Bachelor,Salaried,Married,3,Rural,22,119495,619,838592,24,Yes,45093,564868,0.377,0
APP-01428,56,Bachelor,Unemployed,Married,4,Urban,34,121472,603,183299,84,Yes,2730,703540,0.022,0
APP-01429,56,Master,Salaried,Married,0,Rural,27,241455,660,2970633,12,No,275161,356768,1.14,1
APP-01430,49,Intermediate,Salaried,Married,1,Urban,27,136120,737,2423426,36,No,76757,83513,0.564,1
APP-01431,58,Bachelor,Business,Married,1,Semiurban,31,145272,621,1015360,84,No,13597,236562,0.094,1
APP-01432,46,Master,Salaried,Married,3,Semiurban,19,178322,568,2922635,36,No,94135,358128,0.528,0
APP-01433,22,Intermediate,Salaried,Married,0,Semiurban,0,148363,630,2534212,12,No,266872,1304325,1.799,0
APP-01434,58,Master,Salaried,Single,4,Semiurban,36,190022,717,2282846,60,No,42939,205333,0.226,1
APP-01435,34,Intermediate,Salaried,Single,3,Urban,5,165314,663,2952088,24,Yes,153006,833426,0.926,0
APP-01436,23,Intermediate,Unemployed,Married,0,Rural,0,39926,561,2777482,24,Yes,138278,324867,3.463,0
APP-01437,39,Master,Business,Single,1,Rural,12,110517,674,216048,84,No,3129,346972,0.028,1
APP-01438,52,Bachelor,Self-employed,Married,3,Urban,23,178076,750,1412151,36,Yes,46332,972798,0.26,1
APP-01439,48,Intermediate,Salaried,Single,2,Urban,19,84442,667,1964131,48,No,51963,431976,0.615,0
APP-01440,39,Matric,Salaried,Married,4,Urban,15,63633,599,964465,60,No,20039,415234,0.315,0
APP-01441,45,Matric,Salaried,Married,3,Urban,21,79443,801,1235969,60,No,23168,552358,0.292,1
APP-01442,48,Master,Unemployed,Married,3,Urban,20,86929,535,2624056,48,Yes,68403,246424,0.787,0
APP-01443,30,Bachelor,Salaried,Single,3,Urban,6,77356,671,2435109,36,No,82658,563119,1.069,1
APP-01444,62,Bachelor,Salaried,Single,3,Urban,34,113813,502,1209139,12,Yes,120524,75638,1.059,0
APP-01445,49,Master,Salaried,Married,3,Rural,21,224772,662,2463866,12,No,254468,239810,1.132,0
APP-01446,62,Master,Salaried,Married,3,Rural,34,181379,481,967414,36,No,30894,654927,0.17,1
APP-01447,51,Bachelor,Business,Married,4,Semiurban,24,239903,836,1297961,12,No,132329,1509543,0.552,1
APP-01448,49,PhD,Business,Single,4,Urban,26,260254,715,1625090,12,No,159720,131232,0.614,1
APP-01449,52,Master,Self-employed,Single,1,Semiurban,28,122619,660,2303809,72,No,41426,1026466,0.338,1
APP-01450,57,Matric,Salaried,Married,3,Rural,34,127692,773,1221496,72,No,20345,471811,0.159,1
APP-01451,35,Master,Business,Single,4,Urban,12,357790,647,816743,24,No,40786,1535524,0.114,1
APP-01452,28,Master,Business,Married,3,Urban,6,148417,712,2391707,48,No,59993,982360,0.404,1
APP-01453,42,Intermediate,Self-employed,Married,0,Rural,18,186923,697,566401,24,No,30210,499774,0.162,1
APP-01454,62,PhD,Salaried,Married,2,Urban,38,195868,676,2442891,24,No,113259,60093,0.578,1
APP-01455,31,Bachelor,Salaried,Married,2,Semiurban,5,195645,666,1799963,24,No,82673,818391,0.423,1
APP-01456,52,Bachelor,Salaried,Single,0,Semiurban,23,187019,718,2856308,72,No,48233,431744,0.258,1
APP-01457,45,Master,Salaried,Single,3,Semiurban,16,142933,621,296166,72,No,4992,1258805,0.035,1
APP-01458,26,Master,Salaried,Single,4,Semiurban,4,81909,650,2039128,60,Yes,38968,718612,0.476,1
APP-01459,60,Bachelor,Business,Married,0,Semiurban,33,228270,649,1157978,72,No,18826,922553,0.082,1
APP-01460,25,Bachelor,Business,Married,2,Urban,2,274026,649,305471,12,Yes,32664,2290249,0.119,1
APP-01461,50,Matric,Salaried,Married,1,Urban,21,181937,695,754654,12,No,78846,1076433,0.433,1
APP-01462,25,Intermediate,Salaried,Married,0,Semiurban,1,98643,700,2017797,36,Yes,62763,209460,0.636,0
APP-01463,54,Bachelor,Business,Married,2,Urban,30,319907,744,629951,36,No,20152,780602,0.063,1
APP-01464,29,Master,Salaried,Married,1,Semiurban,6,146378,516,1138370,12,No,107100,514121,0.732,0
APP-01465,57,Bachelor,Salaried,Single,1,Rural,35,176193,457,2339776,84,Yes,31259,1349720,0.177,1
APP-01466,49,Bachelor,Salaried,Single,3,Semiurban,21,136815,677,1869121,84,No,25472,389326,0.186,1
APP-01467,22,Master,Self-employed,Single,4,Rural,0,142303,536,1402974,12,Yes,135142,483457,0.95,0
APP-01468,30,Master,Self-employed,Married,1,Urban,2,92289,651,2653579,36,No,94462,284857,1.024,1
APP-01469,58,Bachelor,Unemployed,Single,2,Rural,30,101431,646,420051,24,No,18915,451939,0.186,0
APP-01470,46,Master,Salaried,Married,0,Rural,24,201689,658,2316001,84,Yes,35533,191721,0.176,1
APP-01471,64,Bachelor,Salaried,Married,4,Semiurban,37,266974,776,1807022,84,Yes,23880,967397,0.089,1
APP-01472,26,Matric,Salaried,Married,2,Semiurban,4,169752,722,605365,36,No,19753,974667,0.116,1
APP-01473,51,Bachelor,Self-employed,Single,4,Semiurban,27,203534,579,2880684,24,No,137383,1531930,0.675,0
APP-01474,53,Bachelor,Salaried,Single,3,Semiurban,30,95060,760,1633784,84,No,22054,536545,0.232,1
APP-01475,29,Master,Self-employed,Married,4,Urban,2,209188,538,2069265,24,No,108404,657899,0.518,0
APP-01476,44,Bachelor,Business,Single,3,Rural,18,318437,638,2606953,24,No,138197,1793927,0.434,0
APP-01477,33,Matric,Business,Married,2,Semiurban,5,282861,654,988767,84,Yes,14745,2492062,0.052,1
APP-01478,30,PhD,Salaried,Married,2,Rural,8,235319,733,497053,12,No,47768,1252342,0.203,1
APP-01479,28,Bachelor,Unemployed,Single,2,Semiurban,2,42485,550,925017,36,No,27843,185926,0.655,0
APP-01480,26,PhD,Self-employed,Married,4,Urban,3,184916,804,2718979,24,No,134935,24202,0.73,0
APP-01481,28,Intermediate,Self-employed,Single,1,Semiurban,0,73344,763,1034471,84,No,14102,608671,0.192,1
APP-01482,51,Master,Self-employed,Married,3,Rural,27,148610,550,1181510,72,No,19718,247685,0.133,1
APP-01483,38,Bachelor,Salaried,Single,4,Urban,10,201993,744,770912,12,No,70958,831079,0.351,1
APP-01484,63,Bachelor,Self-employed,Single,3,Semiurban,38,168291,850,455698,60,No,9741,1396809,0.058,1
APP-01485,57,Bachelor,Salaried,Married,3,Urban,35,116291,751,2320561,72,No,39156,128502,0.337,1
APP-01486,42,Intermediate,Salaried,Single,1,Semiurban,16,112832,688,2840265,84,No,36924,345108,0.327,0
APP-01487,61,Intermediate,Business,Single,0,Semiurban,34,109082,694,495982,60,No,9538,436375,0.087,1
APP-01488,31,Bachelor,Salaried,Married,2,Semiurban,4,183205,702,786592,84,No,11984,65210,0.065,1
APP-01489,34,Intermediate,Business,Married,4,Rural,11,223669,721,2309176,24,No,124694,30077,0.557,0
APP-01490,61,Bachelor,Salaried,Married,2,Urban,33,134196,820,2209893,12,Yes,223411,142321,1.665,1
APP-01491,34,Intermediate,Salaried,Married,2,Rural,9,109488,688,419642,12,Yes,41127,71711,0.376,0
APP-01492,56,Intermediate,Salaried,Married,1,Urban,27,219296,623,1760383,72,Yes,27658,37618,0.126,1
APP-01493,45,Intermediate,Unemployed,Married,3,Semiurban,23,66799,594,1722370,72,No,28848,253244,0.432,0
APP-01494,61,Intermediate,Salaried,Single,0,Rural,32,92395,614,477261,36,No,15991,417000,0.173,1
APP-01495,58,Bachelor,Self-employed,Married,2,Urban,33,255185,676,380512,12,Yes,34776,1687166,0.136,1
APP-01496,45,Intermediate,Business,Married,4,Semiurban,16,124537,738,676587,24,No,31535,911174,0.253,1
APP-01497,51,Intermediate,Business,Married,1,Semiurban,23,231720,653,1646466,36,No,49699,1712850,0.214,1
APP-01498,38,Master,Salaried,Single,0,Urban,15,98381,760,2236718,48,No,53899,402938,0.548,1
APP-01499,38,Intermediate,Salaried,Married,3,Urban,11,59588,518,2438721,72,No,37856,271536,0.635,0
APP-01500,63,Intermediate,Salaried,Married,0,Rural,34,108790,581,331059,60,Yes,6844,952509,0.063,0
APP-01501,54,Master,Salaried,Married,4,Urban,31,172620,590,564193,60,Yes,11961,899920,0.069,0
APP-01502,34,Intermediate,Self-employed,Married,4,Urban,12,84976,777,2207785,36,No,74409,191607,0.876,0
APP-01503,35,Bachelor,Salaried,Single,3,Rural,6,123039,598,2972671,24,Yes,145795,880037,1.185,0
APP-01504,43,Matric,Unemployed,Single,3,Rural,15,61406,729,1709096,84,No,24561,425004,0.4,0
APP-01505,49,Intermediate,Business,Single,4,Rural,23,278816,617,509366,48,Yes,13052,284198,0.047,0
APP-01506,54,Bachelor,Self-employed,Single,1,Urban,25,127349,769,2717903,12,No,260712,756572,2.047,1
APP-01507,62,Intermediate,Unemployed,Married,2,Urban,40,71108,549,1783489,72,No,32086,420874,0.451,0
APP-01508,62,Master,Self-employed,Married,4,Urban,33,294466,612,845723,60,Yes,16126,2223406,0.055,0
APP-01509,29,Matric,Self-employed,Single,1,Urban,2,148263,606,815577,48,No,19606,804780,0.132,1
APP-01510,59,Intermediate,Business,Married,2,Urban,31,144490,636,2065996,84,Yes,31069,611952,0.215,1
APP-01511,28,Bachelor,Self-employed,Single,3,Rural,5,69877,752,2113488,84,No,29424,487237,0.421,1
APP-01512,52,Intermediate,Unemployed,Married,1,Semiurban,28,64085,669,122507,84,Yes,1600,168747,0.025,1
APP-01513,35,Bachelor,Salaried,Single,1,Semiurban,10,129507,623,1721348,84,Yes,23043,396242,0.178,1
APP-01514,64,Matric,Business,Married,2,Urban,35,205253,695,1771079,12,Yes,188124,1000544,0.917,0
APP-01515,21,Intermediate,Unemployed,Married,0,Urban,0,27153,537,379709,48,No,9294,131559,0.342,0
APP-01516,47,Master,Salaried,Married,3,Semiurban,24,196662,732,2254346,72,No,37678,681666,0.192,1
APP-01517,48,Bachelor,Salaried,Married,2,Rural,19,105953,766,2749427,72,Yes,46061,86848,0.435,1
APP-01518,25,Bachelor,Self-employed,Single,3,Rural,0,90409,744,642750,72,No,11271,99299,0.125,1
APP-01519,63,Master,Business,Married,4,Semiurban,34,182260,661,2737361,60,No,56119,552101,0.308,1
APP-01520,55,Intermediate,Unemployed,Married,2,Rural,27,66920,573,2545407,24,Yes,115492,598175,1.726,0
APP-01521,55,Master,Self-employed,Married,2,Urban,26,132548,651,2306489,48,Yes,54722,1023875,0.413,1
APP-01522,58,PhD,Salaried,Married,3,Rural,35,157213,609,2729025,84,No,38769,1075414,0.247,1
APP-01523,34,Matric,Salaried,Single,3,Urban,11,116678,682,1757428,72,No,29727,784393,0.255,1
APP-01524,41,Bachelor,Unemployed,Married,2,Rural,18,74548,556,2066109,60,No,42479,385950,0.57,0
APP-01525,30,Matric,Salaried,Married,1,Semiurban,2,46429,760,1109154,36,Yes,38710,260527,0.834,0
APP-01526,44,Bachelor,Salaried,Single,1,Urban,18,175836,693,2006131,72,Yes,32267,166857,0.184,1
APP-01527,36,Bachelor,Salaried,Married,4,Urban,9,176122,575,2641346,60,No,48550,619766,0.276,1
APP-01528,48,Bachelor,Business,Single,4,Semiurban,19,215789,758,2418195,36,Yes,82355,1336409,0.382,1
APP-01529,54,Bachelor,Salaried,Married,3,Urban,32,159147,702,1032774,84,Yes,14066,406873,0.088,1
APP-01530,24,PhD,Self-employed,Married,1,Urban,0,100120,594,1162908,72,No,20289,117716,0.203,1
APP-01531,60,Bachelor,Business,Single,1,Urban,37,163879,785,1817063,12,Yes,187441,694764,1.144,1
APP-01532,61,Bachelor,Salaried,Single,3,Semiurban,38,216124,704,1103008,48,No,29439,1315256,0.136,1
APP-01533,61,PhD,Salaried,Married,4,Semiurban,32,184845,618,1508088,72,No,27183,1140621,0.147,1
APP-01534,64,Bachelor,Business,Married,4,Semiurban,42,146388,692,1387679,72,No,23985,101123,0.164,1
APP-01535,54,Bachelor,Salaried,Single,0,Urban,30,230886,640,236659,24,Yes,11309,1148368,0.049,1
APP-01536,62,Matric,Self-employed,Single,4,Rural,36,112095,593,1908868,48,No,51352,160018,0.458,0
APP-01537,39,Master,Salaried,Single,4,Semiurban,14,190755,617,2904801,84,No,38397,392968,0.201,1
APP-01538,51,Bachelor,Business,Single,3,Urban,26,138333,686,371759,12,No,34075,241129,0.246,1
APP-01539,62,PhD,Salaried,Married,2,Urban,38,178641,607,2959582,72,No,46908,1291374,0.263,1
APP-01540,23,Matric,Business,Married,4,Urban,0,208643,705,1635818,84,No,22448,332195,0.108,1
APP-01541,44,Bachelor,Salaried,Single,3,Urban,17,201583,740,299269,24,No,16096,1146871,0.08,1
APP-01542,26,Bachelor,Self-employed,Single,2,Urban,0,178975,527,1440070,48,No,34820,960636,0.195,1
APP-01543,35,Master,Unemployed,Single,1,Urban,10,71270,691,1559613,12,No,166049,168025,2.33,1
APP-01544,58,Bachelor,Salaried,Single,1,Urban,29,160707,630,109201,36,No,3524,29941,0.022,1
APP-01545,46,Intermediate,Business,Single,3,Urban,19,230749,667,167583,72,No,2880,1873802,0.012,1
APP-01546,27,Intermediate,Salaried,Married,1,Urban,1,179619,611,1288977,24,Yes,64698,1449099,0.36,0
APP-01547,37,Bachelor,Salaried,Single,4,Semiurban,11,79450,397,1319715,72,No,21610,144400,0.272,1
APP-01548,37,Master,Salaried,Married,1,Urban,12,211710,555,1403595,84,No,20021,1617662,0.095,1
APP-01549,28,Bachelor,Salaried,Single,0,Semiurban,1,85023,664,1859999,12,No,196509,303904,2.311,1
APP-01550,36,Intermediate,Business,Single,4,Semiurban,12,194236,525,2765409,72,No,43631,1602614,0.225,1
APP-01551,23,Intermediate,Salaried,Single,2,Rural,1,62947,626,291157,60,Yes,5844,349636,0.093,0
APP-01552,61,Master,Unemployed,Single,2,Semiurban,32,95465,560,321002,12,Yes,32755,633420,0.343,0
APP-01553,59,Bachelor,Self-employed,Married,1,Semiurban,31,140655,604,577210,84,No,7696,817864,0.055,1
APP-01554,29,PhD,Business,Married,1,Semiurban,7,139462,395,1115005,48,Yes,26612,159389,0.191,0
APP-01555,38,Bachelor,Unemployed,Married,4,Urban,15,62271,572,442873,60,Yes,8117,352313,0.13,0
APP-01556,50,PhD,Salaried,Married,0,Urban,26,188903,820,387238,72,Yes,6297,80656,0.033,1
APP-01557,38,Master,Salaried,Married,0,Semiurban,13,184615,697,2345607,12,Yes,251730,460615,1.364,1
APP-01558,60,Master,Salaried,Married,0,Urban,36,186979,611,1514149,36,Yes,52358,446196,0.28,1
APP-01559,62,Matric,Self-employed,Married,3,Urban,40,116728,564,2992612,84,No,43642,315963,0.374,0
APP-01560,29,Bachelor,Business,Single,2,Rural,5,261882,708,1896688,36,No,62341,1161332,0.238,1
APP-01561,37,Bachelor,Salaried,Single,3,Urban,11,78364,549,2575481,12,No,247118,224521,3.153,0
APP-01562,59,Master,Salaried,Single,1,Rural,32,165157,606,1051031,12,No,98851,97081,0.599,0
APP-01563,27,Intermediate,Business,Married,3,Urban,1,66197,571,581818,36,No,20531,556499,0.31,0
APP-01564,41,PhD,Salaried,Married,2,Rural,12,120216,629,1613419,36,No,55343,705649,0.46,0
APP-01565,44,Bachelor,Self-employed,Single,2,Urban,21,255318,647,2093604,84,Yes,28995,530674,0.114,1
APP-01566,61,Bachelor,Business,Single,0,Urban,36,188514,850,322047,12,No,30729,883586,0.163,1
APP-01567,58,PhD,Business,Married,2,Urban,31,400690,700,1095774,72,No,19324,3103722,0.048,1
APP-01568,48,Master,Salaried,Married,1,Semiurban,23,110558,811,103857,24,No,5130,230079,0.046,1
APP-01569,36,Intermediate,Salaried,Married,4,Rural,7,180751,588,882409,84,No,13510,1470376,0.075,1
APP-01570,30,Bachelor,Business,Married,4,Urban,5,253954,607,2555269,48,Yes,61307,548093,0.241,1
APP-01571,30,Intermediate,Salaried,Married,0,Urban,1,155566,619,1593340,48,No,36912,364818,0.237,1
APP-01572,35,Intermediate,Salaried,Single,3,Rural,10,75629,569,2391232,84,No,36070,76533,0.477,0
APP-01573,38,Bachelor,Salaried,Single,4,Urban,9,129484,414,1034609,72,No,17526,895890,0.135,1
APP-01574,37,Matric,Self-employed,Married,4,Rural,14,134391,674,1720269,60,Yes,36656,277535,0.273,0
APP-01575,25,Bachelor,Salaried,Single,3,Rural,0,113353,783,846577,12,Yes,82555,455729,0.728,0
APP-01576,30,Master,Salaried,Married,0,Semiurban,2,196090,573,167824,84,No,2440,366691,0.012,1
APP-01577,60,PhD,Salaried,Married,1,Urban,32,182914,596,1472074,72,Yes,22480,1511093,0.123,1
APP-01578,37,Intermediate,Business,Married,1,Rural,11,199099,651,1766345,36,Yes,53130,85018,0.267,0
APP-01579,41,Intermediate,Salaried,Married,0,Semiurban,18,170576,688,1577294,12,Yes,143132,904466,0.839,1
APP-01580,38,Matric,Self-employed,Single,1,Rural,13,90378,641,1160041,48,Yes,29971,348141,0.332,0
APP-01581,55,Master,Salaried,Married,1,Urban,32,204703,750,2943408,72,Yes,51299,1363100,0.251,1
APP-01582,29,Master,Self-employed,Married,0,Semiurban,3,247120,734,687344,12,No,63707,764233,0.258,1
APP-01583,32,PhD,Salaried,Married,4,Urban,10,153606,618,886686,12,No,85807,474657,0.559,1
APP-01584,62,Matric,Unemployed,Married,4,Rural,35,46067,642,1384179,60,Yes,27173,250655,0.59,0
APP-01585,26,Bachelor,Salaried,Single,4,Urban,0,137888,638,1113689,72,No,16872,24866,0.122,0
APP-01586,47,Bachelor,Salaried,Married,0,Urban,19,110839,573,1752122,48,No,41851,925055,0.378,1
APP-01587,58,Master,Business,Married,0,Urban,35,360366,661,813695,12,No,81258,1199648,0.225,1
APP-01588,31,PhD,Business,Single,1,Urban,5,340394,702,441140,48,No,11305,1885842,0.033,1
APP-01589,26,Master,Salaried,Single,4,Semiurban,2,201522,698,2330975,72,Yes,39942,1403904,0.198,1
APP-01590,60,Matric,Unemployed,Single,3,Urban,35,82378,586,722260,36,No,23718,315383,0.288,0
APP-01591,56,Bachelor,Unemployed,Married,2,Semiurban,33,75168,590,1031229,24,No,50851,184115,0.676,0
APP-01592,25,Bachelor,Salaried,Married,3,Semiurban,3,77153,623,438084,60,No,9077,333540,0.118,1
APP-01593,58,Bachelor,Salaried,Single,3,Semiurban,29,141222,547,622126,60,No,12114,1085196,0.086,1
APP-01594,28,Bachelor,Business,Married,0,Urban,1,129141,614,678523,12,Yes,72830,123307,0.564,0
APP-01595,60,Master,Salaried,Married,4,Urban,35,211719,520,1396186,12,Yes,144211,815269,0.681,0
APP-01596,29,Bachelor,Business,Married,2,Rural,5,282440,821,1637411,36,No,56810,2492605,0.201,1
APP-01597,41,Master,Self-employed,Married,1,Urban,15,142236,676,1286135,24,No,67709,1058482,0.476,1
APP-01598,57,Matric,Salaried,Married,0,Semiurban,31,169279,778,2384135,48,No,62961,913571,0.372,1
APP-01599,49,Bachelor,Salaried,Single,1,Urban,20,187674,723,1137634,60,Yes,22347,270346,0.119,1
APP-01600,31,Master,Business,Single,3,Urban,2,312777,546,1133196,12,Yes,107896,2782029,0.345,0
APP-01601,52,Matric,Business,Married,3,Semiurban,30,303654,850,1720957,48,No,40831,2291740,0.134,1
APP-01602,56,Master,Self-employed,Single,0,Urban,33,241277,570,1104667,36,No,33207,380570,0.138,1
APP-01603,42,Bachelor,Salaried,Single,0,Urban,20,154103,679,1353975,72,Yes,23942,658207,0.155,1
APP-01604,42,Master,Self-employed,Single,1,Rural,14,257131,768,309611,72,No,5393,2251203,0.021,1
APP-01605,52,Bachelor,Self-employed,Single,4,Semiurban,26,146967,696,838761,36,No,27503,761266,0.187,1
APP-01606,60,Bachelor,Salaried,Married,0,Semiurban,31,174572,650,299387,24,No,15600,1549869,0.089,1
APP-01607,48,Bachelor,Salaried,Married,1,Rural,19,117487,715,2078524,60,No,44060,263107,0.375,1
APP-01608,50,Matric,Self-employed,Married,3,Semiurban,21,96803,635,2691923,48,No,71929,709909,0.743,0
APP-01609,32,Intermediate,Business,Married,1,Urban,3,209280,701,2256178,12,Yes,216467,951648,1.034,1
APP-01610,43,Bachelor,Business,Single,0,Urban,15,280770,850,189037,24,No,9963,1084351,0.035,1
APP-01611,44,Matric,Self-employed,Married,3,Urban,16,65588,687,2974256,60,Yes,64345,287713,0.981,0
APP-01612,53,Master,Salaried,Single,3,Semiurban,28,191443,573,2884706,12,No,310459,437900,1.622,1
APP-01613,64,Master,Salaried,Single,0,Rural,42,177059,645,866032,12,No,89594,128724,0.506,0
APP-01614,53,Master,Unemployed,Married,3,Urban,29,82947,520,2748986,48,No,61907,110804,0.746,0
APP-01615,53,PhD,Self-employed,Single,4,Urban,29,155322,666,916566,72,No,15878,464887,0.102,1
APP-01616,52,Bachelor,Business,Single,2,Semiurban,29,310555,640,1437284,48,No,38470,1671257,0.124,1
APP-01617,23,Master,Salaried,Single,4,Semiurban,0,152013,656,1415777,72,Yes,22307,333420,0.147,1
APP-01618,31,Master,Business,Married,2,Semiurban,3,236048,785,637831,84,No,9370,674504,0.04,1
APP-01619,40,PhD,Self-employed,Married,4,Semiurban,13,179543,564,2160957,60,No,42454,301199,0.236,1
APP-01620,60,Bachelor,Business,Single,3,Urban,36,343037,711,319055,84,No,4694,1740174,0.014,1
APP-01621,60,Matric,Self-employed,Married,3,Urban,34,184745,659,1262161,60,No,27337,964359,0.148,1
APP-01622,41,PhD,Self-employed,Married,0,Urban,12,167650,551,2365712,12,Yes,227148,22155,1.355,0
APP-01623,26,Master,Self-employed,Married,3,Semiurban,1,211335,785,644175,12,No,59485,1156508,0.281,1
APP-01624,51,Bachelor,Salaried,Single,0,Urban,29,161197,802,2311584,60,No,45149,1214377,0.28,1
APP-01625,49,Matric,Salaried,Married,4,Urban,25,129107,766,536677,48,No,14186,809848,0.11,1
APP-01626,61,Master,Salaried,Married,4,Rural,36,159169,848,1357550,60,No,28075,998480,0.176,1
APP-01627,28,Bachelor,Salaried,Married,4,Semiurban,0,139351,626,799493,72,Yes,13767,47972,0.099,0
APP-01628,29,Bachelor,Business,Married,4,Urban,3,257608,777,2710756,72,No,44244,1798663,0.172,1
APP-01629,37,Bachelor,Business,Married,4,Urban,8,186660,724,1162467,72,Yes,18998,868515,0.102,1
APP-01630,56,Master,Self-employed,Married,2,Urban,30,201199,833,1126117,12,Yes,118240,1438495,0.588,0
APP-01631,58,Intermediate,Salaried,Single,3,Urban,36,167315,558,1019419,48,No,24988,17076,0.149,1
APP-01632,51,Bachelor,Salaried,Married,2,Rural,28,220271,800,2987993,12,Yes,317708,95443,1.442,0
APP-01633,58,Master,Business,Married,1,Semiurban,32,365156,577,1942936,24,No,96683,1387123,0.265,1
APP-01634,38,Matric,Salaried,Married,0,Urban,11,55690,603,2936987,72,No,47155,281466,0.847,0
APP-01635,48,Intermediate,Salaried,Single,3,Semiurban,19,148583,724,2231574,72,Yes,35857,1114860,0.241,1
APP-01636,50,Bachelor,Unemployed,Married,1,Urban,25,69717,534,116328,84,No,1552,198812,0.022,1
APP-01637,53,Bachelor,Salaried,Single,1,Rural,30,135822,613,1084766,84,No,14227,876236,0.105,1
APP-01638,32,Intermediate,Self-employed,Single,1,Urban,3,199049,558,761311,48,Yes,17568,1166385,0.088,0
APP-01639,28,Master,Salaried,Married,4,Urban,5,179198,657,2026153,36,Yes,72579,1242133,0.405,1
APP-01640,22,Matric,Business,Married,4,Rural,0,183154,661,2951076,36,Yes,96660,1367055,0.528,0
APP-01641,50,Bachelor,Salaried,Married,0,Semiurban,27,179274,589,1003685,24,No,47399,1250414,0.264,1
APP-01642,22,Bachelor,Business,Married,3,Rural,0,216273,503,250651,60,No,5214,1915888,0.024,1
APP-01643,45,Bachelor,Salaried,Married,3,Semiurban,19,213509,626,2161882,36,No,76581,781935,0.359,1
APP-01644,54,Master,Business,Married,1,Semiurban,29,341311,482,2983600,12,Yes,321034,2208079,0.941,0
APP-01645,22,Bachelor,Salaried,Married,2,Urban,0,107047,702,2942784,72,No,46548,165673,0.435,1
APP-01646,59,Bachelor,Salaried,Married,0,Rural,33,173628,678,1628996,24,No,80703,699680,0.465,1
APP-01647,33,Bachelor,Self-employed,Single,0,Semiurban,7,191123,775,2855563,24,No,150251,462697,0.786,1
APP-01648,35,Bachelor,Salaried,Single,3,Urban,11,196711,614,2799008,24,No,150500,1192491,0.765,1
APP-01649,42,Bachelor,Salaried,Married,4,Urban,18,178282,708,2116791,36,No,64158,1472370,0.36,1
APP-01650,63,Master,Self-employed,Married,3,Semiurban,38,265195,654,1697312,48,No,38287,1811220,0.144,1
APP-01651,58,Master,Salaried,Married,3,Urban,29,254476,600,1351474,24,No,68230,363497,0.268,1
APP-01652,48,Bachelor,Self-employed,Single,1,Urban,26,133357,703,321519,36,No,10371,499339,0.078,1
APP-01653,42,Bachelor,Salaried,Single,4,Semiurban,13,154623,652,2411190,84,Yes,33792,112491,0.219,1
APP-01654,54,Matric,Business,Single,3,Urban,27,271505,630,104554,48,Yes,2510,977643,0.009,0
APP-01655,64,Master,Self-employed,Married,0,Semiurban,39,164219,713,1175203,60,No,22382,695345,0.136,1
APP-01656,29,Matric,Salaried,Married,0,Urban,6,65576,791,920959,48,No,23373,483139,0.356,1
APP-01657,56,Matric,Business,Married,4,Urban,32,158372,609,1962196,84,No,30355,780833,0.192,1
APP-01658,24,Bachelor,Business,Married,2,Semiurban,0,228276,828,1995367,12,No,195154,132950,0.855,1
APP-01659,49,Master,Self-employed,Single,3,Semiurban,24,164981,774,1780957,36,No,58746,1323859,0.356,1
APP-01660,40,Master,Salaried,Single,2,Rural,16,158389,632,1309056,48,Yes,31444,1268403,0.199,0
APP-01661,40,Matric,Business,Married,2,Semiurban,18,239742,850,1458121,72,No,22856,952894,0.095,1
APP-01662,40,Bachelor,Unemployed,Married,3,Urban,11,62411,653,1247101,48,Yes,29397,222151,0.471,0
APP-01663,54,Bachelor,Business,Married,2,Semiurban,29,206000,638,2279000,24,No,117819,302317,0.572,0
APP-01664,21,Bachelor,Business,Married,4,Urban,0,177576,607,829128,24,No,43501,1107766,0.245,1
APP-01665,24,Matric,Business,Married,4,Semiurban,0,93050,677,1404684,84,No,18174,277867,0.195,1
APP-01666,45,Master,Business,Married,3,Urban,23,142905,591,1879763,36,Yes,60768,742555,0.425,0
APP-01667,31,Matric,Salaried,Married,4,Semiurban,2,40568,678,228798,12,No,24473,163816,0.603,0
APP-01668,64,Bachelor,Unemployed,Married,0,Urban,41,99951,434,196816,72,Yes,2957,407974,0.03,0
APP-01669,32,Bachelor,Self-employed,Single,1,Urban,8,182614,674,462486,24,Yes,22410,1099407,0.123,1
APP-01670,56,Bachelor,Salaried,Married,2,Semiurban,30,125317,631,2445245,84,Yes,36091,36038,0.288,0
APP-01671,58,Matric,Salaried,Single,1,Urban,30,158593,850,1002140,60,No,21077,72759,0.133,1
APP-01672,29,Matric,Unemployed,Single,4,Urban,2,20869,482,1058784,36,No,37237,176133,1.784,0
APP-01673,49,Matric,Salaried,Single,2,Rural,25,179944,715,2940498,48,Yes,79114,820463,0.44,1
APP-01674,50,Master,Salaried,Married,2,Semiurban,27,177297,774,364186,24,No,18077,833692,0.102,1
APP-01675,27,Bachelor,Salaried,Married,4,Rural,1,94982,674,2034898,24,Yes,104748,663811,1.103,0
APP-01676,42,Master,Self-employed,Married,3,Rural,15,232633,544,1768416,12,No,173628,1638957,0.746,0
APP-01677,53,PhD,Salaried,Married,4,Semiurban,30,157918,682,1515743,24,No,81873,869254,0.518,1
APP-01678,34,Intermediate,Salaried,Married,3,Semiurban,11,105537,651,2842883,60,No,57665,497377,0.546,0
APP-01679,56,Intermediate,Business,Single,4,Urban,31,171759,680,755347,36,Yes,25720,1233387,0.15,1
APP-01680,39,Matric,Self-employed,Single,0,Urban,11,174539,571,639121,24,No,30488,1295411,0.175,1
APP-01681,58,Bachelor,Self-employed,Single,4,Semiurban,33,270273,517,1715957,48,No,44804,97941,0.166,0
APP-01682,37,Master,Unemployed,Single,4,Urban,9,68357,542,1899859,84,No,28517,76918,0.417,0
APP-01683,61,Intermediate,Salaried,Married,3,Semiurban,37,247964,631,2640835,36,Yes,88824,274848,0.358,0
APP-01684,41,Intermediate,Business,Married,3,Urban,14,227053,782,1984974,60,No,37102,1582777,0.163,1
APP-01685,59,Master,Self-employed,Married,2,Urban,35,298633,662,1328742,60,No,28287,1113997,0.095,1
APP-01686,61,Master,Business,Married,1,Rural,36,177827,626,2521389,60,Yes,51501,257368,0.29,0
APP-01687,62,Bachelor,Self-employed,Married,2,Rural,40,152364,740,1137577,60,No,21517,568335,0.141,1
APP-01688,43,Matric,Salaried,Single,2,Semiurban,17,186556,730,657331,36,Yes,20810,1275431,0.112,1
APP-01689,59,Intermediate,Salaried,Single,0,Urban,37,159719,675,573789,12,Yes,52257,1141477,0.327,1
APP-01690,60,Matric,Salaried,Married,3,Semiurban,31,124253,465,2611214,24,No,134235,977858,1.08,0
APP-01691,33,Bachelor,Self-employed,Married,4,Urban,5,135078,607,891583,36,No,29991,581350,0.222,1
APP-01692,38,Master,Business,Married,1,Semiurban,10,214878,629,924653,72,No,15755,289067,0.073,1
APP-01693,55,Master,Salaried,Single,3,Urban,30,206783,599,1646914,84,No,25266,800718,0.122,1
APP-01694,35,Matric,Salaried,Single,2,Semiurban,12,107104,691,2075013,60,Yes,42632,937410,0.398,0
APP-01695,33,Bachelor,Self-employed,Single,1,Semiurban,5,66719,666,2864581,84,No,38709,361114,0.58,0
APP-01696,53,Matric,Salaried,Single,1,Rural,25,159698,675,2453969,12,No,230703,1003734,1.445,1
APP-01697,39,Master,Salaried,Married,3,Urban,14,159491,691,328594,12,No,30772,603510,0.193,1
APP-01698,63,Bachelor,Salaried,Single,1,Urban,36,200913,586,2608174,12,No,259468,704873,1.291,1
APP-01699,30,Intermediate,Self-employed,Married,2,Semiurban,2,100309,556,979950,48,No,22813,196668,0.227,1
APP-01700,41,Bachelor,Business,Married,2,Rural,16,238135,713,2444856,12,Yes,230961,2022295,0.97,0
APP-01701,58,Matric,Salaried,Single,0,Urban,35,160976,637,1663758,72,No,25669,1093404,0.159,1
APP-01702,28,Intermediate,Salaried,Married,2,Rural,5,90312,715,589854,84,No,7984,758839,0.088,1
APP-01703,34,PhD,Unemployed,Married,2,Urban,5,86876,598,2876684,84,Yes,39447,292031,0.454,0
APP-01704,57,Matric,Salaried,Single,1,Semiurban,32,209326,578,2286528,84,No,30042,579335,0.144,1
APP-01705,52,Intermediate,Salaried,Single,4,Semiurban,27,139628,686,179951,24,Yes,9626,328558,0.069,1
APP-01706,43,Intermediate,Self-employed,Married,3,Rural,18,204372,605,877270,72,No,14788,260736,0.072,0
APP-01707,41,Intermediate,Self-employed,Married,3,Semiurban,14,233370,682,1942946,36,Yes,59686,418986,0.256,1
APP-01708,64,Master,Salaried,Single,2,Urban,37,167753,616,1584879,12,No,155592,1415326,0.928,0
APP-01709,36,Master,Salaried,Married,1,Rural,14,97430,784,2583161,72,Yes,42406,40845,0.435,1
APP-01710,25,PhD,Salaried,Single,3,Urban,0,121171,618,2894636,84,No,39225,935091,0.324,1
APP-01711,39,Bachelor,Salaried,Married,1,Semiurban,11,109824,505,2794218,60,No,53858,598141,0.49,1
APP-01712,33,Master,Salaried,Married,4,Urban,6,200698,754,2388897,60,Yes,45780,962409,0.228,1
APP-01713,62,Intermediate,Business,Married,2,Semiurban,34,311677,710,2410592,60,No,44720,208470,0.143,1
APP-01714,34,Master,Salaried,Single,1,Urban,11,131243,704,818728,36,No,27653,533492,0.211,1
APP-01715,45,Bachelor,Salaried,Married,4,Urban,19,149144,532,1046358,12,Yes,97802,89870,0.656,0
APP-01716,31,Master,Salaried,Single,0,Semiurban,6,123181,570,819050,48,No,18811,1028142,0.153,1
APP-01717,42,Matric,Self-employed,Single,3,Urban,18,215256,717,1903043,48,No,50685,335709,0.235,1
APP-01718,42,Bachelor,Salaried,Single,4,Urban,16,153943,783,103413,72,No,1678,30563,0.011,1
APP-01719,28,Master,Salaried,Single,4,Urban,1,172169,792,244210,36,No,8418,1205294,0.049,1
APP-01720,42,Bachelor,Salaried,Married,3,Semiurban,16,160708,792,751371,12,Yes,81198,415350,0.505,1
APP-01721,35,Matric,Salaried,Single,0,Urban,11,152884,676,2262088,12,Yes,217356,119877,1.422,0
APP-01722,38,Master,Self-employed,Married,0,Urban,12,145949,687,1002275,24,No,46614,606050,0.319,1
APP-01723,24,Master,Salaried,Single,3,Semiurban,0,88206,603,882277,36,No,26643,787974,0.302,0
APP-01724,64,Master,Salaried,Single,3,Urban,38,207802,668,2560509,72,No,46189,70403,0.222,1
APP-01725,35,Master,Business,Married,1,Urban,10,322134,625,1902043,72,Yes,31222,1685621,0.097,1
APP-01726,35,Intermediate,Business,Single,4,Urban,13,322741,671,1021619,48,No,24711,835787,0.077,1
APP-01727,23,Matric,Unemployed,Married,3,Urban,0,24080,445,1964244,84,No,27397,127537,1.138,0
APP-01728,31,Bachelor,Unemployed,Married,4,Semiurban,6,50164,498,1434646,24,No,76053,285477,1.516,0
APP-01729,61,Matric,Salaried,Married,0,Urban,32,86738,498,2402752,24,No,123390,37005,1.423,0
APP-01730,27,Intermediate,Salaried,Single,2,Urban,4,101799,751,1917236,72,Yes,33028,698696,0.324,1
APP-01731,46,Bachelor,Salaried,Married,1,Semiurban,22,152391,708,2594236,36,No,81383,872028,0.534,1
APP-01732,41,Matric,Salaried,Married,4,Rural,13,69281,728,2824541,84,No,41407,361590,0.598,0
APP-01733,37,Master,Business,Married,3,Urban,8,146310,747,2743430,60,No,53491,179271,0.366,1
APP-01734,47,Matric,Unemployed,Married,4,Semiurban,24,60457,565,1385472,24,No,65265,465453,1.08,0
APP-01735,43,Matric,Self-employed,Married,0,Urban,20,141062,562,196123,24,No,9314,1214895,0.066,1
APP-01736,64,Intermediate,Unemployed,Married,4,Rural,38,71574,577,226193,72,No,3538,77696,0.049,0
APP-01737,58,Master,Salaried,Married,0,Semiurban,29,130123,684,2310000,36,No,75644,558143,0.581,1
APP-01738,28,Bachelor,Salaried,Married,2,Rural,6,138209,764,2276638,36,Yes,77336,1239451,0.56,1
APP-01739,27,Matric,Self-employed,Single,1,Semiurban,1,167876,613,1092839,48,No,26050,929561,0.155,1
APP-01740,42,Bachelor,Business,Single,4,Urban,17,296407,710,1796161,12,No,171013,846115,0.577,0
APP-01741,37,Bachelor,Salaried,Single,1,Rural,12,215306,722,1415560,60,No,29811,882422,0.138,1
APP-01742,24,Intermediate,Salaried,Single,1,Urban,1,131526,614,2162904,48,Yes,53060,964756,0.403,0
APP-01743,36,Intermediate,Self-employed,Single,2,Urban,11,192978,563,1390151,48,No,36971,1727467,0.192,1
APP-01744,22,Master,Salaried,Single,2,Rural,0,194534,796,2368808,84,No,30607,1223787,0.157,1
APP-01745,27,Bachelor,Business,Single,4,Urban,4,192818,718,1619346,36,Yes,52547,345752,0.273,1
APP-01746,43,Master,Salaried,Married,0,Urban,21,94573,800,985464,12,No,91442,785654,0.967,1
APP-01747,52,Bachelor,Business,Married,1,Urban,29,252511,628,380684,12,No,35205,1703594,0.139,1
APP-01748,45,Master,Self-employed,Single,3,Urban,22,217959,621,2680473,36,No,87275,1225746,0.4,0
APP-01749,31,Intermediate,Business,Single,0,Urban,2,94651,763,311945,24,Yes,16094,412101,0.17,1
APP-01750,50,Matric,Self-employed,Married,2,Semiurban,22,213910,750,481416,48,No,12344,1750979,0.058,1
APP-01751,64,Master,Salaried,Married,1,Semiurban,36,225627,751,2046910,60,No,37272,1793283,0.165,1
APP-01752,36,Master,Salaried,Married,2,Urban,12,150594,590,1906407,48,No,47800,718986,0.317,1
APP-01753,28,Master,Salaried,Married,4,Urban,5,86756,696,2908390,24,No,154333,385356,1.779,1
APP-01754,32,Intermediate,Salaried,Married,0,Urban,8,126493,786,916678,60,No,16993,921300,0.134,1
APP-01755,54,Master,Salaried,Married,3,Urban,26,134643,606,1899100,72,Yes,32663,176449,0.243,1
APP-01756,26,Master,Business,Married,3,Urban,1,145360,635,2449110,12,Yes,235369,961127,1.619,0
APP-01757,58,PhD,Salaried,Married,2,Rural,30,225120,665,2178440,60,No,42654,733137,0.189,1
APP-01758,31,Bachelor,Salaried,Married,1,Semiurban,3,151493,791,1149783,72,No,18192,465636,0.12,1
APP-01759,26,Master,Self-employed,Married,2,Rural,0,203663,716,1901527,24,Yes,99525,1456453,0.489,0
APP-01760,23,Bachelor,Business,Single,2,Urban,0,279527,791,2757563,12,No,269191,2422168,0.963,1
APP-01761,63,Bachelor,Salaried,Single,2,Urban,39,200425,541,2425901,12,No,258025,343857,1.287,0
APP-01762,50,Intermediate,Salaried,Single,2,Semiurban,28,154531,635,2139545,48,Yes,50518,915579,0.327,0
APP-01763,30,Intermediate,Salaried,Married,0,Rural,4,162011,799,2295251,84,No,34829,1264149,0.215,1
APP-01764,32,Intermediate,Self-employed,Married,1,Semiurban,5,69572,735,1190343,12,No,116476,413189,1.674,1
APP-01765,36,Bachelor,Salaried,Married,2,Semiurban,11,179573,739,528625,24,No,23931,904971,0.133,1
APP-01766,55,Bachelor,Salaried,Married,4,Urban,27,222754,664,2522685,12,No,236463,867370,1.062,1
APP-01767,44,Bachelor,Self-employed,Married,1,Semiurban,16,112401,475,146939,12,No,14679,58419,0.131,1
APP-01768,34,Master,Salaried,Single,3,Urban,5,110170,583,1974449,48,Yes,48564,180956,0.441,0
APP-01769,56,Intermediate,Self-employed,Married,3,Semiurban,28,227008,580,563330,12,No,59623,1265732,0.263,1
APP-01770,62,Bachelor,Salaried,Married,4,Semiurban,40,269871,739,1564895,12,No,147630,300678,0.547,1
APP-01771,55,Bachelor,Business,Married,3,Urban,29,157556,614,2893006,72,No,44120,991556,0.28,1
APP-01772,54,Bachelor,Salaried,Single,4,Semiurban,26,229904,722,2836577,60,Yes,51604,111471,0.224,1
APP-01773,37,Master,Business,Single,1,Semiurban,12,271984,599,2021919,36,No,60706,1058372,0.223,1
APP-01774,59,Matric,Business,Married,0,Rural,31,278517,632,1843644,60,No,39303,938226,0.141,1
APP-01775,29,Bachelor,Unemployed,Married,0,Semiurban,0,51029,646,2156971,24,No,100376,304411,1.967,0
APP-01776,58,Bachelor,Self-employed,Married,2,Rural,29,245030,713,1041967,12,Yes,95062,684448,0.388,0
APP-01777,50,Master,Salaried,Single,4,Urban,28,183231,622,442679,72,No,7987,824065,0.044,1
APP-01778,51,Master,Unemployed,Married,3,Semiurban,25,101371,579,1649085,24,Yes,74224,406679,0.732,0
APP-01779,45,Master,Business,Married,0,Rural,23,166150,616,2496611,12,Yes,255752,958034,1.539,0
APP-01780,34,Intermediate,Salaried,Married,2,Urban,9,100207,585,786342,36,No,27860,15378,0.278,0
APP-01781,38,Master,Unemployed,Single,0,Semiurban,12,90072,491,1823034,48,Yes,45445,551010,0.505,0
APP-01782,61,Bachelor,Self-employed,Single,1,Semiurban,37,272340,684,1925100,72,Yes,34241,45241,0.126,1
APP-01783,21,Intermediate,Salaried,Married,1,Rural,0,100450,630,1844901,24,Yes,86054,335262,0.857,0
APP-01784,56,Matric,Unemployed,Single,2,Urban,32,68125,538,2683262,24,No,127385,119777,1.87,0
APP-01785,33,Bachelor,Salaried,Married,4,Urban,5,126323,677,216107,24,No,9971,512845,0.079,1
APP-01786,48,PhD,Business,Married,2,Urban,24,283369,515,634610,24,No,29609,1572562,0.104,1
APP-01787,39,Bachelor,Salaried,Married,0,Semiurban,17,161480,449,113763,24,No,5472,1338128,0.034,1
APP-01788,46,Bachelor,Self-employed,Married,2,Semiurban,22,276936,720,1127588,24,No,58537,2130688,0.211,1
APP-01789,38,Intermediate,Salaried,Single,2,Semiurban,14,122792,850,2718778,36,Yes,91123,313986,0.742,0
APP-01790,32,Master,Salaried,Married,0,Urban,3,199427,655,2013743,36,Yes,65832,977658,0.33,1
APP-01791,29,Master,Unemployed,Single,3,Semiurban,3,66634,716,851500,84,No,11352,21801,0.17,1
APP-01792,41,Bachelor,Salaried,Married,4,Semiurban,18,183974,668,2425954,12,No,242797,1500638,1.32,1
APP-01793,47,Master,Unemployed,Married,4,Urban,25,90438,534,545278,48,Yes,13007,798449,0.144,0
APP-01794,29,Bachelor,Business,Single,4,Semiurban,2,240202,760,2885330,72,Yes,50745,1020592,0.211,1
APP-01795,37,Master,Business,Single,2,Semiurban,10,196037,642,1974776,84,No,29209,1171360,0.149,1
APP-01796,36,Master,Self-employed,Married,2,Urban,7,187829,686,2261582,12,No,211435,1544656,1.126,1
APP-01797,45,Bachelor,Self-employed,Single,1,Semiurban,16,142125,583,243285,24,Yes,11280,725143,0.079,1
APP-01798,61,Matric,Salaried,Married,0,Semiurban,37,156297,747,743933,48,No,18454,1167235,0.118,1
APP-01799,22,Master,Business,Single,3,Rural,0,211926,580,404707,12,No,41257,347606,0.195,1
APP-01800,32,Master,Self-employed,Married,1,Semiurban,9,87351,702,2233393,72,Yes,35670,374443,0.408,0
APP-01801,34,Bachelor,Salaried,Single,2,Urban,5,129216,798,374557,72,No,6374,738445,0.049,1
APP-01802,25,Intermediate,Salaried,Married,4,Rural,1,172472,740,1138229,36,No,38317,80500,0.222,1
APP-01803,27,Bachelor,Business,Single,3,Urban,0,280575,606,2720201,12,Yes,292087,1637995,1.041,1
APP-01804,26,Master,Business,Married,0,Semiurban,0,277064,602,2314867,84,Yes,30558,2207629,0.11,1
APP-01805,56,Master,Business,Single,2,Urban,34,374938,850,2225939,24,Yes,112163,3206343,0.299,1
APP-01806,59,Intermediate,Self-employed,Married,3,Rural,30,200953,667,1587322,24,No,80392,992599,0.4,1
APP-01807,49,Bachelor,Salaried,Single,3,Urban,25,152481,740,1309332,60,Yes,28291,241620,0.186,1
APP-01808,28,Master,Business,Married,1,Rural,6,149769,710,140910,48,No,3245,1268962,0.022,1
APP-01809,45,Master,Business,Single,4,Semiurban,16,143514,772,2469199,60,No,50000,823038,0.348,1
APP-01810,53,Intermediate,Self-employed,Single,2,Urban,27,196780,668,2646734,48,No,70113,856261,0.356,1
APP-01811,22,Bachelor,Salaried,Single,0,Urban,0,184412,744,1686600,60,Yes,33645,1148508,0.182,1
APP-01812,41,Master,Salaried,Single,0,Rural,15,193054,655,1910173,24,Yes,99433,1099577,0.515,0
APP-01813,47,Intermediate,Salaried,Married,2,Rural,20,194517,639,512498,12,No,54377,719714,0.28,1
APP-01814,41,Matric,Salaried,Married,2,Rural,16,181121,625,2202644,12,Yes,207923,168564,1.148,0
APP-01815,22,Master,Salaried,Single,2,Urban,0,99136,614,946558,48,Yes,24930,789593,0.251,0
APP-01816,46,Intermediate,Salaried,Married,4,Urban,23,131265,727,1119925,36,Yes,38182,482159,0.291,1
APP-01817,27,Master,Unemployed,Married,4,Semiurban,0,65348,677,2576068,36,No,78388,523060,1.2,0
APP-01818,51,Master,Business,Married,4,Semiurban,24,185442,764,2582541,36,No,83064,1547513,0.448,1
APP-01819,43,Bachelor,Business,Married,4,Rural,18,220550,598,2187543,84,Yes,31603,527103,0.143,0
APP-01820,25,Matric,Salaried,Married,3,Semiurban,2,102902,598,2091316,84,No,29191,538628,0.284,1
APP-01821,48,Bachelor,Salaried,Married,2,Semiurban,22,188831,724,2153390,36,Yes,75847,459118,0.402,1
APP-01822,51,Bachelor,Business,Married,1,Urban,25,181904,656,2338950,12,Yes,249819,551427,1.373,1
APP-01823,38,Bachelor,Salaried,Married,0,Semiurban,12,92070,719,340734,36,Yes,10800,185946,0.117,1
APP-01824,36,Bachelor,Self-employed,Single,2,Semiurban,9,84249,534,2967876,84,No,41570,605002,0.493,0
APP-01825,22,Master,Salaried,Single,1,Semiurban,0,141210,613,1571264,84,Yes,24191,1245089,0.171,1
APP-01826,40,Intermediate,Salaried,Married,2,Semiurban,13,180846,681,1577493,36,No,55583,301766,0.307,1
APP-01827,56,Master,Salaried,Single,2,Rural,29,138245,639,1869053,36,No,56100,263154,0.406,0
APP-01828,21,Bachelor,Unemployed,Married,3,Urban,0,47735,577,2264897,84,Yes,34743,161322,0.728,0
APP-01829,62,Master,Salaried,Married,3,Urban,40,194470,669,315555,60,No,5994,826339,0.031,1
APP-01830,36,Intermediate,Self-employed,Single,1,Semiurban,7,50991,580,365232,48,No,9812,173687,0.192,0
APP-01831,40,Matric,Self-employed,Single,2,Semiurban,14,108457,711,1673315,36,No,53876,860706,0.497,1
APP-01832,60,Matric,Business,Married,0,Semiurban,33,182677,778,233018,12,No,23261,1256578,0.127,1
APP-01833,36,Bachelor,Salaried,Married,2,Semiurban,13,73159,679,643737,24,Yes,31800,261201,0.435,1
APP-01834,56,Bachelor,Business,Married,3,Urban,28,191060,715,189359,48,No,4325,638833,0.023,1
APP-01835,55,Intermediate,Salaried,Married,4,Urban,27,213781,508,800408,48,No,19093,1321057,0.089,1
APP-01836,40,Bachelor,Unemployed,Single,2,Urban,11,75129,600,2133740,36,Yes,74530,146063,0.992,0
APP-01837,55,Master,Business,Single,4,Semiurban,27,227710,793,2798555,84,Yes,41698,225611,0.183,1
APP-01838,36,Master,Business,Married,0,Semiurban,9,308660,638,2674661,24,No,127462,1427033,0.413,1
APP-01839,32,Bachelor,Self-employed,Single,0,Semiurban,10,93574,728,2871993,72,Yes,50802,795067,0.543,1
APP-01840,57,Matric,Unemployed,Single,3,Semiurban,35,86332,417,225183,60,No,4853,428706,0.056,0
APP-01841,31,Master,Self-employed,Single,4,Rural,4,174302,720,942013,84,Yes,12823,208554,0.074,1
APP-01842,56,Bachelor,Self-employed,Married,0,Urban,29,185958,678,384618,84,No,5236,1244834,0.028,1
APP-01843,37,Master,Salaried,Married,1,Rural,8,189583,770,2839689,24,No,145007,1131291,0.765,1
APP-01844,49,Master,Salaried,Single,0,Semiurban,23,173131,799,1112075,48,No,27952,737979,0.161,1
APP-01845,52,Bachelor,Self-employed,Married,0,Semiurban,27,166933,742,2296008,60,Yes,47919,830373,0.287,1
APP-01846,51,Master,Salaried,Married,0,Rural,26,122988,627,1383895,60,Yes,25708,88508,0.209,0
APP-01847,31,Master,Self-employed,Married,3,Semiurban,5,249615,638,392150,84,Yes,5457,947998,0.022,0
APP-01848,34,Intermediate,Salaried,Married,4,Rural,5,79956,562,1613588,60,No,29909,421775,0.374,0
APP-01849,57,Master,Salaried,Single,3,Semiurban,30,208354,535,2855102,24,Yes,140828,280065,0.676,0
APP-01850,30,Intermediate,Self-employed,Married,3,Semiurban,8,90665,724,2593466,24,No,123572,132043,1.363,0
APP-01851,29,Master,Salaried,Single,2,Urban,6,208964,585,1744181,60,No,32156,1273209,0.154,1
APP-01852,58,Master,Business,Single,1,Urban,30,247607,584,2649704,60,Yes,52161,1135180,0.211,1
APP-01853,29,Intermediate,Salaried,Married,0,Urban,5,97435,591,735765,60,No,15533,284582,0.159,1
APP-01854,21,PhD,Salaried,Married,0,Urban,0,162249,581,1364102,48,No,34419,1430064,0.212,1
APP-01855,47,Bachelor,Business,Married,0,Semiurban,24,280217,722,2592779,72,Yes,43503,1028645,0.155,1
APP-01856,24,Intermediate,Business,Married,2,Rural,0,230211,751,2589910,12,Yes,274952,18000,1.194,0
APP-01857,22,Matric,Self-employed,Married,4,Semiurban,0,79325,643,2449996,36,No,77323,323269,0.975,0
APP-01858,49,Bachelor,Self-employed,Married,3,Urban,20,187127,588,2412929,36,No,80408,848185,0.43,1
APP-01859,33,Matric,Self-employed,Married,1,Semiurban,5,53811,685,1844712,48,Yes,45924,35118,0.853,0
APP-01860,34,Bachelor,Business,Married,4,Urban,7,243132,587,2848488,72,No,46825,1599682,0.193,1
APP-01861,61,Master,Salaried,Single,2,Rural,39,267881,534,2477305,36,Yes,81429,552519,0.304,0
APP-01862,22,Intermediate,Salaried,Single,4,Urban,0,126870,536,2153785,24,Yes,109087,400233,0.86,0
APP-01863,28,Master,Unemployed,Married,4,Rural,6,70888,604,578706,72,Yes,9574,141777,0.135,0
APP-01864,59,Matric,Self-employed,Married,4,Urban,34,125692,640,2595202,60,No,50213,341642,0.399,0
APP-01865,54,PhD,Self-employed,Married,2,Urban,26,144652,353,1398513,84,No,19731,1077877,0.136,1
APP-01866,26,Bachelor,Salaried,Married,3,Urban,4,78457,631,352980,48,No,9034,172377,0.115,1
APP-01867,35,Master,Salaried,Single,0,Semiurban,10,105052,658,701946,84,Yes,9653,353521,0.092,1
APP-01868,30,Master,Salaried,Single,4,Urban,2,156308,584,613875,36,No,22156,392973,0.142,1
APP-01869,56,Matric,Salaried,Single,3,Semiurban,28,224362,632,1371089,72,Yes,24415,1712878,0.109,0
APP-01870,27,Intermediate,Salaried,Married,0,Semiurban,5,61212,662,2274221,72,No,34828,434572,0.569,1
APP-01871,39,Master,Salaried,Married,3,Urban,12,149514,663,1325618,72,No,21200,712969,0.142,1
APP-01872,57,Intermediate,Business,Married,4,Rural,33,334959,772,1301523,12,No,125926,1836911,0.376,1
APP-01873,24,Bachelor,Salaried,Married,3,Rural,2,154944,732,438531,24,No,19836,929339,0.128,1
APP-01874,58,Intermediate,Salaried,Married,3,Semiurban,35,238137,824,2076664,36,Yes,70144,1830407,0.295,1
APP-01875,23,Bachelor,Salaried,Married,2,Semiurban,0,57090,850,1049511,24,Yes,50424,417357,0.883,0
APP-01876,40,Matric,Self-employed,Single,4,Urban,17,157792,614,1050414,48,No,25086,984455,0.159,0
APP-01877,45,Bachelor,Self-employed,Single,4,Urban,19,271771,674,2931213,60,No,55682,770669,0.205,1
APP-01878,31,Intermediate,Salaried,Single,4,Urban,9,88928,545,1390497,48,No,35719,654472,0.402,0
APP-01879,53,Bachelor,Self-employed,Married,2,Urban,26,127923,641,2578135,24,Yes,130829,465486,1.023,0
APP-01880,29,Master,Business,Single,0,Rural,5,339316,724,913941,36,Yes,28864,1473396,0.085,1
APP-01881,48,Bachelor,Salaried,Married,1,Semiurban,26,125718,715,2964048,36,No,99839,478085,0.794,1
APP-01882,48,Master,Business,Married,4,Rural,23,132987,459,276221,48,No,7113,1152841,0.053,1
APP-01883,57,Bachelor,Salaried,Single,0,Urban,33,123624,685,2485495,84,No,36926,679197,0.299,1
APP-01884,26,Matric,Business,Single,0,Urban,2,130816,758,586676,48,No,13799,168539,0.105,1
APP-01885,49,Bachelor,Salaried,Single,1,Semiurban,25,118562,722,2626404,24,Yes,137379,587755,1.159,1
APP-01886,25,Master,Salaried,Married,2,Semiurban,0,129807,681,1590502,24,No,84269,272677,0.649,1
APP-01887,61,Master,Salaried,Married,0,Semiurban,33,173109,788,2371898,24,No,111710,107519,0.645,1
APP-01888,33,Matric,Business,Married,3,Urban,8,275812,759,537455,72,Yes,9515,1492735,0.034,1
APP-01889,58,Bachelor,Business,Single,2,Urban,35,197444,767,2225591,24,No,119018,253305,0.603,1
APP-01890,55,Intermediate,Salaried,Married,2,Rural,29,189876,787,684141,24,Yes,33731,890848,0.178,1
APP-01891,47,Intermediate,Salaried,Married,2,Semiurban,22,136469,731,1773298,24,No,80871,946388,0.593,1
APP-01892,48,Matric,Salaried,Married,4,Urban,23,188233,610,1853380,48,No,50186,202259,0.267,1
APP-01893,56,Matric,Salaried,Single,4,Semiurban,31,92409,566,2080498,72,Yes,34298,281642,0.371,0
APP-01894,22,Intermediate,Salaried,Married,3,Semiurban,0,129596,544,1416444,24,No,74692,1157281,0.576,0
APP-01895,24,Master,Business,Single,3,Semiurban,0,316355,712,1662002,72,No,27214,242359,0.086,1
APP-01896,51,Bachelor,Salaried,Married,0,Semiurban,27,167730,688,940210,24,Yes,47157,1081312,0.281,1
APP-01897,21,Bachelor,Salaried,Married,1,Rural,0,181734,566,1014065,84,Yes,15097,1443159,0.083,1
APP-01898,54,Bachelor,Salaried,Single,3,Urban,28,125792,657,373468,36,No,13225,1093176,0.105,1
APP-01899,51,Bachelor,Salaried,Married,3,Urban,28,222091,664,2285256,48,No,59200,1027108,0.267,1
APP-01900,23,Bachelor,Business,Married,1,Urban,0,269450,605,489078,12,No,50827,767370,0.189,1
APP-01901,34,Master,Unemployed,Married,1,Semiurban,5,62112,646,346877,48,Yes,9244,383142,0.149,0
APP-01902,60,PhD,Salaried,Single,2,Urban,35,271572,604,297128,60,Yes,6053,910441,0.022,1
APP-01903,44,Intermediate,Salaried,Married,1,Urban,16,100590,703,480929,60,Yes,9194,610806,0.091,1
APP-01904,59,Master,Salaried,Single,3,Urban,37,146672,555,1800144,60,No,33624,1279225,0.229,1
APP-01905,56,Bachelor,Business,Married,2,Urban,29,150046,670,2816411,48,Yes,64973,732044,0.433,1
APP-01906,54,Intermediate,Salaried,Single,2,Urban,28,142820,691,2318563,60,No,46303,553489,0.324,1
APP-01907,33,Master,Salaried,Single,2,Semiurban,7,172775,748,1851545,48,No,46804,265644,0.271,1
APP-01908,57,Intermediate,Self-employed,Single,2,Semiurban,31,155841,661,683291,60,No,13767,1125762,0.088,1
APP-01909,52,Master,Business,Married,4,Urban,28,180959,661,678044,12,No,71283,281449,0.394,1
APP-01910,56,Master,Salaried,Married,1,Urban,34,122927,769,1628340,48,No,42268,891991,0.344,1
APP-01911,29,Matric,Business,Married,0,Semiurban,2,172421,595,2603446,60,No,54650,719460,0.317,1
APP-01912,27,Master,Self-employed,Married,2,Urban,1,118707,547,2410161,48,No,54825,200991,0.462,0
APP-01913,57,Master,Business,Single,3,Urban,30,147779,740,204726,36,No,6190,311577,0.042,1
APP-01914,64,Intermediate,Salaried,Married,1,Rural,37,184922,723,335010,72,No,5044,352625,0.027,1
APP-01915,40,Bachelor,Salaried,Single,2,Urban,12,147623,601,1382477,72,No,21067,86105,0.143,1
APP-01916,25,Master,Salaried,Married,4,Rural,0,84679,694,2828486,12,Yes,284691,241042,3.362,0
APP-01917,49,Intermediate,Salaried,Married,2,Urban,23,197316,568,523817,72,Yes,8032,1735200,0.041,0
APP-01918,27,Bachelor,Self-employed,Single,2,Urban,5,211630,612,2371644,48,No,61303,378544,0.29,1
APP-01919,40,Matric,Self-employed,Married,0,Urban,14,63292,558,1709920,12,No,179059,178899,2.829,0
APP-01920,61,Intermediate,Business,Married,3,Semiurban,33,233723,646,129570,36,No,4055,1530700,0.017,1
APP-01921,33,Master,Unemployed,Married,3,Semiurban,11,93074,591,1350283,24,Yes,65912,32319,0.708,0
APP-01922,36,Intermediate,Business,Single,2,Urban,8,276045,694,2206973,12,Yes,234258,1065858,0.849,0
APP-01923,35,Bachelor,Self-employed,Married,4,Semiurban,6,236905,798,2483872,84,No,36620,1471430,0.155,1
APP-01924,22,Intermediate,Business,Married,4,Semiurban,0,167759,780,1905372,48,Yes,49404,868418,0.294,1
APP-01925,54,Matric,Salaried,Single,0,Rural,30,197938,711,2585183,60,Yes,52391,182692,0.265,1
APP-01926,47,Intermediate,Business,Single,4,Rural,18,239312,596,1888697,12,Yes,176199,955784,0.736,0
APP-01927,37,Master,Salaried,Married,3,Urban,15,170772,788,1040716,84,Yes,13542,577170,0.079,1
APP-01928,61,Bachelor,Salaried,Married,2,Semiurban,39,169423,653,2326357,36,No,70927,184830,0.419,1
APP-01929,37,Intermediate,Salaried,Married,3,Urban,9,92255,603,2715451,24,No,146797,292218,1.591,0
APP-01930,55,Master,Self-employed,Married,3,Semiurban,26,277494,772,1636504,48,No,38804,2104616,0.14,1
APP-01931,42,Intermediate,Salaried,Married,2,Semiurban,19,212191,606,2638472,24,Yes,125095,1411495,0.59,0
APP-01932,47,Bachelor,Salaried,Married,0,Semiurban,25,170757,634,422743,24,No,19374,1434032,0.113,1
APP-01933,36,Master,Unemployed,Single,2,Urban,9,77986,616,2849678,72,No,47827,583771,0.613,0
APP-01934,32,Intermediate,Salaried,Single,3,Semiurban,7,91876,684,911512,36,Yes,29491,399605,0.321,0
APP-01935,22,Bachelor,Salaried,Married,1,Semiurban,0,79982,678,570683,12,No,51488,466323,0.644,1
APP-01936,23,Bachelor,Salaried,Married,1,Semiurban,0,192816,848,2405560,36,No,82078,1635102,0.426,1
APP-01937,46,PhD,Business,Married,1,Rural,17,272744,642,556994,60,No,11298,2128797,0.041,1
APP-01938,35,Bachelor,Salaried,Married,2,Semiurban,7,71474,558,2684397,84,Yes,41177,516122,0.576,0
APP-01939,22,Bachelor,Self-employed,Married,1,Semiurban,0,136534,626,2621471,24,No,120477,1006442,0.882,0
APP-01940,45,Intermediate,Salaried,Married,3,Urban,18,100527,559,1134448,72,No,18671,579457,0.186,1
APP-01941,40,Intermediate,Business,Single,0,Rural,18,268950,763,1137592,72,No,18066,1368103,0.067,1
APP-01942,59,Matric,Business,Married,3,Urban,37,283175,605,1002414,72,Yes,15830,2213324,0.056,1
APP-01943,44,PhD,Business,Single,3,Urban,20,151017,801,2530143,72,No,44919,551479,0.297,1
APP-01944,28,Master,Self-employed,Single,0,Rural,2,152297,626,318091,60,Yes,6569,1307244,0.043,1
APP-01945,40,Intermediate,Salaried,Single,2,Semiurban,16,110686,592,362459,72,No,5487,789341,0.05,1
APP-01946,33,Intermediate,Business,Married,4,Urban,9,237210,742,1509751,36,No,51666,101897,0.218,1
APP-01947,42,Matric,Salaried,Married,2,Urban,16,158157,600,535952,48,Yes,12177,745016,0.077,0
APP-01948,25,Master,Salaried,Single,1,Urban,3,201854,675,2719060,72,No,45303,1206394,0.224,1
APP-01949,37,Master,Business,Single,2,Urban,15,147054,637,1328437,12,No,128464,459024,0.874,0
APP-01950,32,Master,Salaried,Married,1,Rural,5,161013,696,877309,84,Yes,12518,87538,0.078,1
APP-01951,42,Master,Salaried,Single,4,Semiurban,14,222954,572,1756213,24,Yes,89754,1366933,0.403,0
APP-01952,53,Bachelor,Salaried,Married,1,Urban,29,195827,781,776761,24,Yes,37190,1122110,0.19,1
APP-01953,32,Intermediate,Self-employed,Single,3,Semiurban,7,101585,679,1316407,60,No,25994,286879,0.256,1
APP-01954,22,Master,Self-employed,Married,2,Semiurban,0,101671,624,238192,24,Yes,11627,186549,0.114,0
APP-01955,22,Master,Salaried,Married,4,Urban,0,185718,708,1388040,72,No,21762,880868,0.117,1
APP-01956,64,Bachelor,Self-employed,Single,4,Urban,39,201163,645,1005309,60,No,21540,705299,0.107,1
APP-01957,36,Master,Salaried,Married,3,Urban,12,149843,784,792669,24,No,36484,978170,0.243,1
APP-01958,61,Matric,Salaried,Married,2,Urban,35,151114,569,1691763,24,No,83393,210660,0.552,0
APP-01959,47,Bachelor,Self-employed,Married,2,Rural,20,182584,680,1449614,36,No,51660,1399483,0.283,1
APP-01960,47,Bachelor,Business,Single,3,Urban,25,215944,673,1662070,36,Yes,55898,1180327,0.259,1
APP-01961,35,Master,Salaried,Single,2,Urban,9,124897,381,1808798,60,Yes,35514,860281,0.284,1
APP-01962,38,Matric,Business,Married,2,Semiurban,13,181680,564,408762,48,No,9928,794912,0.055,1
APP-01963,21,Bachelor,Salaried,Married,0,Semiurban,0,140544,635,2479430,48,No,58980,344858,0.42,1
APP-01964,35,Intermediate,Unemployed,Married,4,Semiurban,6,38994,516,1141597,60,Yes,24096,149006,0.618,0
APP-01965,49,Bachelor,Salaried,Married,0,Semiurban,20,216625,732,209538,24,No,10600,203895,0.049,1
APP-01966,62,Master,Business,Married,4,Rural,39,159059,671,338913,24,No,17209,744694,0.108,1
APP-01967,42,Bachelor,Salaried,Married,1,Semiurban,17,78856,592,173106,12,No,18713,120988,0.237,1
APP-01968,34,Intermediate,Business,Married,0,Semiurban,12,255971,671,1395339,24,No,66079,322362,0.258,1
APP-01969,49,Bachelor,Salaried,Single,1,Urban,20,82274,498,243618,24,Yes,12835,719227,0.156,0
APP-01970,62,Intermediate,Salaried,Single,3,Semiurban,36,219838,678,322202,84,No,4674,1858178,0.021,1
APP-01971,56,Matric,Salaried,Single,1,Semiurban,31,131769,607,2051896,48,No,52656,701441,0.4,1
APP-01972,21,Master,Self-employed,Married,0,Semiurban,0,119679,686,2690510,84,No,36679,578525,0.306,1
APP-01973,23,Bachelor,Salaried,Married,1,Urban,0,101304,793,2031836,36,No,67868,710304,0.67,1
APP-01974,35,Master,Business,Married,0,Urban,13,263709,727,2594187,12,Yes,241221,1040593,0.915,1
APP-01975,48,Bachelor,Unemployed,Single,0,Rural,23,76804,587,406732,24,No,21651,100491,0.282,0
APP-01976,35,Bachelor,Salaried,Married,1,Semiurban,7,118243,615,441885,84,No,6747,691867,0.057,1
APP-01977,37,Matric,Salaried,Married,0,Urban,13,90734,689,1066710,36,No,36022,813657,0.397,1
APP-01978,64,Bachelor,Self-employed,Married,4,Urban,42,225097,688,737934,48,No,19572,195935,0.087,1
APP-01979,40,Bachelor,Salaried,Married,4,Urban,15,163136,632,1046532,48,No,24369,205807,0.149,1
APP-01980,32,Master,Salaried,Single,1,Semiurban,3,115394,624,2929611,12,No,307436,887232,2.664,1
APP-01981,28,Bachelor,Business,Single,2,Urban,1,170912,467,470553,60,No,8620,1268269,0.05,1
APP-01982,58,Bachelor,Salaried,Married,0,Urban,34,129157,596,1523514,84,Yes,22900,176232,0.177,1
APP-01983,22,Bachelor,Business,Single,2,Rural,0,146227,708,1054040,48,No,24513,648743,0.168,1
APP-01984,50,Master,Self-employed,Married,4,Rural,25,113682,610,2817919,12,No,282959,1021074,2.489,0
APP-01985,39,PhD,Self-employed,Married,4,Semiurban,17,252556,777,442542,24,Yes,21319,1445110,0.084,1
APP-01986,62,Master,Self-employed,Single,0,Semiurban,33,240379,597,530518,60,No,10302,240096,0.043,1
APP-01987,50,Bachelor,Salaried,Single,3,Urban,22,208173,652,520991,48,No,12970,727220,0.062,1
APP-01988,25,Matric,Self-employed,Single,3,Urban,0,162758,760,1943492,72,Yes,30654,604399,0.188,1
APP-01989,49,Master,Self-employed,Single,4,Urban,27,195180,545,2027730,12,No,184159,91604,0.944,0
APP-01990,35,Intermediate,Salaried,Single,3,Semiurban,6,168211,618,578061,60,No,12335,1064771,0.073,1
APP-01991,51,Intermediate,Salaried,Single,0,Semiurban,24,92087,653,775489,72,No,12543,778463,0.136,1
APP-01992,25,Master,Salaried,Married,1,Semiurban,0,176154,721,2377004,84,No,36308,951932,0.206,1
APP-01993,64,Master,Business,Married,4,Urban,37,174421,808,2719234,36,No,86760,1239183,0.497,1
APP-01994,55,Intermediate,Unemployed,Married,1,Rural,28,73221,594,369330,48,No,8860,444242,0.121,0
APP-01995,25,Master,Salaried,Married,0,Urban,0,79893,733,727097,48,Yes,17673,277951,0.221,1
APP-01996,29,PhD,Salaried,Married,0,Rural,3,154434,747,591340,84,No,8075,748001,0.052,1
APP-01997,64,PhD,Business,Married,4,Rural,40,312682,757,1558382,60,No,30475,186800,0.097,1
APP-01998,58,Master,Salaried,Married,3,Urban,32,243527,675,401788,48,Yes,9766,411272,0.04,1
APP-01999,63,Master,Salaried,Married,1,Urban,40,191909,639,2445041,60,No,48051,942849,0.25,1
APP-02000,53,Bachelor,Business,Married,1,Urban,31,342712,850,2911816,48,Yes,77312,422264,0.226,1
APP-02001,38,Master,Self-employed,Single,2,Semiurban,10,251970,722,362190,84,No,5581,1452872,0.022,1
APP-02002,43,Intermediate,Salaried,Single,4,Urban,19,161234,377,1727533,12,No,161604,806384,1.002,0
APP-02003,21,Master,Self-employed,Married,0,Urban,0,242996,547,1299454,60,Yes,24558,1772753,0.101,1
APP-02004,27,Bachelor,Unemployed,Single,2,Urban,5,50145,762,1268190,36,No,42443,99484,0.846,0
APP-02005,54,Intermediate,Business,Married,0,Semiurban,29,160233,642,2231325,24,No,106187,1251534,0.663,1
APP-02006,28,Intermediate,Salaried,Married,1,Rural,5,83113,734,2833573,72,No,44022,180556,0.53,0
APP-02007,55,PhD,Salaried,Married,0,Semiurban,31,296241,698,1524137,36,Yes,48285,2108215,0.163,1
APP-02008,60,Intermediate,Self-employed,Single,2,Semiurban,35,232060,719,1144369,24,No,59560,976606,0.257,1
APP-02009,46,Bachelor,Salaried,Married,2,Semiurban,18,211526,787,2700771,36,No,84795,25573,0.401,1
APP-02010,39,Bachelor,Salaried,Married,4,Urban,11,152982,767,1363298,60,No,29123,1339078,0.19,1
APP-02011,64,Intermediate,Salaried,Single,4,Urban,41,177062,613,2135706,36,Yes,74289,53327,0.42,0
APP-02012,45,Intermediate,Business,Married,1,Urban,23,252120,605,935671,48,No,22582,376727,0.09,1
APP-02013,44,Intermediate,Business,Single,0,Semiurban,20,159074,795,1257394,72,Yes,19668,712175,0.124,1
APP-02014,42,Master,Unemployed,Married,0,Urban,17,87903,629,1305096,60,No,28248,668346,0.321,0
APP-02015,51,Intermediate,Salaried,Married,0,Urban,29,162311,847,1183606,48,Yes,28972,218920,0.178,1
APP-02016,58,Master,Salaried,Single,4,Rural,34,215722,525,158724,84,No,2434,1635379,0.011,1
APP-02017,55,Intermediate,Business,Married,4,Semiurban,33,294816,688,2203547,48,No,55056,1325870,0.187,1
APP-02018,57,Bachelor,Self-employed,Single,4,Semiurban,32,221356,832,1203660,12,No,125105,357435,0.565,0
APP-02019,59,Master,Unemployed,Single,0,Urban,37,144790,586,101676,60,No,1912,560510,0.013,1
APP-02020,62,Bachelor,Unemployed,Single,1,Semiurban,33,81241,662,2912112,84,No,41205,220489,0.507,0
APP-02021,44,Bachelor,Business,Married,3,Urban,19,246873,516,2512461,36,No,79968,1851967,0.324,1
APP-02022,24,Intermediate,Salaried,Married,2,Urban,0,75252,840,723652,24,Yes,34082,613872,0.453,0
APP-02023,62,Master,Salaried,Married,4,Urban,38,245002,602,1236024,60,No,24561,2045424,0.1,1
APP-02024,52,Intermediate,Salaried,Married,2,Semiurban,25,161473,812,1674771,84,No,24745,872911,0.153,1
APP-02025,22,Bachelor,Unemployed,Single,1,Semiurban,0,49063,586,1476993,12,Yes,148432,320847,3.025,0
APP-02026,54,Matric,Self-employed,Married,2,Rural,25,82361,589,2098069,84,No,27227,319031,0.331,0
APP-02027,39,Master,Unemployed,Married,1,Semiurban,14,76550,423,2633588,72,No,46391,397832,0.606,0
APP-02028,44,Bachelor,Self-employed,Single,2,Semiurban,15,131512,679,159133,72,Yes,2424,1058399,0.018,1
APP-02029,61,Master,Business,Married,3,Urban,34,163108,764,946383,48,No,23710,1251334,0.145,1
APP-02030,24,Bachelor,Self-employed,Married,2,Urban,2,146440,655,578805,24,No,29164,169765,0.199,1
APP-02031,56,Master,Self-employed,Married,2,Semiurban,31,267396,624,2891327,36,No,99381,469966,0.372,1
APP-02032,42,Bachelor,Business,Married,1,Urban,14,271405,562,1766508,12,Yes,180733,1341472,0.666,0
APP-02033,37,Bachelor,Salaried,Married,3,Semiurban,12,112924,601,159484,84,Yes,2455,322118,0.022,0
APP-02034,25,Intermediate,Salaried,Married,1,Semiurban,0,175326,786,337265,60,Yes,6581,1456536,0.038,1
APP-02035,25,Matric,Salaried,Married,2,Urban,0,134306,459,414291,36,No,14540,1063732,0.108,1
APP-02036,44,Master,Salaried,Married,3,Semiurban,15,139405,782,181736,36,No,5816,48921,0.042,1
APP-02037,24,Bachelor,Salaried,Married,3,Semiurban,0,110119,748,1554096,24,No,79855,41403,0.725,1
APP-02038,26,Master,Salaried,Single,0,Rural,0,146418,593,625002,60,Yes,13031,477983,0.089,1
APP-02039,29,Bachelor,Salaried,Married,2,Semiurban,5,149481,733,2838307,60,No,52791,1257590,0.353,1
APP-02040,57,Bachelor,Salaried,Single,0,Urban,31,190937,753,2135936,84,No,32729,1560304,0.171,1
APP-02041,53,Bachelor,Salaried,Married,4,Semiurban,25,146571,530,1183791,84,No,17259,636901,0.118,1
APP-02042,29,Intermediate,Business,Single,2,Rural,1,152636,637,2177616,36,Yes,73663,911076,0.483,0
APP-02043,35,Intermediate,Salaried,Married,4,Semiurban,7,189321,840,315189,12,No,30045,528225,0.159,1
APP-02044,21,Bachelor,Salaried,Married,3,Rural,0,92948,628,395169,84,No,5255,303064,0.057,1
APP-02045,56,Master,Business,Married,0,Semiurban,31,315084,724,368988,36,No,11846,754227,0.038,1
APP-02046,38,Bachelor,Salaried,Single,1,Urban,15,181710,733,858641,60,No,15800,1612356,0.087,1
APP-02047,33,Master,Self-employed,Single,2,Semiurban,10,175638,740,981461,48,No,24543,1240372,0.14,1
APP-02048,53,Intermediate,Salaried,Married,4,Semiurban,25,146094,708,261715,72,No,4364,168795,0.03,1
APP-02049,22,Intermediate,Self-employed,Single,3,Rural,0,180377,716,2611076,36,No,85156,433217,0.472,0
APP-02050,33,Matric,Salaried,Married,4,Urban,5,145175,732,209756,24,No,10393,561449,0.072,1
APP-02051,30,Matric,Salaried,Married,3,Semiurban,5,141121,625,2575383,48,Yes,69663,251495,0.494,0
APP-02052,54,Master,Salaried,Married,3,Urban,32,267977,576,1703336,48,Yes,41040,153103,0.153,0
APP-02053,62,Matric,Salaried,Married,1,Urban,38,127511,665,1368026,48,Yes,35717,269751,0.28,1
APP-02054,26,Matric,Salaried,Married,3,Semiurban,0,152611,711,282974,48,No,7567,869444,0.05,1
APP-02055,24,Intermediate,Business,Married,0,Semiurban,0,166985,684,1139586,12,Yes,103785,236316,0.622,0
APP-02056,54,Bachelor,Salaried,Married,1,Urban,29,153727,635,527189,48,No,12447,1289282,0.081,1
APP-02057,52,PhD,Salaried,Married,0,Urban,27,243180,697,1673724,36,No,59814,824348,0.246,1
APP-02058,54,Bachelor,Self-employed,Single,2,Semiurban,30,102038,717,324094,24,No,16883,21598,0.165,1
APP-02059,58,Intermediate,Unemployed,Married,1,Urban,34,69262,647,1414446,12,No,127463,239635,1.84,0
APP-02060,38,Bachelor,Salaried,Married,0,Urban,16,180852,796,1023966,72,No,16286,561848,0.09,1
APP-02061,51,Intermediate,Business,Married,1,Urban,23,281816,711,489585,60,Yes,9146,1061097,0.032,1
APP-02062,35,Master,Salaried,Married,4,Rural,11,198001,669,1076546,24,No,53849,391577,0.272,1
APP-02063,38,Intermediate,Salaried,Married,0,Semiurban,12,106296,573,665271,84,Yes,9886,845590,0.093,1
APP-02064,41,Bachelor,Salaried,Married,1,Semiurban,14,124469,613,1305823,60,No,25308,527157,0.203,1
APP-02065,46,Master,Salaried,Married,1,Semiurban,23,207515,692,1269027,84,No,16626,869543,0.08,1
APP-02066,47,Bachelor,Salaried,Married,4,Rural,21,101981,513,1847805,36,No,62841,462923,0.616,0
APP-02067,33,Bachelor,Salaried,Married,3,Semiurban,4,97696,767,1238119,48,Yes,30903,16037,0.316,1
APP-02068,33,Bachelor,Self-employed,Single,0,Semiurban,10,216875,636,2289366,36,Yes,80427,1009886,0.371,0
APP-02069,50,Master,Salaried,Married,1,Urban,24,196555,770,2934643,36,Yes,104845,1042945,0.533,1
APP-02070,59,Bachelor,Salaried,Married,4,Semiurban,36,145079,667,511560,84,Yes,6642,1220679,0.046,1
APP-02071,43,Bachelor,Business,Single,4,Urban,18,275985,690,2001444,36,No,65952,553593,0.239,1
APP-02072,58,Master,Self-employed,Married,3,Rural,33,116190,664,2201977,84,No,33764,520407,0.291,1
APP-02073,61,Bachelor,Business,Married,3,Urban,33,252614,622,1180180,60,No,24441,366671,0.097,1
APP-02074,32,Matric,Salaried,Single,1,Semiurban,7,62754,739,1513118,48,No,37371,134458,0.596,1
APP-02075,30,Matric,Salaried,Married,1,Urban,4,55449,594,215864,84,No,2969,39347,0.054,0
APP-02076,39,Master,Business,Married,1,Semiurban,16,248858,594,903959,60,Yes,17899,750594,0.072,1
APP-02077,31,Intermediate,Self-employed,Married,3,Urban,7,112286,714,1245772,60,No,26965,840984,0.24,1
APP-02078,40,Bachelor,Salaried,Married,1,Rural,16,144684,603,721931,72,No,12371,19453,0.086,1
APP-02079,38,Intermediate,Business,Married,0,Urban,11,254231,655,1673656,24,Yes,87483,1611432,0.344,0
APP-02080,57,Bachelor,Salaried,Single,4,Semiurban,32,233365,753,2474501,72,Yes,37851,1416246,0.162,1
APP-02081,30,Bachelor,Unemployed,Single,1,Semiurban,7,59152,564,675593,48,No,15612,326201,0.264,0
APP-02082,31,Bachelor,Salaried,Married,1,Rural,7,92170,700,1594707,60,No,32226,38831,0.35,1
APP-02083,37,Bachelor,Unemployed,Married,2,Rural,15,73183,630,2176491,36,No,69713,287879,0.953,0
APP-02084,64,Bachelor,Self-employed,Married,2,Semiurban,40,176387,780,610707,60,Yes,12271,448343,0.07,1
APP-02085,46,Bachelor,Salaried,Single,1,Semiurban,21,182736,581,2057187,84,Yes,30051,971329,0.164,1
APP-02086,39,Master,Self-employed,Married,2,Semiurban,14,240333,841,2514911,84,No,33386,778323,0.139,1
APP-02087,21,Master,Salaried,Married,3,Rural,0,123857,538,2852617,24,No,146400,815908,1.182,1
APP-02088,58,Matric,Self-employed,Single,1,Semiurban,36,268662,666,2400993,72,No,43125,1946818,0.161,1
APP-02089,46,Master,Business,Married,3,Urban,20,107014,664,891690,60,No,18172,912560,0.17,1
APP-02090,48,Matric,Salaried,Married,4,Urban,22,88559,609,617634,24,No,28333,219087,0.32,0
APP-02091,56,Master,Self-employed,Married,0,Urban,28,160586,549,1618954,84,No,22766,878818,0.142,1
APP-02092,27,Bachelor,Business,Married,1,Urban,4,204816,784,716814,84,Yes,10434,317957,0.051,1
APP-02093,40,Intermediate,Salaried,Married,1,Rural,13,182066,668,778539,12,No,81054,547127,0.445,1
APP-02094,30,Bachelor,Unemployed,Single,0,Urban,7,62524,624,1481313,24,No,68759,337324,1.1,0
APP-02095,54,Intermediate,Salaried,Married,1,Urban,26,121840,568,655872,24,No,33986,14983,0.279,1
APP-02096,52,Matric,Business,Married,4,Urban,29,156193,667,2366350,48,Yes,54023,820357,0.346,1
APP-02097,30,Master,Business,Single,2,Urban,2,243699,787,1839633,48,No,45580,296441,0.187,1
APP-02098,32,Intermediate,Salaried,Married,2,Urban,5,104824,666,1806076,24,No,97408,636263,0.929,1
APP-02099,31,Bachelor,Self-employed,Single,3,Urban,3,72885,626,2798087,48,No,66367,594250,0.911,0
APP-02100,61,Bachelor,Unemployed,Married,4,Urban,38,116499,628,2642871,12,No,247748,898879,2.127,0
APP-02101,61,Bachelor,Salaried,Single,0,Semiurban,39,248389,756,2151904,12,No,229060,2085588,0.922,1
APP-02102,32,Bachelor,Unemployed,Single,3,Urban,8,59189,667,2317499,36,No,79557,117780,1.344,0
APP-02103,35,Bachelor,Business,Single,2,Rural,13,198399,703,596238,12,No,61470,1375424,0.31,1
APP-02104,62,Master,Business,Single,4,Rural,36,307054,850,978896,72,No,15296,460032,0.05,1
APP-02105,58,Bachelor,Salaried,Single,0,Semiurban,34,207382,628,2935125,24,No,158317,974714,0.763,1
APP-02106,55,Intermediate,Salaried,Single,0,Semiurban,32,206294,850,538995,24,No,29162,1309225,0.141,1
APP-02107,51,Bachelor,Salaried,Married,3,Urban,25,186659,632,1679441,24,Yes,88963,595102,0.477,0
APP-02108,55,Bachelor,Salaried,Married,3,Semiurban,31,215215,627,134699,36,No,4176,869922,0.019,1
APP-02109,36,Matric,Salaried,Married,1,Urban,13,72009,621,860490,72,No,13808,617214,0.192,1
APP-02110,43,Master,Self-employed,Single,0,Urban,16,158396,722,1836161,12,No,173796,1023927,1.097,1
APP-02111,28,Matric,Business,Married,3,Urban,1,260073,757,388558,48,No,9343,516212,0.036,1
APP-02112,52,Master,Salaried,Single,0,Urban,29,134196,599,252889,24,Yes,13373,906435,0.1,1
APP-02113,45,PhD,Salaried,Married,4,Rural,20,145001,604,1821942,84,No,24307,389442,0.168,1
APP-02114,21,Bachelor,Business,Married,2,Urban,0,81869,676,1043957,48,No,27959,581883,0.342,1
APP-02115,53,Master,Salaried,Married,0,Urban,29,213410,654,126403,60,No,2526,1220058,0.012,1
APP-02116,33,Matric,Salaried,Married,2,Semiurban,8,105938,610,2009585,24,Yes,104137,244316,0.983,0
APP-02117,28,Intermediate,Unemployed,Single,3,Urban,4,48023,544,2566590,12,No,249914,111242,5.204,0
APP-02118,45,Intermediate,Self-employed,Single,1,Urban,23,215349,665,192290,72,No,3343,1498096,0.016,1
APP-02119,48,Bachelor,Unemployed,Married,4,Semiurban,22,75773,512,1391658,60,No,27631,142895,0.365,0
APP-02120,62,Intermediate,Business,Single,4,Urban,39,345999,850,2157875,24,No,115215,2454869,0.333,1
APP-02121,57,Master,Salaried,Married,3,Urban,35,191288,649,1310325,12,No,135037,250575,0.706,0
APP-02122,34,PhD,Salaried,Married,2,Rural,6,207924,680,427467,24,Yes,20418,768740,0.098,1
APP-02123,57,Bachelor,Self-employed,Married,0,Urban,35,296372,582,1929894,72,No,30861,1448259,0.104,1
APP-02124,43,PhD,Salaried,Married,2,Semiurban,19,164465,688,884646,36,No,30091,1378421,0.183,1
APP-02125,48,Matric,Salaried,Married,3,Rural,23,195764,574,2877095,36,No,88797,1653718,0.454,0
APP-02126,22,Intermediate,Salaried,Married,2,Semiurban,0,62979,715,2775469,48,No,67371,528431,1.07,0
APP-02127,34,Bachelor,Salaried,Married,3,Urban,7,198931,509,649546,36,No,21682,860756,0.109,1
APP-02128,22,Matric,Self-employed,Single,2,Rural,0,150659,626,176789,84,Yes,2482,1266122,0.016,0
APP-02129,29,Bachelor,Salaried,Married,0,Urban,0,56585,597,2883582,48,No,73146,190176,1.293,0
APP-02130,28,Master,Unemployed,Married,3,Urban,3,69334,492,2474285,84,No,33247,515174,0.48,0
APP-02131,51,PhD,Salaried,Married,4,Urban,28,245868,551,2290867,12,Yes,240009,669710,0.976,0
APP-02132,49,Master,Self-employed,Married,4,Semiurban,25,201636,624,1673930,60,No,30415,1320379,0.151,1
APP-02133,39,Master,Salaried,Single,3,Rural,15,224813,693,2615511,60,Yes,50005,1549968,0.222,1
APP-02134,26,Intermediate,Self-employed,Married,1,Rural,0,111944,608,649457,24,No,34866,164524,0.311,0
APP-02135,43,Master,Salaried,Married,3,Semiurban,16,166202,578,1677915,84,Yes,21840,678235,0.131,1
APP-02136,45,Matric,Unemployed,Married,1,Urban,16,54182,706,192543,60,No,3745,186150,0.069,0
APP-02137,53,Master,Salaried,Single,2,Rural,27,207220,772,235787,12,Yes,22842,1024804,0.11,1
APP-02138,30,Master,Self-employed,Single,4,Semiurban,2,242651,704,2936822,60,No,60125,19251,0.248,1
APP-02139,60,Matric,Salaried,Single,4,Rural,32,127285,650,454298,84,No,5981,588905,0.047,1
APP-02140,29,PhD,Unemployed,Married,1,Urban,2,78984,646,270625,48,No,6520,70313,0.083,1
APP-02141,31,Intermediate,Business,Single,3,Rural,9,138635,707,1739275,36,Yes,54890,601020,0.396,0
APP-02142,37,Bachelor,Business,Married,0,Semiurban,8,106413,672,2046562,24,No,102457,634478,0.963,1
APP-02143,25,Bachelor,Business,Single,0,Urban,0,218453,503,1587957,36,No,55256,829253,0.253,1
APP-02144,48,Master,Self-employed,Single,1,Urban,25,205365,658,2404987,84,Yes,32273,1403201,0.157,1
APP-02145,60,Master,Salaried,Single,0,Rural,37,165553,765,1906131,72,Yes,30620,793416,0.185,1
APP-02146,22,Intermediate,Unemployed,Married,2,Rural,0,24787,480,916427,12,No,90447,142749,3.649,0
APP-02147,25,Bachelor,Salaried,Married,1,Rural,1,84218,711,283937,48,No,7656,191756,0.091,1
APP-02148,27,Intermediate,Salaried,Married,4,Semiurban,3,77676,708,2994173,60,No,54082,338278,0.696,0
APP-02149,23,Intermediate,Business,Married,2,Semiurban,0,267815,630,405607,48,No,10751,1210052,0.04,1
APP-02150,48,Bachelor,Business,Single,2,Semiurban,19,272355,766,2705570,36,No,83853,1827352,0.308,1
APP-02151,24,Bachelor,Salaried,Married,2,Urban,0,63985,650,1136858,36,Yes,34691,112776,0.542,0
APP-02152,30,Matric,Business,Single,4,Semiurban,5,69736,657,1863155,60,No,34587,505728,0.496,0
APP-02153,63,Intermediate,Unemployed,Married,1,Semiurban,41,57129,688,2612244,60,No,54033,332794,0.946,0
APP-02154,28,Bachelor,Self-employed,Married,3,Urban,5,72501,694,337401,60,Yes,6568,473268,0.091,1
APP-02155,29,Master,Self-employed,Single,2,Urban,5,109686,723,1810941,84,Yes,27299,302042,0.249,1
APP-02156,43,Bachelor,Self-employed,Married,0,Rural,21,204696,727,2429626,72,No,39252,55503,0.192,1
APP-02157,57,Bachelor,Business,Married,2,Semiurban,34,278091,594,1872634,60,Yes,35907,2218345,0.129,0
APP-02158,62,Bachelor,Business,Married,4,Urban,37,285247,661,988046,12,Yes,92966,899411,0.326,0
APP-02159,39,Intermediate,Self-employed,Single,4,Urban,12,227004,778,320708,48,No,7848,170492,0.035,1
APP-02160,38,Master,Business,Single,1,Rural,15,188447,671,675854,36,No,20473,1079875,0.109,1
APP-02161,49,PhD,Salaried,Married,3,Urban,27,182029,811,731967,72,No,11713,1252166,0.064,1
APP-02162,61,Intermediate,Business,Single,4,Semiurban,37,142784,646,888161,60,No,19032,546701,0.133,0
APP-02163,25,Master,Business,Married,1,Urban,3,216153,636,1900312,48,No,50040,1942504,0.232,1
APP-02164,34,Bachelor,Self-employed,Married,0,Rural,7,123873,694,2525974,24,Yes,132157,339095,1.067,0
APP-02165,37,Intermediate,Business,Single,4,Urban,13,272332,813,1226175,60,No,22481,1975782,0.083,1
APP-02166,47,Intermediate,Salaried,Single,2,Semiurban,25,95814,633,280073,36,Yes,10042,680805,0.105,1
APP-02167,63,Bachelor,Salaried,Single,1,Urban,35,115895,624,982318,12,Yes,99329,164850,0.857,0
APP-02168,42,Bachelor,Business,Married,1,Semiurban,17,251956,557,2605496,84,No,38167,773203,0.151,1
APP-02169,38,Intermediate,Self-employed,Single,2,Urban,16,236611,694,2344614,72,No,38524,879046,0.163,1
APP-02170,42,Master,Salaried,Single,1,Semiurban,17,165649,735,186467,60,No,3619,1459811,0.022,1
APP-02171,32,Intermediate,Salaried,Married,3,Semiurban,3,84130,662,1765771,84,Yes,24690,334640,0.293,1
APP-02172,33,Bachelor,Salaried,Married,2,Urban,7,198697,678,2683178,12,Yes,287767,1370778,1.448,0
APP-02173,37,Intermediate,Unemployed,Single,4,Urban,8,50690,525,1651654,72,No,26459,12048,0.522,0
APP-02174,52,Intermediate,Salaried,Married,3,Urban,28,180371,692,733796,12,Yes,75829,1200540,0.42,1
APP-02175,36,PhD,Business,Married,1,Urban,8,218200,742,897035,60,No,17353,328462,0.08,1
APP-02176,40,Bachelor,Salaried,Married,0,Semiurban,14,191159,807,525770,72,No,8842,787313,0.046,1
APP-02177,46,Master,Salaried,Single,1,Semiurban,23,168567,736,2597328,36,No,88522,225175,0.525,1
APP-02178,25,Intermediate,Salaried,Married,2,Rural,0,143156,606,1680453,36,No,58085,1063231,0.406,1
APP-02179,24,Matric,Self-employed,Single,3,Rural,0,58233,690,2962317,72,Yes,51615,186968,0.886,0
APP-02180,23,Bachelor,Salaried,Married,4,Semiurban,0,166930,762,1077152,60,No,19565,548760,0.117,1
APP-02181,44,Bachelor,Salaried,Married,0,Urban,21,108758,561,2922722,36,No,96011,516830,0.883,1
APP-02182,61,Bachelor,Self-employed,Married,2,Semiurban,37,244999,743,1107397,60,No,20038,794229,0.082,1
APP-02183,28,Bachelor,Salaried,Married,2,Urban,0,130919,691,692921,24,Yes,36092,119582,0.276,1
APP-02184,36,Bachelor,Self-employed,Married,2,Semiurban,8,183386,792,1304465,72,Yes,21591,263186,0.118,1
APP-02185,39,Bachelor,Salaried,Married,2,Semiurban,10,215995,639,279718,72,Yes,4353,880321,0.02,1
APP-02186,37,Bachelor,Salaried,Married,4,Urban,8,156056,751,1719850,48,Yes,43793,968976,0.281,1
APP-02187,41,Bachelor,Self-employed,Married,3,Urban,18,204379,759,1731035,60,No,32173,1331074,0.157,1
APP-02188,53,Bachelor,Salaried,Married,1,Rural,31,185632,739,856649,60,Yes,17083,427230,0.092,1
APP-02189,60,Matric,Self-employed,Married,2,Urban,38,284442,641,109525,12,No,11310,1119023,0.04,1
APP-02190,35,Matric,Salaried,Married,1,Urban,12,132734,689,1777000,24,Yes,89457,269797,0.674,0
APP-02191,43,Bachelor,Business,Single,3,Urban,17,197432,716,1781986,72,No,28653,1657741,0.145,1
APP-02192,49,Master,Salaried,Single,1,Urban,25,126135,670,143314,72,No,2435,10059,0.019,1
APP-02193,60,Bachelor,Salaried,Married,0,Urban,35,221531,616,2955803,36,Yes,89118,717933,0.402,1
APP-02194,50,Intermediate,Salaried,Married,3,Urban,24,222793,678,960717,12,Yes,98974,498041,0.444,1
APP-02195,44,Bachelor,Salaried,Married,0,Semiurban,16,151830,624,2648616,36,No,81044,306727,0.534,1
APP-02196,34,Matric,Salaried,Married,2,Urban,10,154929,692,1708867,60,Yes,32436,57114,0.209,1
APP-02197,64,Bachelor,Salaried,Married,4,Semiurban,40,156021,756,145738,12,Yes,14988,1378427,0.096,1
APP-02198,49,Intermediate,Business,Married,4,Urban,21,190609,850,2848054,12,No,273573,1621321,1.435,1
APP-02199,41,Intermediate,Self-employed,Single,1,Urban,15,123288,608,2709529,36,Yes,97718,224579,0.793,0
APP-02200,42,Bachelor,Salaried,Single,4,Urban,14,178449,691,1710287,48,No,43590,1031666,0.244,1
APP-02201,45,Master,Salaried,Single,3,Rural,19,184395,669,2576227,12,No,244964,1241793,1.328,1
APP-02202,29,Master,Business,Married,0,Urban,5,127798,725,1306022,36,No,44102,1014575,0.345,1
APP-02203,64,Matric,Self-employed,Married,2,Urban,35,172284,746,2290754,12,No,210078,699653,1.219,1
APP-02204,33,Bachelor,Unemployed,Married,4,Rural,6,52015,676,698225,72,No,12544,277405,0.241,0
APP-02205,53,Bachelor,Salaried,Single,4,Semiurban,26,219593,767,1160441,36,Yes,39998,612151,0.182,1
APP-02206,31,Intermediate,Unemployed,Married,0,Semiurban,3,31262,559,131611,12,No,13656,29481,0.437,0
APP-02207,41,Master,Unemployed,Married,0,Rural,17,83026,680,1996079,72,No,36036,149570,0.434,1
APP-02208,58,Bachelor,Business,Single,4,Semiurban,36,267925,850,2364896,60,No,47714,207311,0.178,1
APP-02209,52,Master,Self-employed,Married,0,Semiurban,27,268631,653,679302,36,Yes,24527,1970687,0.091,1
APP-02210,52,Bachelor,Salaried,Married,0,Urban,24,156367,602,2544240,48,No,60336,678944,0.386,1
APP-02211,58,Bachelor,Salaried,Single,4,Semiurban,29,130027,493,149769,48,Yes,4037,143541,0.031,0
APP-02212,35,PhD,Business,Married,1,Semiurban,12,325494,813,2766457,60,No,50120,2408661,0.154,1
APP-02213,44,Intermediate,Salaried,Married,1,Semiurban,17,206411,580,2279206,60,No,47347,1414310,0.229,1
APP-02214,50,Bachelor,Business,Married,3,Urban,25,231941,695,1795305,36,No,58044,265329,0.25,1
APP-02215,61,Bachelor,Self-employed,Married,0,Semiurban,38,193620,638,2533412,48,No,61804,790013,0.319,1
APP-02216,43,Bachelor,Salaried,Single,3,Semiurban,14,177378,693,2552538,24,Yes,115905,126151,0.653,0
APP-02217,44,Master,Business,Married,0,Urban,17,354843,572,2290558,24,No,110017,511437,0.31,1
APP-02218,23,Bachelor,Self-employed,Single,4,Urban,0,62893,502,474386,72,Yes,7244,521919,0.115,0
APP-02219,26,Intermediate,Business,Married,2,Rural,3,237264,503,1229504,36,No,37375,1229295,0.158,1
APP-02220,30,PhD,Business,Single,0,Rural,6,281676,568,643406,12,Yes,62722,449815,0.223,1
APP-02221,27,Bachelor,Self-employed,Single,3,Rural,3,73370,612,1023557,72,No,16425,401692,0.224,1
APP-02222,26,Master,Self-employed,Single,4,Rural,3,147418,729,2774046,72,No,43224,456967,0.293,1
APP-02223,26,Bachelor,Salaried,Married,2,Urban,0,111123,850,2559319,84,No,32956,710009,0.297,1
APP-02224,22,Master,Salaried,Married,1,Semiurban,0,142739,577,1640845,48,Yes,37307,938826,0.261,1
APP-02225,42,Master,Salaried,Married,2,Urban,16,151543,702,1911598,12,Yes,191752,917317,1.265,0
APP-02226,53,Master,Salaried,Single,2,Urban,25,237277,841,843351,72,Yes,14154,2086151,0.06,1
APP-02227,33,Bachelor,Unemployed,Married,1,Semiurban,4,42102,675,2511065,36,No,76587,229987,1.819,0
APP-02228,29,Intermediate,Business,Married,4,Rural,0,101013,702,872497,24,No,46857,49420,0.464,0
APP-02229,39,Bachelor,Salaried,Single,1,Rural,11,105706,627,965081,48,No,22959,801273,0.217,1
APP-02230,35,Matric,Salaried,Married,0,Urban,9,128540,850,1933752,72,No,32296,876452,0.251,1
APP-02231,45,Intermediate,Self-employed,Married,4,Urban,18,197203,688,2300737,60,No,42420,1615452,0.215,1
APP-02232,62,Bachelor,Self-employed,Married,1,Semiurban,40,165278,633,2621120,72,Yes,42365,214026,0.256,0
APP-02233,46,Bachelor,Unemployed,Single,3,Rural,20,92206,554,2739996,24,No,124346,636499,1.349,0
APP-02234,62,Intermediate,Self-employed,Married,0,Urban,40,106331,659,201495,36,No,6960,753540,0.065,1
APP-02235,26,Intermediate,Self-employed,Single,2,Semiurban,0,106368,590,564510,12,No,60329,14428,0.567,0
APP-02236,37,Matric,Salaried,Married,2,Semiurban,8,166415,765,1143575,24,No,58141,776177,0.349,1
APP-02237,46,Intermediate,Salaried,Single,1,Semiurban,23,103728,585,2825729,12,No,258359,578521,2.491,0
APP-02238,21,Intermediate,Unemployed,Single,1,Urban,0,38652,633,2984009,12,No,312927,216665,8.096,0
APP-02239,57,Matric,Salaried,Single,2,Urban,33,148813,744,853353,60,Yes,17042,202154,0.115,1
APP-02240,48,Intermediate,Self-employed,Married,3,Urban,25,108973,510,2471595,72,No,39481,755401,0.362,0
APP-02241,27,Bachelor,Self-employed,Married,1,Semiurban,2,159869,602,1789638,48,No,40760,1387234,0.255,1
APP-02242,64,Master,Self-employed,Married,0,Urban,35,266524,672,2411337,72,No,38154,1934724,0.143,1
APP-02243,49,Master,Salaried,Married,2,Urban,26,126066,590,515988,24,Yes,24178,279919,0.192,1
APP-02244,40,Master,Unemployed,Married,2,Urban,14,77856,623,1837952,24,No,97378,129714,1.251,0
APP-02245,23,Matric,Business,Single,0,Semiurban,0,114694,647,906584,72,No,13960,615789,0.122,1
APP-02246,36,Master,Unemployed,Single,4,Semiurban,8,66711,467,1358073,24,No,68975,124863,1.034,0
APP-02247,45,Bachelor,Salaried,Married,4,Urban,17,125144,448,2112196,48,No,55567,772492,0.444,1
APP-02248,55,Bachelor,Self-employed,Single,0,Semiurban,30,137351,726,133750,24,Yes,6845,254365,0.05,1
APP-02249,63,Intermediate,Salaried,Married,2,Semiurban,34,194664,653,878403,60,No,17745,59253,0.091,1
APP-02250,45,Bachelor,Business,Married,3,Urban,19,126003,653,1122847,36,Yes,40156,564838,0.319,1
APP-02251,48,Intermediate,Salaried,Married,4,Urban,22,78103,814,768128,84,No,11244,30032,0.144,1
APP-02252,50,Master,Salaried,Single,2,Urban,26,125583,796,558105,24,No,30177,185330,0.24,1
APP-02253,24,Master,Salaried,Married,0,Urban,1,203929,674,971815,24,No,49752,1382506,0.244,1
APP-02254,61,Bachelor,Salaried,Married,3,Semiurban,39,199952,611,2768831,24,No,149811,1408287,0.749,0
APP-02255,61,Bachelor,Business,Single,4,Urban,37,355500,659,587656,24,No,31399,1939618,0.088,1
APP-02256,25,Intermediate,Unemployed,Single,2,Rural,0,32321,678,1883497,60,No,36088,243509,1.117,0
APP-02257,61,Bachelor,Salaried,Single,4,Urban,33,121677,699,1164936,12,Yes,115467,954726,0.949,0
APP-02258,25,Master,Salaried,Married,3,Urban,1,188065,782,2885036,36,Yes,100623,1343194,0.535,1
APP-02259,62,Intermediate,Salaried,Married,1,Urban,36,207248,668,521499,36,No,15919,856789,0.077,1
APP-02260,48,Master,Salaried,Married,3,Urban,22,120050,669,318163,12,No,34159,363581,0.285,1
APP-02261,59,Intermediate,Business,Single,4,Urban,30,185892,593,180632,60,No,3376,1078430,0.018,1
APP-02262,52,Bachelor,Self-employed,Married,1,Urban,30,187595,724,220965,84,No,3044,224611,0.016,1
APP-02263,42,PhD,Self-employed,Single,4,Urban,15,144621,562,1299767,84,Yes,17445,879013,0.121,0
APP-02264,64,Master,Salaried,Married,1,Semiurban,39,147407,693,2702982,60,No,55364,438755,0.376,1
APP-02265,52,Master,Unemployed,Married,4,Urban,27,90133,561,2344642,12,No,217855,58028,2.417,0
APP-02266,23,Master,Self-employed,Married,2,Rural,0,79725,689,953554,36,Yes,32923,605246,0.413,0
APP-02267,49,Intermediate,Salaried,Married,2,Urban,21,196889,642,1160919,84,No,17071,1528848,0.087,1
APP-02268,60,Intermediate,Self-employed,Single,2,Semiurban,32,224339,820,2575594,84,Yes,34865,1788338,0.155,1
APP-02269,63,Bachelor,Business,Single,3,Rural,35,363593,634,2088832,48,No,53498,3086141,0.147,1
APP-02270,34,Bachelor,Salaried,Married,0,Rural,12,129006,486,1975247,12,No,193952,982046,1.503,1
APP-02271,36,Master,Salaried,Single,0,Urban,7,172609,742,2537504,48,No,66275,95587,0.384,1
APP-02272,38,Bachelor,Salaried,Married,3,Semiurban,16,210778,820,1812804,72,Yes,29355,1546661,0.139,1
APP-02273,24,Bachelor,Salaried,Married,4,Semiurban,1,157979,762,1354761,72,No,22740,1331663,0.144,1
APP-02274,49,Intermediate,Salaried,Married,3,Urban,21,199255,850,2939301,72,No,50338,738543,0.253,1
APP-02275,62,Bachelor,Salaried,Married,4,Rural,39,133808,642,2275596,84,No,31567,584738,0.236,1
APP-02276,40,Master,Salaried,Single,4,Urban,18,144175,733,1099223,24,No,50850,1171065,0.353,1
APP-02277,39,Intermediate,Business,Married,3,Urban,15,265928,448,2609125,72,No,41366,351798,0.156,0
APP-02278,41,Master,Business,Single,2,Urban,18,137788,587,2158063,84,Yes,31749,864311,0.23,0
APP-02279,56,Matric,Salaried,Single,4,Rural,31,156764,732,1593452,84,Yes,21231,960289,0.135,1
APP-02280,45,Matric,Business,Married,3,Urban,23,258848,534,591841,60,Yes,11447,1234929,0.044,0
APP-02281,61,Bachelor,Unemployed,Married,0,Semiurban,37,128844,579,820801,36,No,28099,478785,0.218,1
APP-02282,47,Matric,Salaried,Married,2,Urban,20,148424,635,2618296,72,No,40303,1252827,0.272,1
APP-02283,50,Intermediate,Self-employed,Single,3,Urban,25,236554,726,2031707,72,Yes,33088,15327,0.14,1
APP-02284,40,Matric,Salaried,Single,3,Semiurban,18,93285,618,1645062,48,No,42799,37281,0.459,0
APP-02285,58,Master,Salaried,Married,1,Semiurban,30,217396,628,2040798,72,No,32798,395757,0.151,1
APP-02286,28,Master,Salaried,Single,2,Urban,1,210607,659,2766078,24,No,143018,1745397,0.679,1
APP-02287,25,Intermediate,Business,Married,1,Urban,0,75036,850,2590513,12,No,233431,341868,3.111,1
APP-02288,48,Matric,Salaried,Single,3,Rural,26,104379,628,408067,24,No,19277,135185,0.185,1
APP-02289,59,Master,Salaried,Married,1,Semiurban,32,269493,546,1417927,24,No,64966,2400518,0.241,1
APP-02290,36,Master,Business,Married,4,Semiurban,11,136624,675,2901100,72,Yes,50230,445883,0.368,1
APP-02291,53,Master,Salaried,Single,4,Urban,27,212982,687,608186,72,Yes,10764,968012,0.051,1
APP-02292,43,Master,Salaried,Married,2,Rural,16,195324,803,2369784,48,Yes,61218,880375,0.313,1
APP-02293,31,Master,Salaried,Married,4,Rural,9,109441,631,2179950,36,No,78257,852134,0.715,0
APP-02294,34,Bachelor,Unemployed,Married,0,Semiurban,8,57331,593,2531743,36,No,81906,289423,1.429,0
APP-02295,53,Master,Salaried,Married,2,Semiurban,26,145689,473,2586183,36,No,85530,431247,0.587,0
APP-02296,27,Master,Salaried,Single,3,Semiurban,0,141047,500,621404,48,No,15408,1250220,0.109,1
APP-02297,26,Bachelor,Unemployed,Married,3,Rural,1,45618,576,1223614,48,No,29693,31984,0.651,0
APP-02298,35,Bachelor,Salaried,Married,2,Urban,7,75604,709,553717,12,No,51595,76856,0.682,1
APP-02299,62,Master,Salaried,Married,2,Urban,37,243628,629,567548,36,Yes,18483,1433560,0.076,1
APP-02300,52,Master,Self-employed,Single,2,Semiurban,23,223696,604,1411608,24,Yes,70039,95509,0.313,0
APP-02301,63,Matric,Salaried,Single,4,Urban,39,90937,719,1794567,48,No,45536,126490,0.501,0
APP-02302,23,Intermediate,Unemployed,Married,2,Urban,0,34102,508,376233,48,No,8744,249675,0.256,0
APP-02303,38,Bachelor,Salaried,Married,4,Semiurban,14,188777,733,2939652,72,Yes,49221,1240016,0.261,1
APP-02304,33,PhD,Salaried,Single,3,Semiurban,7,160627,475,2963554,36,Yes,93571,219175,0.583,0
APP-02305,55,Bachelor,Salaried,Single,3,Semiurban,32,160397,770,2120112,36,No,64852,375250,0.404,1
APP-02306,48,Bachelor,Salaried,Married,4,Semiurban,26,81539,681,577049,60,Yes,12255,384325,0.15,1
APP-02307,50,Intermediate,Business,Married,4,Rural,26,221730,658,2327600,36,No,74783,1290144,0.337,1
APP-02308,44,Bachelor,Salaried,Single,1,Urban,21,156473,832,975131,36,No,33508,269360,0.214,1
APP-02309,45,Master,Business,Married,4,Rural,19,156200,734,148068,48,No,3781,358439,0.024,1
APP-02310,57,Bachelor,Self-employed,Single,4,Urban,32,224137,637,412147,24,No,19104,1911894,0.085,1
APP-02311,24,Master,Self-employed,Married,1,Semiurban,0,229166,732,2510412,60,Yes,46547,2015867,0.203,1
APP-02312,55,Master,Salaried,Married,3,Urban,30,147137,593,2503482,60,No,53735,56537,0.365,1
APP-02313,39,Bachelor,Salaried,Single,3,Semiurban,10,125826,607,2536273,48,No,66979,1110180,0.532,0
APP-02314,58,Master,Unemployed,Single,0,Urban,31,107037,493,812608,84,Yes,11317,444361,0.106,0
APP-02315,61,Master,Self-employed,Single,3,Semiurban,38,221474,756,650050,48,Yes,15406,1079229,0.07,1
APP-02316,39,Bachelor,Salaried,Married,2,Semiurban,12,116053,580,1231521,24,No,66050,590686,0.569,1
APP-02317,58,PhD,Salaried,Single,3,Rural,34,183117,807,2875566,24,No,137948,1519512,0.753,1
APP-02318,46,Bachelor,Unemployed,Married,2,Urban,17,79884,525,1319725,72,Yes,21188,602580,0.265,0
APP-02319,52,Master,Self-employed,Married,3,Urban,28,249850,721,2550989,48,No,65672,1365511,0.263,1
APP-02320,41,Master,Salaried,Single,2,Urban,12,192073,470,1392661,12,Yes,144730,1483640,0.754,0
APP-02321,38,Bachelor,Salaried,Single,2,Semiurban,9,158419,624,2812311,24,No,150688,1224609,0.951,0
APP-02322,39,Bachelor,Salaried,Married,2,Urban,15,143585,689,551631,36,No,16756,321806,0.117,1
APP-02323,55,Intermediate,Self-employed,Single,3,Semiurban,27,113547,607,1781739,36,No,60341,818635,0.531,0
APP-02324,35,Intermediate,Business,Married,4,Urban,13,206652,526,775593,36,No,23579,1783235,0.114,1
APP-02325,47,Bachelor,Salaried,Married,3,Urban,24,168565,757,239674,24,Yes,12842,512571,0.076,1
APP-02326,39,Master,Salaried,Single,2,Semiurban,12,200038,589,1628602,60,Yes,29712,1309527,0.149,1
APP-02327,58,Bachelor,Business,Married,2,Semiurban,34,237480,726,1064393,12,Yes,110527,109662,0.465,0
APP-02328,33,Matric,Salaried,Married,0,Urban,8,107040,746,2095072,36,No,65716,229502,0.614,1
APP-02329,45,Bachelor,Salaried,Married,0,Semiurban,18,200593,719,1359126,60,Yes,24598,1136881,0.123,1
APP-02330,36,Bachelor,Business,Married,4,Semiurban,10,102804,721,817112,12,No,86665,799660,0.843,1
APP-02331,39,Bachelor,Salaried,Married,3,Urban,17,133704,562,2649543,24,Yes,131610,914832,0.984,0
APP-02332,38,Bachelor,Salaried,Married,2,Semiurban,14,121037,606,1757445,48,Yes,41609,427860,0.344,0
APP-02333,53,Intermediate,Salaried,Single,3,Rural,27,105290,655,550695,60,Yes,11834,235465,0.112,1
APP-02334,24,Bachelor,Self-employed,Married,3,Semiurban,2,99224,683,2942330,36,No,95751,824880,0.965,1
APP-02335,51,Bachelor,Self-employed,Married,1,Urban,27,168575,515,2880839,60,Yes,60356,1256912,0.358,0
APP-02336,44,Intermediate,Salaried,Single,2,Urban,19,169223,604,2602600,36,No,84650,1316833,0.5,0
APP-02337,26,Master,Salaried,Single,4,Urban,2,132023,712,1813662,72,No,31785,22754,0.241,1
APP-02338,40,Intermediate,Self-employed,Married,3,Urban,16,224274,636,2561902,24,No,117023,1692128,0.522,0
APP-02339,57,Intermediate,Salaried,Married,3,Urban,35,116652,603,184360,72,Yes,2800,401914,0.024,0
APP-02340,49,Matric,Self-employed,Married,4,Semiurban,25,255296,771,468241,48,Yes,12544,2150093,0.049,1
APP-02341,57,Matric,Salaried,Single,3,Rural,29,132675,618,1022867,24,Yes,50392,1117973,0.38,0
APP-02342,43,Bachelor,Business,Married,4,Semiurban,17,312121,653,2949191,60,No,55952,13796,0.179,1
APP-02343,37,Bachelor,Salaried,Married,2,Semiurban,13,120471,573,1890666,84,Yes,24661,172022,0.205,1
APP-02344,42,Bachelor,Salaried,Single,0,Urban,20,169918,679,232409,36,Yes,7654,987290,0.045,1
APP-02345,61,Master,Salaried,Single,2,Rural,37,247685,749,2317477,60,No,43750,2149926,0.177,1
APP-02346,30,Master,Salaried,Married,1,Semiurban,7,126281,612,383588,72,No,6848,243966,0.054,1
APP-02347,39,Intermediate,Self-employed,Married,1,Rural,17,231114,847,169131,60,Yes,3401,188253,0.015,1
APP-02348,37,Matric,Salaried,Single,1,Urban,10,97995,606,2205581,72,No,36929,820722,0.377,0
APP-02349,25,Intermediate,Salaried,Single,1,Urban,0,142118,520,1894591,48,No,42958,807170,0.302,1
APP-02350,43,Bachelor,Salaried,Married,4,Urban,16,98778,658,952522,12,No,87685,463132,0.888,1
APP-02351,32,Intermediate,Salaried,Married,3,Rural,4,75493,692,172858,84,No,2485,250899,0.033,1
APP-02352,28,Intermediate,Self-employed,Married,2,Semiurban,1,133585,581,590012,48,Yes,13444,568788,0.101,0
APP-02353,32,Matric,Business,Married,2,Rural,10,106699,483,1573913,72,No,25636,136492,0.24,0
APP-02354,48,Intermediate,Self-employed,Married,2,Semiurban,25,120077,524,1754863,24,Yes,88209,683606,0.735,0
APP-02355,35,Bachelor,Salaried,Single,1,Urban,6,126575,691,1329961,48,No,31691,910403,0.25,1
APP-02356,53,PhD,Self-employed,Single,0,Urban,26,253009,582,1012997,84,No,15265,1950486,0.06,1
APP-02357,30,Master,Self-employed,Single,4,Urban,4,254978,630,2898526,72,Yes,48247,1078136,0.189,0
APP-02358,33,Master,Salaried,Married,1,Urban,7,114258,595,189661,72,Yes,3192,733344,0.028,1
APP-02359,29,Bachelor,Business,Married,0,Semiurban,4,245083,602,2829565,84,Yes,41402,608819,0.169,1
APP-02360,27,Master,Salaried,Single,1,Semiurban,2,133551,796,2478663,48,No,59903,981255,0.449,1
APP-02361,44,Bachelor,Salaried,Married,2,Semiurban,19,133665,733,904446,60,Yes,17596,949320,0.132,1
APP-02362,27,Master,Salaried,Single,4,Urban,0,91603,678,2978536,48,No,80385,50564,0.878,0
APP-02363,47,Master,Salaried,Married,3,Rural,22,189912,709,2142589,72,No,38591,424082,0.203,1
APP-02364,61,Bachelor,Salaried,Married,4,Rural,39,154121,810,1522541,36,No,49293,944711,0.32,1
APP-02365,50,Bachelor,Salaried,Married,1,Semiurban,27,160795,842,209950,12,Yes,22743,561788,0.141,1
APP-02366,26,Master,Unemployed,Single,0,Urban,4,62095,543,583498,72,No,9171,544119,0.148,1
APP-02367,57,Intermediate,Business,Single,0,Rural,29,276227,782,2931079,24,No,149904,384315,0.543,1
APP-02368,52,Bachelor,Business,Married,1,Rural,27,269848,679,1383173,60,Yes,28264,941835,0.105,1
APP-02369,52,Matric,Salaried,Married,4,Semiurban,26,77554,604,1684311,24,No,83804,567089,1.081,0
APP-02370,24,Bachelor,Business,Married,0,Urban,2,297781,625,2985131,84,No,41262,2161609,0.139,1
APP-02371,22,Bachelor,Salaried,Married,2,Urban,0,60174,613,2167796,60,No,40964,174816,0.681,0
APP-02372,26,Bachelor,Business,Single,2,Semiurban,0,138945,669,1431565,48,Yes,35098,274673,0.253,1
APP-02373,42,Bachelor,Business,Married,3,Rural,16,163416,785,1447816,60,No,28089,391485,0.172,1
APP-02374,37,Bachelor,Business,Married,2,Urban,15,191460,770,2415185,84,No,36360,350278,0.19,1
APP-02375,62,Master,Self-employed,Single,0,Rural,39,263037,563,465171,12,Yes,42084,576520,0.16,0
APP-02376,55,Intermediate,Salaried,Married,0,Semiurban,33,232023,850,2267233,12,Yes,216101,331631,0.931,1
APP-02377,29,PhD,Salaried,Single,3,Urban,3,99351,716,332172,72,No,5826,188805,0.059,1
APP-02378,35,Bachelor,Salaried,Single,2,Semiurban,12,168623,779,2217494,48,No,50113,372632,0.297,1
APP-02379,57,Bachelor,Self-employed,Married,3,Semiurban,35,140294,652,1344227,36,Yes,44819,707862,0.319,0
APP-02380,44,Master,Business,Married,3,Semiurban,16,218785,788,698137,12,No,69099,1959961,0.316,1
APP-02381,23,Bachelor,Business,Married,2,Semiurban,0,191725,765,1976068,12,No,194008,1080038,1.012,1
APP-02382,61,PhD,Business,Single,4,Urban,33,358181,686,2076885,12,Yes,201323,948528,0.562,0
APP-02383,57,Master,Self-employed,Married,2,Semiurban,32,264203,673,602911,72,Yes,9966,490293,0.038,1
APP-02384,61,Bachelor,Salaried,Single,1,Semiurban,35,153989,691,1237013,72,No,19309,200118,0.125,1
APP-02385,45,Intermediate,Salaried,Single,0,Urban,17,79587,774,2439270,84,No,32492,606538,0.408,1
APP-02386,34,Matric,Self-employed,Single,4,Urban,12,231948,639,558407,36,No,19245,707418,0.083,1
APP-02387,32,Bachelor,Unemployed,Married,3,Urban,4,43065,688,886012,60,Yes,17727,165943,0.412,0
APP-02388,53,Bachelor,Salaried,Married,2,Rural,26,140982,642,1999016,12,Yes,180180,555169,1.278,0
APP-02389,35,Bachelor,Salaried,Single,3,Rural,7,71429,802,2951129,24,No,150621,75768,2.109,0
APP-02390,26,Intermediate,Salaried,Married,4,Semiurban,0,186603,654,734966,24,No,34219,1004209,0.183,1
APP-02391,42,Matric,Salaried,Single,1,Semiurban,20,196973,536,2257867,84,No,31192,542190,0.158,1
APP-02392,38,Master,Business,Married,4,Urban,12,323603,769,695022,24,Yes,35728,2259750,0.11,1
APP-02393,43,Master,Unemployed,Married,4,Urban,15,94336,681,1991792,36,No,68403,518155,0.725,0
APP-02394,44,Bachelor,Self-employed,Married,2,Urban,17,113238,687,2521129,60,Yes,52153,1003939,0.461,1
APP-02395,50,Bachelor,Salaried,Married,1,Urban,27,189839,789,1492862,12,Yes,160743,47985,0.847,0
APP-02396,50,Master,Self-employed,Married,1,Semiurban,25,245023,804,1428475,24,No,76992,2166995,0.314,1
APP-02397,52,Master,Salaried,Single,4,Semiurban,30,125566,731,2406442,72,Yes,38975,90119,0.31,0
APP-02398,43,Bachelor,Self-employed,Married,4,Semiurban,21,155794,708,503920,84,No,7599,428050,0.049,1
APP-02399,22,Bachelor,Salaried,Single,3,Urban,0,105420,626,185555,36,Yes,5916,549520,0.056,1
APP-02400,32,Master,Salaried,Single,1,Semiurban,3,130934,690,1799765,12,No,194791,98106,1.488,1
APP-02401,61,Intermediate,Self-employed,Single,2,Rural,32,123877,533,1095654,36,No,38212,694388,0.308,0
APP-02402,48,Master,Business,Single,3,Semiurban,23,275172,770,1953976,48,Yes,49229,203220,0.179,1
APP-02403,60,Intermediate,Self-employed,Married,0,Rural,32,230701,758,2026442,12,Yes,196967,839122,0.854,0
APP-02404,60,Intermediate,Self-employed,Married,1,Urban,33,255583,636,996699,60,No,19697,1576230,0.077,1
APP-02405,46,Matric,Salaried,Married,1,Urban,19,205445,506,1126936,72,No,18603,1559071,0.091,1
APP-02406,34,Intermediate,Salaried,Single,4,Urban,12,128769,609,1222481,84,Yes,18292,95401,0.142,0
APP-02407,33,Bachelor,Salaried,Married,0,Urban,11,192855,837,842723,48,No,19464,325676,0.101,1
APP-02408,24,Master,Business,Single,1,Semiurban,1,310123,685,458124,84,No,7086,2743365,0.023,1
APP-02409,50,Bachelor,Business,Married,1,Urban,26,301746,724,1484515,60,Yes,29066,1656592,0.096,1
APP-02410,32,Master,Salaried,Single,0,Urban,8,125707,812,2387256,12,No,237505,951608,1.889,1
APP-02411,61,Master,Business,Single,1,Urban,34,315124,630,2746250,36,No,88046,370038,0.279,1
APP-02412,49,Master,Business,Single,2,Semiurban,27,307688,561,1279328,36,No,40332,645091,0.131,1
APP-02413,59,Master,Salaried,Married,1,Semiurban,35,138649,698,2604259,84,No,38464,167224,0.277,1
APP-02414,40,Bachelor,Unemployed,Married,2,Semiurban,13,59727,565,1257843,60,Yes,26946,270371,0.451,0
APP-02415,24,Bachelor,Self-employed,Married,2,Semiurban,1,162696,768,2730012,60,No,52608,750694,0.323,1
APP-02416,35,Intermediate,Salaried,Single,3,Urban,13,95332,685,2226388,60,Yes,45469,252863,0.477,0
APP-02417,44,Master,Salaried,Single,2,Urban,21,134198,586,2270068,36,Yes,76746,596303,0.572,0
APP-02418,32,Bachelor,Self-employed,Single,1,Semiurban,4,180695,648,2073896,72,No,35904,190482,0.199,1
APP-02419,44,Master,Business,Single,1,Semiurban,18,137530,770,797527,36,Yes,25877,316456,0.188,1
APP-02420,50,Bachelor,Self-employed,Married,0,Urban,21,160848,777,2428040,48,No,58964,944279,0.367,1
APP-02421,28,Intermediate,Business,Married,3,Semiurban,6,299858,739,2423620,24,No,117810,2245893,0.393,1
APP-02422,56,Bachelor,Salaried,Married,0,Rural,34,133351,660,224148,36,Yes,7823,232580,0.059,1
APP-02423,52,Bachelor,Salaried,Married,1,Semiurban,30,146583,564,2323546,24,Yes,120137,451410,0.82,0
APP-02424,30,Matric,Salaried,Single,4,Semiurban,3,74252,831,568554,48,Yes,12867,255139,0.173,1
APP-02425,44,Intermediate,Unemployed,Married,3,Semiurban,20,49723,575,2860649,60,No,60133,394112,1.209,0
APP-02426,31,Intermediate,Self-employed,Single,1,Urban,3,129829,692,1025583,48,No,25257,1036556,0.195,1
APP-02427,61,Bachelor,Salaried,Married,2,Urban,39,221803,636,2833930,24,Yes,141928,1286169,0.64,0
APP-02428,21,Bachelor,Business,Single,3,Rural,0,215205,598,1601821,36,Yes,50334,1061045,0.234,1
APP-02429,23,Bachelor,Salaried,Single,4,Semiurban,0,88105,751,1351656,48,Yes,36150,531848,0.41,1
APP-02430,34,Master,Self-employed,Single,0,Urban,9,148533,812,1616917,60,No,34780,1011734,0.234,1
APP-02431,43,Intermediate,Salaried,Single,1,Semiurban,18,112543,601,998202,84,Yes,13528,829884,0.12,1
APP-02432,34,Bachelor,Business,Single,3,Semiurban,11,121299,741,1671254,36,No,50534,561577,0.417,1
APP-02433,26,Intermediate,Unemployed,Married,4,Semiurban,0,27710,361,1689516,12,No,166232,25568,5.999,0
APP-02434,54,Matric,Business,Married,2,Urban,30,224383,717,1715575,48,Yes,40330,1539157,0.18,1
APP-02435,50,Intermediate,Salaried,Single,4,Semiurban,26,154643,608,2533101,24,No,119396,592523,0.772,0
APP-02436,29,Intermediate,Salaried,Married,0,Urban,3,180210,667,2518780,84,No,32839,1415565,0.182,1
APP-02437,37,Bachelor,Salaried,Single,0,Urban,10,133828,611,459462,72,No,8020,1080399,0.06,1
APP-02438,49,Intermediate,Business,Married,4,Semiurban,24,188090,716,889870,12,No,94050,802599,0.5,1
APP-02439,60,Intermediate,Business,Married,4,Semiurban,35,184193,780,2140521,60,Yes,43943,1277907,0.239,1
APP-02440,27,Matric,Self-employed,Married,0,Urban,0,77350,658,2152150,24,No,102477,134717,1.325,0
APP-02441,46,Master,Self-employed,Married,2,Urban,17,118409,696,2064822,84,No,30238,537481,0.255,1
APP-02442,22,Intermediate,Salaried,Single,1,Semiurban,0,82299,713,2173064,24,No,106990,274834,1.3,0
APP-02443,21,Master,Unemployed,Married,3,Semiurban,0,52427,577,160390,72,No,2650,72635,0.051,0
APP-02444,40,Bachelor,Business,Married,3,Urban,12,329505,708,2684555,48,Yes,65493,1728563,0.199,1
APP-02445,32,Bachelor,Salaried,Married,0,Urban,4,81327,725,944236,36,Yes,28462,20944,0.35,1
APP-02446,41,Bachelor,Unemployed,Married,4,Urban,18,55668,545,305069,84,No,4348,52491,0.078,0
APP-02447,56,Bachelor,Self-employed,Single,4,Urban,34,226031,627,1716116,48,No,41016,1024671,0.181,1
APP-02448,44,Master,Salaried,Married,3,Urban,20,136065,585,2273834,72,No,39025,99643,0.287,1
APP-02449,50,Intermediate,Self-employed,Single,0,Urban,21,164511,720,778067,24,No,36055,144753,0.219,1
APP-02450,42,Intermediate,Business,Single,0,Urban,19,299104,763,900005,60,Yes,18717,969982,0.063,1
APP-02451,37,Master,Self-employed,Married,3,Semiurban,13,102401,513,1307289,84,No,19009,366460,0.186,1
APP-02452,49,Master,Salaried,Married,4,Rural,23,125750,636,1755317,24,Yes,89216,549083,0.709,0
APP-02453,31,Master,Salaried,Married,2,Urban,5,198106,600,1130155,12,Yes,106770,1013083,0.539,0
APP-02454,44,Master,Self-employed,Married,2,Semiurban,15,216659,801,2564915,36,No,85355,350878,0.394,1
APP-02455,57,Intermediate,Unemployed,Single,2,Urban,31,102576,765,2021148,84,Yes,30059,363599,0.293,1
APP-02456,31,Intermediate,Business,Married,3,Rural,7,267974,762,1085545,48,Yes,25924,1234777,0.097,1
APP-02457,41,Matric,Salaried,Single,4,Rural,12,182008,733,527060,84,No,6789,589255,0.037,1
APP-02458,28,Master,Salaried,Married,2,Semiurban,0,103843,690,2652590,72,Yes,42723,501414,0.411,1
APP-02459,26,Bachelor,Business,Single,3,Urban,1,247911,624,1004369,12,Yes,102847,1575796,0.415,0
APP-02460,54,Bachelor,Salaried,Married,4,Semiurban,30,186312,578,537747,72,No,9403,1120162,0.05,1
APP-02461,60,Bachelor,Unemployed,Married,2,Urban,31,65278,628,808902,60,No,15903,301810,0.244,1
APP-02462,32,Master,Salaried,Single,4,Rural,5,207460,641,2792159,24,No,136822,59094,0.66,0
APP-02463,55,Bachelor,Business,Single,0,Semiurban,33,199872,624,1821367,36,No,58412,1053180,0.292,1
APP-02464,52,Matric,Business,Married,4,Urban,30,126818,756,224945,12,Yes,21133,1056408,0.167,1
APP-02465,38,Intermediate,Salaried,Married,4,Semiurban,13,129695,663,738714,24,No,39222,634447,0.302,1
APP-02466,58,Bachelor,Business,Single,4,Semiurban,35,322481,609,673467,48,Yes,16943,736245,0.053,1
APP-02467,26,Matric,Salaried,Married,3,Semiurban,4,88157,674,1116613,48,No,28397,529135,0.322,1
APP-02468,22,Bachelor,Salaried,Single,4,Rural,0,95760,655,2966196,24,No,147958,470117,1.545,1
APP-02469,60,Master,Unemployed,Single,3,Urban,32,115963,541,2935337,48,No,70294,214508,0.606,0
APP-02470,31,Master,Business,Single,3,Urban,5,296072,752,2177382,84,No,30398,2249419,0.103,1
APP-02471,29,Bachelor,Unemployed,Married,1,Semiurban,1,46772,753,2354077,36,Yes,72003,176942,1.539,0
APP-02472,32,Intermediate,Self-employed,Single,2,Urban,3,73112,578,770528,72,No,12286,518665,0.168,1
APP-02473,49,Intermediate,Salaried,Single,3,Semiurban,21,155223,638,182754,12,No,19590,322860,0.126,1
APP-02474,64,Bachelor,Self-employed,Single,2,Urban,42,142315,692,1918705,36,Yes,62710,657333,0.441,0
APP-02475,32,Bachelor,Salaried,Married,3,Semiurban,9,104332,593,2019414,84,No,28675,84215,0.275,1
APP-02476,49,Bachelor,Self-employed,Married,1,Semiurban,27,183408,598,1340874,24,No,68713,1145750,0.375,1
APP-02477,64,Bachelor,Self-employed,Married,0,Semiurban,39,127133,525,723738,36,Yes,24804,822071,0.195,1
APP-02478,26,Master,Salaried,Married,1,Urban,0,153383,757,2322424,24,Yes,108904,393352,0.71,1
APP-02479,41,Intermediate,Unemployed,Single,0,Semiurban,19,70315,583,1015388,48,No,25882,185126,0.368,0
APP-02480,52,Master,Salaried,Married,1,Rural,30,147318,578,2340770,24,Yes,124671,221650,0.846,0
APP-02481,58,Matric,Business,Single,2,Semiurban,30,214049,646,745671,12,Yes,68697,1191513,0.321,0
APP-02482,34,Master,Salaried,Married,0,Urban,5,154742,598,2563089,72,No,44875,1095570,0.29,1
APP-02483,62,Master,Self-employed,Married,1,Rural,36,295493,807,1634322,36,No,49441,458224,0.167,1
APP-02484,46,Bachelor,Business,Married,1,Semiurban,20,192251,556,2158150,36,No,64810,928021,0.337,1
APP-02485,55,Bachelor,Business,Married,3,Semiurban,29,189916,522,1036197,84,No,15413,1019680,0.081,1
APP-02486,64,Master,Salaried,Single,4,Semiurban,37,193290,751,1456012,36,No,45115,1622798,0.233,1
APP-02487,38,Intermediate,Unemployed,Married,3,Urban,10,55420,680,2344410,60,Yes,47015,400645,0.848,0
APP-02488,61,Master,Salaried,Single,1,Urban,32,233399,792,284391,84,Yes,4090,945934,0.018,1
APP-02489,22,PhD,Salaried,Single,0,Urban,0,174118,623,2821921,60,No,54122,1359529,0.311,1
APP-02490,44,Bachelor,Salaried,Married,1,Urban,18,162957,710,1998764,24,Yes,105547,1268916,0.648,1
APP-02491,49,Bachelor,Unemployed,Single,0,Urban,26,87409,644,155509,12,No,16069,598972,0.184,1
APP-02492,23,Master,Salaried,Married,0,Urban,0,88167,683,2998506,36,Yes,92066,592149,1.044,1
APP-02493,51,Intermediate,Business,Married,1,Rural,28,289073,603,1515873,60,Yes,27404,1645903,0.095,0
APP-02494,47,Bachelor,Salaried,Single,4,Rural,24,150917,687,1651548,36,Yes,50763,136689,0.336,0
APP-02495,56,Bachelor,Salaried,Single,3,Urban,33,209320,624,264033,84,No,3469,1351045,0.017,1
APP-02496,29,Intermediate,Salaried,Married,2,Rural,1,62057,541,1004657,84,No,13416,363779,0.216,1
APP-02497,25,Bachelor,Unemployed,Single,2,Urban,0,38622,477,978727,24,Yes,51335,246474,1.329,0
APP-02498,48,Master,Self-employed,Married,4,Semiurban,26,234499,670,2258457,72,No,38969,1849025,0.166,1
APP-02499,28,Matric,Business,Single,1,Urban,3,234623,649,1121081,60,Yes,22741,1992550,0.097,1
APP-02500,44,Matric,Salaried,Married,0,Semiurban,21,90860,703,1851633,48,No,45135,671402,0.497,1
APP-02501,41,Bachelor,Salaried,Single,4,Rural,17,203413,765,1153092,12,No,120819,557664,0.594,1
APP-02502,34,Intermediate,Salaried,Married,0,Urban,12,180604,709,1294688,72,No,23068,402948,0.128,1
APP-02503,59,Bachelor,Salaried,Single,1,Urban,36,165485,776,1525496,48,No,38654,1384106,0.234,1
APP-02504,44,Bachelor,Self-employed,Married,4,Urban,20,173190,549,640412,60,Yes,12485,538107,0.072,0
APP-02505,48,Bachelor,Business,Married,1,Rural,19,105281,723,1558710,84,No,22688,837952,0.215,1
APP-02506,37,Intermediate,Salaried,Single,3,Urban,9,160188,648,842538,24,Yes,44554,68823,0.278,0
APP-02507,25,Matric,Business,Single,4,Rural,2,73690,675,1612601,24,Yes,77444,644655,1.051,0
APP-02508,53,Matric,Business,Married,4,Semiurban,28,100202,710,516893,72,No,9162,708734,0.091,1
APP-02509,60,Bachelor,Unemployed,Married,2,Semiurban,34,82681,596,466914,72,No,8401,629749,0.102,1
APP-02510,50,Master,Salaried,Married,1,Urban,25,201169,661,277736,24,No,13489,757196,0.067,1
APP-02511,47,Bachelor,Salaried,Married,4,Rural,24,154024,827,2531528,48,Yes,57078,792722,0.371,1
APP-02512,36,Bachelor,Self-employed,Married,3,Semiurban,8,161084,648,1692707,36,No,59313,660288,0.368,0
APP-02513,26,Master,Business,Married,2,Semiurban,1,180155,850,420410,84,No,5606,744358,0.031,1
APP-02514,39,Bachelor,Salaried,Married,1,Rural,12,138568,584,1192745,48,Yes,27315,480665,0.197,1
APP-02515,56,Master,Salaried,Single,2,Urban,33,192346,707,1014777,60,No,19042,1308044,0.099,1
APP-02516,21,PhD,Business,Married,0,Urban,0,232984,500,2995164,84,Yes,42370,1257970,0.182,1
APP-02517,25,Bachelor,Salaried,Married,3,Urban,0,187826,595,1261748,12,No,129312,1392015,0.688,1
APP-02518,29,Master,Self-employed,Single,0,Urban,7,247079,769,1556163,72,No,27360,1519156,0.111,1
APP-02519,58,Master,Salaried,Married,3,Semiurban,29,153091,499,2939844,60,No,63664,768276,0.416,1
APP-02520,33,Bachelor,Salaried,Married,2,Rural,8,158307,648,1179617,48,No,30780,1204553,0.194,1
APP-02521,28,Bachelor,Salaried,Married,3,Semiurban,5,151479,546,2105746,36,Yes,69422,219330,0.458,0
APP-02522,47,Bachelor,Self-employed,Married,4,Semiurban,18,219148,659,2319027,48,No,53926,1168600,0.246,1
APP-02523,47,Master,Self-employed,Single,1,Urban,24,274155,662,1705083,60,Yes,32152,785819,0.117,1
APP-02524,25,Intermediate,Business,Married,1,Rural,0,305321,790,2347786,72,No,42340,1159943,0.139,1
APP-02525,45,Intermediate,Salaried,Married,3,Urban,23,126452,559,1462799,84,No,21005,688611,0.166,1
APP-02526,45,Bachelor,Salaried,Married,3,Rural,22,86230,621,2395416,36,No,82858,60812,0.961,0
APP-02527,56,Master,Unemployed,Single,0,Rural,29,111587,715,1439205,72,No,23035,737118,0.206,1
APP-02528,21,Bachelor,Salaried,Married,2,Urban,0,156107,735,1026078,60,Yes,18591,970981,0.119,1
APP-02529,39,Bachelor,Salaried,Single,3,Urban,16,111216,652,2092969,48,No,56618,857948,0.509,1
APP-02530,47,Bachelor,Self-employed,Single,4,Semiurban,22,234582,670,851957,12,Yes,81027,582450,0.345,0
APP-02531,57,Intermediate,Salaried,Single,4,Rural,32,205393,656,753756,72,Yes,11521,600262,0.056,0
APP-02532,56,Bachelor,Self-employed,Married,0,Rural,32,240555,701,1304251,24,No,66451,1161473,0.276,1
APP-02533,27,Bachelor,Business,Single,3,Rural,4,201460,666,2662187,72,No,46746,524744,0.232,1
APP-02534,38,Matric,Unemployed,Married,4,Rural,13,49299,641,2725660,12,No,250316,394406,5.078,0
APP-02535,47,Matric,Business,Married,4,Urban,19,248055,686,2009795,24,Yes,102838,940359,0.415,0
APP-02536,32,Bachelor,Salaried,Married,0,Semiurban,9,199921,663,1400372,48,No,37583,1347719,0.188,1
APP-02537,47,Bachelor,Self-employed,Married,3,Urban,25,223325,573,106286,12,No,10919,145221,0.049,1
APP-02538,45,Bachelor,Salaried,Married,0,Semiurban,23,192713,566,149430,60,No,2793,1460924,0.014,1
APP-02539,56,Master,Salaried,Single,1,Urban,28,128331,769,987555,24,No,53209,911544,0.415,1
APP-02540,59,Bachelor,Salaried,Married,2,Semiurban,31,166626,629,1632340,36,Yes,52577,959315,0.316,1
APP-02541,31,Master,Business,Married,0,Rural,9,138430,534,1118282,84,No,16655,959834,0.12,1
APP-02542,56,Intermediate,Salaried,Married,1,Semiurban,33,240057,774,2969297,72,No,45436,100654,0.189,1
APP-02543,51,PhD,Business,Married,1,Rural,24,206648,660,1213071,84,No,16945,786407,0.082,1
APP-02544,61,Master,Salaried,Married,2,Urban,39,181041,577,1232233,12,Yes,120377,36484,0.665,0
APP-02545,38,Intermediate,Self-employed,Single,4,Semiurban,15,78743,742,2687207,36,No,92959,608520,1.181,0
APP-02546,60,Bachelor,Business,Married,3,Rural,33,217818,749,2472391,12,Yes,254684,189311,1.169,0
APP-02547,22,Matric,Self-employed,Married,3,Semiurban,0,67932,748,2825314,48,No,68538,94355,1.009,1
APP-02548,36,PhD,Business,Single,1,Semiurban,14,146246,539,2539035,12,No,259760,866127,1.776,1
APP-02549,49,Bachelor,Salaried,Married,3,Urban,25,125437,634,1378790,12,No,130070,449906,1.037,0
APP-02550,32,Matric,Salaried,Married,3,Urban,3,121272,540,223263,36,No,7015,975356,0.058,1
APP-02551,53,PhD,Salaried,Married,1,Rural,25,254896,578,2792772,60,No,54906,13293,0.215,1
APP-02552,24,Bachelor,Business,Married,0,Urban,0,123719,629,2244079,36,Yes,74497,896111,0.602,0
APP-02553,23,Master,Business,Married,0,Semiurban,0,262075,520,826780,84,Yes,12688,2189161,0.048,1
APP-02554,35,Matric,Unemployed,Married,0,Urban,8,22958,683,2301547,12,Yes,243455,141961,10.604,0
APP-02555,35,Intermediate,Business,Single,2,Urban,8,269642,691,426590,84,No,5606,527555,0.021,1
APP-02556,57,Master,Business,Single,3,Semiurban,32,290110,648,639725,60,No,11907,2155350,0.041,1
APP-02557,57,Bachelor,Business,Married,3,Urban,30,345320,713,1951373,48,No,44392,139076,0.129,1
APP-02558,40,Matric,Business,Married,1,Semiurban,11,217481,842,1642615,36,No,53157,14400,0.244,1
APP-02559,50,Intermediate,Salaried,Married,0,Urban,25,157369,721,2950069,48,Yes,69519,453432,0.442,1
APP-02560,23,Master,Salaried,Single,4,Urban,0,106900,664,674831,60,No,12963,438243,0.121,1
APP-02561,51,Intermediate,Salaried,Single,4,Rural,26,158435,724,2081896,72,No,33423,943124,0.211,1
APP-02562,61,Bachelor,Salaried,Single,2,Semiurban,32,167254,786,2527709,24,No,134539,928651,0.804,1
APP-02563,30,Master,Self-employed,Single,0,Urban,1,72479,783,485179,72,No,8173,310873,0.113,1
APP-02564,21,Intermediate,Business,Married,3,Urban,0,74468,687,430349,60,Yes,8732,61516,0.117,1
APP-02565,59,Bachelor,Self-employed,Married,4,Rural,37,278884,648,2018071,36,Yes,63755,941531,0.229,0
APP-02566,29,Bachelor,Self-employed,Married,0,Urban,1,212585,701,650921,24,No,32478,1037602,0.153,1
APP-02567,44,Master,Self-employed,Single,4,Semiurban,15,219929,746,2767515,12,No,266962,1194298,1.214,1
APP-02568,54,Bachelor,Salaried,Single,3,Urban,25,131997,674,1244745,24,No,61071,992083,0.463,1
APP-02569,32,Bachelor,Unemployed,Single,3,Semiurban,4,42802,619,2393035,24,No,119843,274877,2.8,0
APP-02570,63,Master,Business,Married,1,Urban,35,227028,790,820603,24,Yes,41943,1898481,0.185,1
APP-02571,29,Matric,Salaried,Single,0,Urban,5,136791,634,2589441,72,Yes,45226,673258,0.331,0
APP-02572,35,Matric,Salaried,Single,1,Semiurban,13,177850,638,1556079,84,Yes,21194,280685,0.119,0
APP-02573,54,Bachelor,Unemployed,Single,3,Semiurban,32,91149,666,2282673,36,No,69693,72933,0.765,0
APP-02574,63,Intermediate,Self-employed,Single,4,Urban,41,236511,563,590773,84,No,8132,672735,0.034,0
APP-02575,61,Master,Salaried,Married,0,Urban,36,172053,612,2698450,12,Yes,258225,786881,1.501,0
APP-02576,23,Bachelor,Salaried,Married,4,Rural,0,66355,772,2149296,72,No,36279,131562,0.547,1
APP-02577,53,Intermediate,Salaried,Married,3,Urban,28,158652,568,663536,36,Yes,21638,353853,0.136,0
APP-02578,45,Master,Salaried,Married,0,Urban,18,143592,748,2338460,48,Yes,54154,493768,0.377,1
APP-02579,51,Bachelor,Salaried,Married,0,Urban,26,173914,634,1613244,48,No,40469,942865,0.233,1
APP-02580,42,Intermediate,Salaried,Married,1,Urban,14,157912,672,827649,84,Yes,11614,1024940,0.074,1
APP-02581,52,Bachelor,Salaried,Married,4,Semiurban,28,198784,588,742346,24,Yes,34192,1489964,0.172,1
APP-02582,32,Master,Self-employed,Married,1,Urban,6,188270,628,2593957,72,No,43032,967608,0.229,1
APP-02583,35,Intermediate,Salaried,Single,2,Rural,11,159223,818,190902,12,Yes,19496,237644,0.122,1
APP-02584,32,Intermediate,Business,Married,4,Semiurban,10,129497,627,1791081,60,No,36555,1149037,0.282,1
APP-02585,24,Bachelor,Unemployed,Married,0,Semiurban,0,51492,664,1990881,60,Yes,43024,458422,0.836,0
APP-02586,54,PhD,Salaried,Married,4,Semiurban,26,174838,688,727403,60,Yes,14277,387804,0.082,1
APP-02587,61,Bachelor,Salaried,Married,3,Semiurban,33,216583,632,2082791,48,Yes,53715,1233939,0.248,0
APP-02588,27,Master,Self-employed,Married,1,Semiurban,0,186896,535,725019,60,No,15389,788204,0.082,1
APP-02589,59,Bachelor,Salaried,Married,2,Rural,33,120218,675,343447,36,Yes,10534,455080,0.088,1
APP-02590,47,Bachelor,Salaried,Single,1,Urban,22,218352,527,1596047,24,No,74371,810065,0.341,1
APP-02591,25,Bachelor,Self-employed,Single,2,Rural,0,99541,495,2048002,24,No,98803,383585,0.993,0
APP-02592,54,Matric,Salaried,Married,3,Semiurban,27,113185,689,1507725,12,No,136384,371653,1.205,1
APP-02593,58,PhD,Salaried,Single,2,Semiurban,36,289302,850,1823564,24,No,92758,1289879,0.321,1
APP-02594,37,Matric,Salaried,Married,4,Urban,13,80336,598,2026709,36,No,70586,616303,0.879,0
APP-02595,36,Master,Business,Single,4,Rural,14,290916,732,165198,60,Yes,3162,1197585,0.011,1
APP-02596,28,Master,Business,Married,0,Semiurban,4,186358,615,1805124,84,Yes,23772,1311444,0.128,1
APP-02597,49,Bachelor,Salaried,Single,3,Semiurban,23,145806,624,1624210,72,Yes,26285,286212,0.18,1
APP-02598,60,Master,Business,Single,0,Urban,36,207681,687,1542903,36,Yes,47054,725618,0.227,1
APP-02599,23,Bachelor,Salaried,Married,2,Urban,0,132674,714,623058,72,Yes,10905,768647,0.082,1
APP-02600,51,Bachelor,Salaried,Married,2,Urban,22,144478,684,1477912,12,No,157012,119615,1.087,1
APP-02601,46,Bachelor,Self-employed,Single,3,Rural,21,118411,790,2158971,24,No,111535,688834,0.942,1
APP-02602,28,Master,Salaried,Single,4,Urban,3,111093,531,310868,48,Yes,7586,921346,0.068,1
APP-02603,54,Bachelor,Self-employed,Single,1,Semiurban,27,91431,550,1998352,72,Yes,34903,132750,0.382,0
APP-02604,54,Bachelor,Business,Single,3,Semiurban,27,246327,705,380226,24,No,19919,1807333,0.081,1
APP-02605,48,Master,Salaried,Single,2,Urban,23,234115,727,1953470,12,No,205999,2048563,0.88,1
APP-02606,62,Bachelor,Business,Single,4,Semiurban,34,319161,680,2829418,24,Yes,137026,2838019,0.429,0
APP-02607,29,Bachelor,Salaried,Married,0,Urban,4,122999,690,1016035,72,No,16629,357432,0.135,1
APP-02608,29,Bachelor,Self-employed,Married,0,Rural,5,85148,668,1109180,60,No,22191,97789,0.261,1
APP-02609,27,Master,Salaried,Married,1,Semiurban,0,156995,635,580150,60,Yes,12178,1121689,0.078,1
APP-02610,56,Bachelor,Salaried,Married,1,Urban,29,249047,668,1516540,36,Yes,48037,1273556,0.193,1
APP-02611,22,Intermediate,Business,Married,2,Urban,0,76344,561,2792005,48,Yes,71279,189685,0.934,0
APP-02612,39,Master,Salaried,Single,2,Semiurban,17,224570,671,2848359,84,No,41793,1204579,0.186,1
APP-02613,50,Master,Salaried,Married,3,Rural,26,188893,718,812622,12,No,79978,879947,0.423,1
APP-02614,47,Bachelor,Self-employed,Married,0,Rural,23,222103,728,842614,12,No,84181,824425,0.379,1
APP-02615,49,Bachelor,Salaried,Single,3,Rural,27,189812,644,678683,60,No,13364,1174241,0.07,1
APP-02616,22,Bachelor,Salaried,Married,2,Urban,0,90301,606,2888119,60,No,54912,790215,0.608,0
APP-02617,33,Intermediate,Salaried,Single,2,Urban,7,127950,606,201051,48,No,4608,857362,0.036,1
APP-02618,22,Master,Salaried,Married,3,Semiurban,0,87807,642,2908163,12,No,268941,729365,3.063,0
APP-02619,21,Bachelor,Salaried,Married,1,Semiurban,0,102852,743,1887848,72,No,32638,95520,0.317,1
APP-02620,58,Bachelor,Self-employed,Married,0,Urban,29,253613,587,1285997,12,No,119769,850574,0.472,1
APP-02621,23,Master,Business,Married,1,Rural,0,87003,763,1778272,72,Yes,30409,117376,0.35,0
APP-02622,22,Bachelor,Business,Married,0,Semiurban,0,143778,698,2225509,12,No,209333,958716,1.456,1
APP-02623,45,Bachelor,Business,Married,3,Rural,23,230841,685,2183594,72,No,35369,960364,0.153,1
APP-02624,45,Master,Business,Married,3,Semiurban,21,141099,684,2848780,36,Yes,101774,538915,0.721,0
APP-02625,43,Bachelor,Business,Married,1,Urban,17,196591,612,542956,36,Yes,16409,1648491,0.083,1
APP-02626,34,Matric,Business,Married,3,Semiurban,9,145715,678,2567584,48,Yes,63747,1093575,0.437,1
APP-02627,42,Bachelor,Business,Single,2,Rural,16,309063,745,501549,36,No,17051,1808033,0.055,1
APP-02628,44,Master,Salaried,Married,2,Semiurban,22,125682,654,1557055,48,Yes,38165,492835,0.304,1
APP-02629,38,Bachelor,Salaried,Single,4,Urban,11,211875,739,2919499,36,No,102569,781883,0.484,1
APP-02630,46,Matric,Business,Single,3,Urban,20,194357,807,288175,48,No,7470,1170468,0.038,1
APP-02631,61,Intermediate,Salaried,Single,3,Urban,38,127677,757,2785247,36,No,93273,370379,0.731,1
APP-02632,36,Matric,Salaried,Single,0,Semiurban,8,152386,732,1706066,72,Yes,26782,835640,0.176,1
APP-02633,34,Master,Self-employed,Single,0,Urban,6,168746,502,628059,48,No,17009,392855,0.101,1
APP-02634,51,Bachelor,Salaried,Single,2,Rural,28,204730,770,2851970,84,No,42747,497849,0.209,1
APP-02635,38,Bachelor,Unemployed,Married,2,Urban,10,61867,604,943837,12,Yes,92782,28767,1.5,0
APP-02636,36,Master,Unemployed,Married,4,Urban,10,80515,692,1828403,60,Yes,35147,326359,0.437,0
APP-02637,38,Bachelor,Self-employed,Single,4,Semiurban,12,167346,558,2491583,36,No,76986,1503950,0.46,0
APP-02638,43,Bachelor,Self-employed,Married,1,Rural,19,177811,547,2940486,24,No,142649,995901,0.802,0
APP-02639,28,Bachelor,Business,Married,2,Urban,0,274247,656,2091174,36,Yes,71403,618980,0.26,1
APP-02640,63,Bachelor,Salaried,Married,3,Semiurban,40,262830,595,1885073,72,Yes,32443,2144625,0.123,1
APP-02641,48,Bachelor,Self-employed,Married,1,Urban,23,155791,663,2969108,24,Yes,156040,337605,1.002,0
APP-02642,60,Master,Business,Single,4,Semiurban,32,209207,725,2979904,84,No,41659,446535,0.199,1
APP-02643,57,Intermediate,Salaried,Married,0,Urban,32,239439,576,192981,84,Yes,2839,458573,0.012,1
APP-02644,48,Bachelor,Unemployed,Married,4,Urban,19,84376,581,312314,84,No,4378,684418,0.052,0
APP-02645,49,Intermediate,Business,Single,0,Semiurban,20,96996,653,133588,72,No,2066,387303,0.021,1
APP-02646,26,Bachelor,Self-employed,Single,1,Rural,2,136591,709,1507762,72,Yes,24105,622852,0.176,1
APP-02647,53,Matric,Salaried,Married,3,Urban,28,141316,676,1752006,36,No,58963,119530,0.417,1
APP-02648,25,PhD,Self-employed,Married,3,Urban,0,204343,644,983068,24,No,50352,878589,0.246,1
APP-02649,53,Bachelor,Self-employed,Married,0,Urban,30,116764,816,1456260,36,Yes,52122,834851,0.446,1
APP-02650,51,PhD,Salaried,Married,3,Urban,23,247642,808,1349297,72,Yes,20821,2132771,0.084,1
APP-02651,35,Intermediate,Self-employed,Married,4,Urban,12,83780,631,1338015,24,No,61797,389616,0.738,0
APP-02652,22,Intermediate,Business,Single,1,Rural,0,172717,658,1603282,36,No,51359,209303,0.297,1
APP-02653,38,Master,Salaried,Married,4,Rural,16,133691,680,2330855,84,Yes,33266,967956,0.249,1
APP-02654,27,Matric,Self-employed,Married,4,Semiurban,1,57592,628,1290229,84,Yes,19533,452657,0.339,0
APP-02655,36,Matric,Unemployed,Single,2,Urban,14,31769,572,2723901,72,Yes,41327,146745,1.301,0
APP-02656,49,Intermediate,Salaried,Single,3,Urban,23,172599,662,509950,48,No,11488,1253259,0.067,1
APP-02657,46,Master,Unemployed,Married,1,Semiurban,22,78584,483,1211033,60,No,23060,329200,0.293,1
APP-02658,60,PhD,Unemployed,Single,0,Rural,32,157213,654,2539389,84,No,33971,1057389,0.216,1
APP-02659,29,Bachelor,Business,Married,2,Urban,5,103516,819,206905,24,Yes,9456,155117,0.091,1
APP-02660,49,Matric,Business,Married,0,Urban,21,139835,681,2502480,48,Yes,59293,690074,0.424,1
APP-02661,50,Intermediate,Self-employed,Married,2,Urban,27,80250,746,2581303,48,Yes,68741,192365,0.857,0
APP-02662,35,Bachelor,Salaried,Married,4,Rural,8,150544,705,2210216,60,Yes,46801,718684,0.311,1
APP-02663,48,Master,Salaried,Single,1,Semiurban,21,104605,665,501276,24,No,22646,897232,0.216,1
APP-02664,63,Bachelor,Salaried,Married,3,Urban,38,237066,642,2280473,60,Yes,45120,321045,0.19,1
APP-02665,31,Intermediate,Self-employed,Married,2,Urban,2,175825,767,1021541,60,Yes,18566,234811,0.106,1
APP-02666,48,Intermediate,Self-employed,Single,2,Urban,24,179416,684,2294456,24,No,121643,50655,0.678,0
APP-02667,50,Bachelor,Salaried,Married,3,Rural,25,183611,712,214708,60,No,4320,157003,0.024,1
APP-02668,47,Intermediate,Salaried,Single,0,Urban,20,126684,651,2051112,12,Yes,207937,1026299,1.641,0
APP-02669,61,Master,Self-employed,Married,3,Urban,39,250798,692,1734919,60,No,34497,792360,0.138,1
APP-02670,62,Master,Salaried,Single,3,Urban,40,203314,616,2340729,84,Yes,32262,1032187,0.159,1
APP-02671,21,Bachelor,Salaried,Married,3,Semiurban,0,147950,550,1712124,12,No,156829,799902,1.06,1
APP-02672,56,Matric,Business,Married,4,Rural,33,209716,547,1500077,12,No,145520,991814,0.694,0
APP-02673,41,Master,Salaried,Married,3,Urban,19,151036,661,1993082,48,No,49371,800864,0.327,1
APP-02674,49,Matric,Business,Single,3,Urban,20,187164,611,2535002,48,Yes,57876,1439537,0.309,0
APP-02675,25,Master,Salaried,Married,4,Semiurban,0,129853,529,2554096,36,No,87636,1117619,0.675,0
APP-02676,47,Bachelor,Business,Married,2,Urban,21,133048,627,2701328,60,Yes,55398,467630,0.416,0
APP-02677,34,Bachelor,Salaried,Married,2,Semiurban,11,146093,599,1244724,24,No,57170,299157,0.391,1
APP-02678,47,PhD,Business,Single,2,Rural,22,273723,572,100910,12,Yes,9855,2194870,0.036,1
APP-02679,35,Master,Salaried,Married,0,Urban,8,222686,766,1755088,24,Yes,91362,930023,0.41,1
APP-02680,53,Intermediate,Business,Married,4,Semiurban,26,220048,799,1407825,60,Yes,27366,501804,0.124,1
APP-02681,34,Matric,Salaried,Single,2,Semiurban,5,65658,640,1502248,12,Yes,158213,360112,2.41,0
APP-02682,60,Bachelor,Self-employed,Single,2,Rural,33,231139,674,2130141,60,No,41087,2062125,0.178,1
APP-02683,58,Bachelor,Self-employed,Married,4,Urban,31,162555,588,2124662,24,No,111653,913586,0.687,0
APP-02684,53,Master,Salaried,Single,4,Rural,30,218074,656,2149685,48,No,52394,1691056,0.24,1
APP-02685,38,Master,Self-employed,Married,4,Semiurban,10,234928,705,860006,60,No,16934,1144445,0.072,1
APP-02686,60,Master,Self-employed,Married,4,Semiurban,31,261140,545,1423173,84,No,20537,991196,0.079,1
APP-02687,40,Master,Self-employed,Married,1,Semiurban,15,203390,726,612470,60,Yes,12563,160117,0.062,1
APP-02688,21,Bachelor,Salaried,Married,2,Rural,0,176445,761,1582338,24,Yes,74993,1563281,0.425,1
APP-02689,51,Bachelor,Salaried,Married,2,Rural,22,86107,616,2672613,60,No,49533,729082,0.575,0
APP-02690,30,PhD,Salaried,Single,0,Urban,5,188128,643,2739802,24,No,132454,1268942,0.704,1
APP-02691,31,Master,Salaried,Married,4,Semiurban,8,178794,808,2212502,48,No,49978,505773,0.28,1
APP-02692,52,Bachelor,Unemployed,Married,3,Semiurban,25,74625,697,900630,60,No,16600,566392,0.222,1
APP-02693,22,Bachelor,Salaried,Married,4,Rural,0,125297,597,2564869,12,No,252046,316355,2.012,0
APP-02694,54,Intermediate,Salaried,Married,3,Rural,25,102233,699,513353,24,No,27514,178594,0.269,1
APP-02695,50,Intermediate,Self-employed,Married,3,Urban,27,173106,686,1051549,24,No,56401,977174,0.326,1
APP-02696,28,Bachelor,Self-employed,Married,2,Urban,0,70706,620,1812693,84,No,25192,170349,0.356,1
APP-02697,62,Master,Business,Married,1,Rural,36,242400,578,2246446,12,No,219440,1521568,0.905,0
APP-02698,25,Master,Self-employed,Married,4,Urban,0,228786,627,894108,84,No,13580,157972,0.059,1
APP-02699,41,Intermediate,Self-employed,Single,0,Semiurban,19,191138,762,539222,48,No,12934,917432,0.068,1
APP-02700,54,Matric,Self-employed,Married,4,Urban,26,246647,646,2725487,72,Yes,47868,688097,0.194,0
APP-02701,26,Master,Salaried,Married,1,Urban,4,198320,678,1860963,72,No,28992,1521598,0.146,1
APP-02702,26,Master,Business,Married,1,Urban,2,98809,649,438692,36,No,14173,453043,0.143,1
APP-02703,39,Master,Salaried,Single,0,Urban,14,242387,618,205332,60,Yes,3758,121558,0.016,1
APP-02704,45,Bachelor,Business,Married,4,Urban,17,256174,850,1790333,12,No,175281,2043600,0.684,1
APP-02705,63,Master,Salaried,Married,0,Urban,35,181073,721,1072017,72,No,17407,790765,0.096,1
APP-02706,58,Bachelor,Salaried,Married,2,Urban,36,125515,628,192704,12,Yes,20042,318562,0.16,1
APP-02707,24,PhD,Salaried,Single,3,Urban,0,196352,558,141108,24,No,6679,623940,0.034,1
APP-02708,59,Bachelor,Unemployed,Married,2,Urban,34,110517,642,2514274,12,No,267532,824700,2.421,0
APP-02709,26,Matric,Self-employed,Single,2,Semiurban,2,186919,707,981866,12,No,96301,1662389,0.515,1
APP-02710,40,Bachelor,Salaried,Married,2,Rural,14,91550,550,711974,60,Yes,14134,28703,0.154,0
APP-02711,46,Bachelor,Salaried,Married,1,Urban,17,182801,624,2962422,72,No,44723,917951,0.245,1
APP-02712,42,Bachelor,Salaried,Married,3,Urban,20,91440,687,2043775,60,Yes,39603,171480,0.433,0
APP-02713,46,Intermediate,Self-employed,Married,1,Urban,22,239627,643,2715479,48,No,61236,1191627,0.256,1
APP-02714,41,Bachelor,Salaried,Single,1,Urban,16,143214,705,1267785,84,Yes,17274,526496,0.121,1
APP-02715,42,Master,Business,Married,3,Rural,20,184429,642,1267423,12,No,129527,510807,0.702,0
APP-02716,63,Bachelor,Unemployed,Single,1,Semiurban,40,107385,725,2039912,12,No,186572,166450,1.737,0
APP-02717,42,Bachelor,Self-employed,Single,1,Urban,18,101126,563,2869902,24,No,142488,572167,1.409,0
APP-02718,34,Matric,Salaried,Married,4,Urban,8,172887,651,2317435,24,Yes,114541,1222299,0.663,1
APP-02719,30,Master,Salaried,Married,4,Rural,1,108924,662,661357,48,Yes,17214,462755,0.158,1
APP-02720,43,Master,Business,Single,4,Urban,16,369040,708,339039,60,Yes,6636,1480128,0.018,1
APP-02721,37,Bachelor,Salaried,Married,1,Rural,12,116796,534,190061,72,Yes,3370,454629,0.029,0
APP-02722,55,Bachelor,Self-employed,Married,0,Urban,26,234197,774,2803194,24,Yes,141299,13961,0.603,1
APP-02723,62,Matric,Self-employed,Single,0,Urban,35,224568,633,2786059,12,No,254140,1167040,1.132,0
APP-02724,46,Intermediate,Self-employed,Single,3,Rural,20,210475,586,843206,36,No,28091,488110,0.133,0
APP-02725,35,PhD,Salaried,Single,0,Rural,11,127980,691,2859897,24,No,141424,962066,1.105,1
APP-02726,41,Bachelor,Business,Married,3,Semiurban,17,216779,721,1302346,24,No,66051,1352271,0.305,1
APP-02727,29,Master,Salaried,Married,2,Rural,4,101075,751,1645181,12,Yes,156770,64183,1.551,0
APP-02728,42,Intermediate,Salaried,Married,2,Rural,13,103753,549,1860205,60,No,36909,839261,0.356,0
APP-02729,60,Matric,Salaried,Married,1,Rural,37,84710,657,1798574,24,No,89833,202296,1.06,0
APP-02730,26,Bachelor,Business,Married,4,Semiurban,0,79224,575,574127,48,Yes,15100,563814,0.191,1
APP-02731,61,Bachelor,Business,Married,4,Semiurban,36,209611,650,2244965,12,No,217570,136491,1.038,0
APP-02732,49,Intermediate,Self-employed,Single,2,Urban,22,102034,731,1542019,24,No,81032,551499,0.794,1
APP-02733,27,Bachelor,Business,Married,3,Semiurban,2,100770,705,1607387,60,No,28944,188264,0.287,1
APP-02734,58,Bachelor,Self-employed,Married,4,Semiurban,30,281207,765,140711,72,Yes,2357,970820,0.008,1
APP-02735,44,Master,Salaried,Married,0,Semiurban,15,178609,692,1029292,84,Yes,14279,430345,0.08,1
APP-02736,52,Master,Salaried,Single,2,Semiurban,27,182131,739,1819621,12,No,164001,374167,0.9,1
APP-02737,22,Intermediate,Salaried,Single,3,Semiurban,0,153138,668,1715120,12,No,172993,1042041,1.13,1
APP-02738,63,Bachelor,Self-employed,Single,3,Urban,36,261826,651,1453144,48,No,33801,1142226,0.129,1
APP-02739,46,Bachelor,Salaried,Single,1,Urban,17,195962,712,1156875,72,No,20191,399755,0.103,1
APP-02740,32,Intermediate,Unemployed,Single,3,Semiurban,6,34045,805,502010,48,No,13297,72603,0.391,0
APP-02741,24,PhD,Self-employed,Married,4,Semiurban,0,257454,747,1417413,24,No,72897,2064758,0.283,1
APP-02742,38,Bachelor,Salaried,Married,0,Urban,14,87238,690,2015839,24,Yes,97525,358752,1.118,1
APP-02743,40,Master,Business,Married,0,Rural,18,111559,710,2544014,72,No,40361,847388,0.362,1
APP-02744,46,Bachelor,Self-employed,Married,1,Semiurban,19,199192,773,2300989,72,Yes,35776,768839,0.18,1
APP-02745,42,PhD,Self-employed,Single,2,Semiurban,20,259893,706,1699996,84,No,22599,1320245,0.087,1
APP-02746,21,Bachelor,Self-employed,Married,3,Urban,0,234752,615,2560254,48,No,61253,1880845,0.261,1
APP-02747,38,Bachelor,Unemployed,Married,4,Urban,9,55973,619,2245446,72,No,34175,240718,0.611,0
APP-02748,31,Bachelor,Salaried,Married,0,Urban,8,182141,607,2488842,48,No,61970,455599,0.34,1
APP-02749,50,Bachelor,Unemployed,Single,4,Rural,27,79095,765,427983,48,Yes,11560,233019,0.146,1
APP-02750,36,Master,Unemployed,Single,4,Semiurban,7,69159,464,2779269,48,No,69865,549773,1.01,0
APP-02751,22,Bachelor,Salaried,Single,2,Semiurban,0,193677,570,1543631,48,No,41713,1635966,0.215,1
APP-02752,39,Master,Salaried,Married,2,Urban,11,226606,738,1025911,60,Yes,19320,732531,0.085,1
APP-02753,21,PhD,Salaried,Married,2,Urban,0,224181,623,1026823,60,Yes,20392,433588,0.091,0
APP-02754,24,Bachelor,Self-employed,Married,0,Urban,0,152241,632,1985228,72,Yes,32866,1050207,0.216,1
APP-02755,27,Matric,Business,Single,0,Rural,3,106286,613,2656854,48,No,69748,452098,0.656,0
APP-02756,21,Bachelor,Salaried,Single,4,Semiurban,0,64160,771,2145424,24,Yes,102284,538172,1.594,0
APP-02757,62,Bachelor,Business,Single,2,Urban,35,330323,739,375424,36,Yes,12900,1010896,0.039,1
APP-02758,26,Bachelor,Salaried,Married,0,Urban,3,183846,768,2466500,84,No,35031,72519,0.191,1
APP-02759,39,Intermediate,Self-employed,Married,1,Urban,14,212103,631,586633,60,No,10960,1859081,0.052,1
APP-02760,33,Master,Business,Married,3,Urban,9,120691,850,260330,24,No,14045,712362,0.116,1
APP-02761,55,Master,Self-employed,Single,0,Urban,31,141625,607,2894823,36,Yes,94041,497030,0.664,0
APP-02762,59,Bachelor,Salaried,Married,1,Urban,34,208851,684,1155433,48,Yes,28771,1116662,0.138,1
APP-02763,35,Master,Salaried,Married,4,Urban,6,135589,550,2458337,60,Yes,45439,1192654,0.335,0
APP-02764,49,Bachelor,Salaried,Married,0,Semiurban,20,110839,507,2544199,12,Yes,244987,850582,2.21,0
APP-02765,56,PhD,Self-employed,Married,4,Urban,32,278273,662,1910782,36,Yes,66735,1127154,0.24,1
APP-02766,35,Bachelor,Self-employed,Married,2,Rural,11,114179,669,679443,60,Yes,12392,563815,0.109,1
APP-02767,28,Bachelor,Business,Married,3,Urban,1,308180,678,2488632,36,Yes,86474,2323730,0.281,1
APP-02768,24,Intermediate,Self-employed,Single,1,Semiurban,2,191711,642,2876336,60,No,59705,1147088,0.311,0
APP-02769,53,Matric,Business,Married,4,Semiurban,24,309830,703,1892864,24,Yes,90996,1468573,0.294,1
APP-02770,49,Bachelor,Self-employed,Married,2,Urban,21,129533,577,2181577,12,Yes,236029,1120973,1.822,0
APP-02771,61,Bachelor,Salaried,Single,2,Urban,38,123578,497,1828452,12,Yes,186292,711336,1.507,0
APP-02772,61,Bachelor,Salaried,Married,3,Urban,35,251418,675,1964625,24,No,91024,124291,0.362,1
APP-02773,36,Bachelor,Business,Married,1,Urban,9,138305,591,2237246,48,No,54085,235377,0.391,1
APP-02774,59,Intermediate,Salaried,Married,3,Rural,32,161254,657,1834807,24,No,87930,348876,0.545,0
APP-02775,32,Bachelor,Salaried,Married,4,Semiurban,5,63699,593,1750671,12,No,158906,263715,2.495,0
APP-02776,50,Intermediate,Salaried,Married,2,Rural,26,162327,478,2260718,72,No,34084,852457,0.21,1
APP-02777,44,Bachelor,Salaried,Married,2,Urban,20,123411,761,109610,48,Yes,2828,548157,0.023,1
APP-02778,39,Bachelor,Salaried,Married,4,Semiurban,12,89307,634,1434129,84,Yes,18877,213641,0.211,0
APP-02779,44,Intermediate,Salaried,Single,1,Rural,21,165521,745,2639086,84,No,35131,1417980,0.212,1
APP-02780,55,Bachelor,Unemployed,Married,2,Semiurban,31,69775,635,2531700,48,No,62455,216463,0.895,0
APP-02781,24,Bachelor,Salaried,Single,0,Urban,0,78978,766,306511,48,No,6964,447035,0.088,1
APP-02782,35,Bachelor,Unemployed,Married,1,Urban,7,53471,656,393629,72,Yes,6147,36654,0.115,0
APP-02783,30,Bachelor,Unemployed,Married,0,Urban,3,53623,566,2899638,72,No,47229,103004,0.881,0
APP-02784,43,Intermediate,Self-employed,Single,1,Semiurban,19,71788,550,1125256,12,No,102653,640029,1.43,0
APP-02785,30,Master,Salaried,Single,3,Urban,5,95239,664,2715506,84,Yes,36489,256119,0.383,0
APP-02786,59,Matric,Salaried,Single,4,Semiurban,37,170777,765,960173,60,No,17618,1048084,0.103,1
APP-02787,35,Intermediate,Unemployed,Single,1,Rural,11,49434,646,454339,84,Yes,6984,19413,0.141,0
APP-02788,29,Bachelor,Salaried,Single,3,Urban,4,104483,813,450921,48,Yes,11746,759662,0.112,1
APP-02789,36,Intermediate,Self-employed,Married,2,Urban,12,159113,604,2409146,12,Yes,247955,355467,1.558,0
APP-02790,63,Intermediate,Self-employed,Married,4,Urban,40,179607,547,2974446,60,No,62614,1179156,0.349,0
APP-02791,43,Bachelor,Salaried,Married,1,Rural,17,124454,672,2271716,24,No,104247,935192,0.838,1
APP-02792,55,Master,Business,Married,1,Urban,27,350691,791,1971077,48,Yes,53167,52582,0.152,1
APP-02793,48,Matric,Salaried,Married,2,Semiurban,24,159251,668,679564,24,No,32385,104964,0.203,1
APP-02794,35,Intermediate,Unemployed,Single,3,Urban,11,59084,595,2889508,84,Yes,38761,320096,0.656,0
APP-02795,21,Bachelor,Business,Married,3,Urban,0,219199,588,1343994,12,Yes,129498,1339808,0.591,0
APP-02796,24,Bachelor,Business,Married,4,Semiurban,2,105376,640,255739,60,Yes,4824,307661,0.046,1
APP-02797,36,Bachelor,Salaried,Single,2,Urban,8,153142,702,1080772,36,No,35513,503073,0.232,1
APP-02798,33,Intermediate,Self-employed,Single,3,Semiurban,7,50330,830,2497367,84,No,34861,318659,0.693,0
APP-02799,27,Bachelor,Salaried,Married,3,Semiurban,1,67343,755,991964,36,No,31461,564405,0.467,1
APP-02800,51,Bachelor,Business,Single,3,Semiurban,24,145867,490,1311371,48,Yes,33926,602201,0.233,0
APP-02801,55,Intermediate,Self-employed,Single,1,Urban,26,223816,798,2061016,12,No,193319,408383,0.864,1
APP-02802,55,Master,Self-employed,Married,4,Rural,28,257855,712,2688513,60,Yes,54894,11942,0.213,0
APP-02803,62,Matric,Salaried,Married,3,Semiurban,34,115913,599,213305,12,No,22416,598898,0.193,1
APP-02804,61,Intermediate,Salaried,Single,1,Urban,39,111414,526,615690,72,No,9928,192349,0.089,1
APP-02805,64,Master,Self-employed,Married,2,Rural,38,205654,712,1787040,12,Yes,168128,1478000,0.818,0
APP-02806,64,Intermediate,Self-employed,Married,0,Semiurban,36,233420,737,901255,72,No,14001,803838,0.06,1
APP-02807,48,Intermediate,Salaried,Married,4,Urban,19,189042,586,913925,84,No,13881,538849,0.073,1
APP-02808,59,Bachelor,Salaried,Married,0,Urban,36,194314,633,1779544,24,Yes,88487,1613033,0.455,0
APP-02809,60,Bachelor,Unemployed,Married,0,Rural,37,97281,616,2882012,60,Yes,60172,702044,0.619,0
APP-02810,58,Bachelor,Salaried,Married,3,Semiurban,31,232355,745,2404782,72,No,40987,617192,0.176,1
APP-02811,21,Master,Salaried,Single,1,Urban,0,152943,671,2976515,24,No,156760,518093,1.025,1
APP-02812,58,Bachelor,Salaried,Single,4,Rural,30,137201,739,2590832,84,No,33801,478396,0.246,1
APP-02813,22,Master,Salaried,Married,2,Semiurban,0,208265,600,1230124,84,No,18449,998923,0.089,1
APP-02814,62,Bachelor,Salaried,Single,1,Urban,39,245619,673,2090013,12,Yes,222738,1592906,0.907,0
APP-02815,45,Bachelor,Self-employed,Married,3,Rural,22,92583,619,2735603,72,Yes,47159,270583,0.509,0
APP-02816,52,Bachelor,Business,Single,2,Semiurban,30,181793,746,1219790,60,No,24115,1237144,0.133,1
APP-02817,50,Bachelor,Salaried,Single,0,Semiurban,23,170026,669,1781994,12,Yes,170316,1322055,1.002,1
APP-02818,57,Bachelor,Business,Married,0,Urban,34,376476,724,2894947,24,Yes,130839,2702620,0.348,1
APP-02819,49,Master,Salaried,Married,0,Semiurban,27,177085,612,1345905,72,No,21677,200643,0.122,1
APP-02820,37,Bachelor,Self-employed,Married,4,Urban,9,187345,646,2452379,24,No,124733,637967,0.666,0
APP-02821,37,Master,Business,Married,3,Urban,9,101786,781,2207562,24,No,118433,107057,1.164,1
APP-02822,26,Bachelor,Salaried,Married,1,Semiurban,0,179488,721,1456603,84,No,22361,709088,0.125,1
APP-02823,30,Intermediate,Salaried,Single,3,Rural,4,55745,425,322858,72,Yes,5695,278217,0.102,0
APP-02824,49,Bachelor,Business,Single,3,Semiurban,27,171773,759,1190705,36,No,36818,544270,0.214,1
APP-02825,48,Intermediate,Salaried,Married,4,Rural,19,126171,654,2103038,84,Yes,29565,1002440,0.234,0
APP-02826,27,Master,Self-employed,Single,1,Rural,0,146340,651,2174423,60,No,44346,216182,0.303,1
APP-02827,41,Bachelor,Salaried,Single,2,Urban,19,186994,703,1533214,84,No,20087,285013,0.107,1
APP-02828,30,Intermediate,Self-employed,Single,3,Urban,2,166561,584,1725859,48,No,41666,1403287,0.25,0
APP-02829,37,Matric,Self-employed,Married,3,Semiurban,11,115481,582,318983,12,Yes,34084,959707,0.295,0
APP-02830,24,Matric,Salaried,Single,3,Urban,0,79610,619,582581,12,No,53822,69434,0.676,0
APP-02831,38,Master,Unemployed,Married,4,Semiurban,11,80230,585,386653,24,Yes,17828,593671,0.222,0
APP-02832,27,Bachelor,Business,Single,4,Urban,4,289309,682,598581,48,Yes,14870,1604466,0.051,1
APP-02833,40,Master,Salaried,Married,3,Urban,16,234249,553,976805,24,No,48565,304385,0.207,1
APP-02834,60,Bachelor,Unemployed,Married,4,Rural,35,97563,519,2760952,24,No,134726,190296,1.381,0
APP-02835,48,Master,Salaried,Single,4,Urban,25,134366,744,2941645,48,Yes,72633,897238,0.541,0
APP-02836,41,Bachelor,Self-employed,Married,1,Rural,14,153618,676,734229,84,Yes,9793,1006630,0.064,1
APP-02837,61,Bachelor,Salaried,Married,0,Urban,38,228155,599,1287638,12,Yes,125805,200070,0.551,0
APP-02838,55,Master,Self-employed,Married,0,Urban,33,154129,605,160519,36,No,5235,29788,0.034,1
APP-02839,52,Bachelor,Salaried,Single,4,Semiurban,26,136861,646,949874,48,Yes,25613,345371,0.187,0
APP-02840,59,Master,Self-employed,Married,2,Urban,36,280833,766,383484,36,No,13230,1690226,0.047,1
APP-02841,50,Master,Salaried,Married,3,Semiurban,26,177919,800,2898494,84,No,40898,29075,0.23,1
APP-02842,40,Master,Self-employed,Single,3,Semiurban,15,254653,697,134594,60,No,2435,1600618,0.01,1
APP-02843,31,Matric,Salaried,Married,3,Urban,9,88080,713,896294,36,Yes,30586,486763,0.347,0
APP-02844,37,Master,Self-employed,Married,2,Urban,14,216067,759,1466938,84,No,22540,1266467,0.104,1
APP-02845,57,Intermediate,Salaried,Married,1,Rural,31,150799,627,1078532,84,Yes,15180,464573,0.101,0
APP-02846,61,Intermediate,Salaried,Single,1,Urban,34,125974,525,902552,60,Yes,17878,648428,0.142,1
APP-02847,63,Intermediate,Salaried,Single,0,Semiurban,40,231036,701,1027247,12,No,94805,920614,0.41,1
APP-02848,52,Master,Salaried,Married,4,Semiurban,26,165165,849,892278,48,Yes,23319,382294,0.141,1
APP-02849,52,Intermediate,Salaried,Married,3,Rural,27,98089,561,779808,36,Yes,23513,275321,0.24,0
APP-02850,25,PhD,Salaried,Married,1,Semiurban,0,132691,627,2018619,12,Yes,215701,657599,1.626,0
APP-02851,56,Master,Salaried,Single,4,Urban,33,251001,570,1178464,60,No,25060,1624458,0.1,1
APP-02852,30,Master,Unemployed,Married,3,Semiurban,5,59020,632,2550259,48,No,58503,452923,0.991,0
APP-02853,50,Master,Salaried,Single,0,Urban,25,122765,511,2884648,72,No,49305,422207,0.402,1
APP-02854,64,Bachelor,Salaried,Married,2,Rural,37,137427,709,2009282,36,No,68140,501311,0.496,1
APP-02855,45,Matric,Business,Single,1,Urban,16,294594,712,933042,12,Yes,85273,267017,0.289,1
APP-02856,27,Matric,Salaried,Married,0,Urban,0,45468,606,2851169,24,Yes,133514,163063,2.936,0
APP-02857,62,Master,Business,Married,3,Urban,40,243021,803,2987290,48,Yes,80884,1407142,0.333,1
APP-02858,33,Master,Salaried,Married,2,Urban,7,151030,819,971012,12,No,101846,877962,0.674,1
APP-02859,32,Master,Self-employed,Married,3,Urban,9,226071,710,1120931,12,No,107766,1411745,0.477,1
APP-02860,28,Matric,Salaried,Single,1,Urban,0,119855,660,944229,60,Yes,18630,544237,0.155,1
APP-02861,42,Bachelor,Salaried,Married,0,Urban,19,158436,721,781171,12,No,82068,462895,0.518,1
APP-02862,62,Master,Salaried,Married,1,Rural,34,182048,831,991982,48,Yes,23436,1257862,0.129,1
APP-02863,28,Master,Salaried,Married,4,Urban,6,192890,755,610949,60,No,12436,254321,0.064,1
APP-02864,23,Bachelor,Business,Married,2,Urban,0,301754,640,1765819,72,No,26772,1970644,0.089,1
APP-02865,34,Intermediate,Salaried,Single,0,Urban,10,67800,705,2957928,24,No,135848,410371,2.004,1
APP-02866,34,Master,Business,Married,2,Urban,12,194979,712,525277,84,No,7568,624184,0.039,1
APP-02867,32,Bachelor,Salaried,Married,2,Urban,8,132199,575,1640118,84,Yes,24604,347835,0.186,1
APP-02868,64,Bachelor,Salaried,Single,4,Urban,40,146381,463,2102210,84,No,29230,302835,0.2,1
APP-02869,63,Matric,Unemployed,Married,0,Urban,34,102062,546,751890,36,No,25330,645472,0.248,1
APP-02870,23,Bachelor,Salaried,Single,1,Urban,1,200936,700,1090587,48,No,25453,415864,0.127,1
APP-02871,40,Bachelor,Salaried,Single,3,Urban,16,130171,587,1497978,72,Yes,26416,367112,0.203,1
APP-02872,52,Intermediate,Business,Married,0,Rural,23,232381,660,120954,60,No,2539,1632523,0.011,1
APP-02873,35,Master,Self-employed,Single,3,Urban,12,184603,693,1515095,24,No,69219,1640763,0.375,1
APP-02874,49,Master,Salaried,Single,0,Urban,21,107222,598,368496,60,No,7757,466533,0.072,1
APP-02875,39,Master,Salaried,Married,2,Rural,14,179241,574,1397132,48,No,37653,15179,0.21,1
APP-02876,31,Bachelor,Salaried,Single,3,Urban,2,116251,611,2626491,48,No,70563,333361,0.607,0
APP-02877,64,Bachelor,Business,Married,2,Semiurban,36,210542,622,900706,36,Yes,31265,1607262,0.148,1
APP-02878,43,Master,Unemployed,Single,4,Semiurban,21,77186,556,1184083,12,No,112216,442775,1.454,0
APP-02879,40,Bachelor,Salaried,Married,1,Semiurban,14,178128,638,1104265,48,Yes,29129,190311,0.164,1
APP-02880,39,Master,Unemployed,Married,1,Semiurban,16,86103,554,1256329,60,No,24963,106381,0.29,0
APP-02881,49,Matric,Self-employed,Married,0,Urban,23,212779,675,791616,84,No,10658,1624969,0.05,1
APP-02882,37,Intermediate,Salaried,Married,0,Semiurban,8,171419,550,1856675,12,Yes,188165,464903,1.098,0
APP-02883,61,Matric,Salaried,Married,3,Rural,37,104916,738,1237950,12,Yes,127252,147706,1.213,0
APP-02884,59,Matric,Salaried,Married,2,Urban,35,189336,712,976939,84,No,13450,1475870,0.071,1
APP-02885,29,Intermediate,Business,Married,2,Semiurban,5,166928,661,523996,84,Yes,7566,1478298,0.045,1
APP-02886,31,Bachelor,Self-employed,Married,2,Semiurban,9,108364,424,1019369,60,No,18670,168834,0.172,1
APP-02887,58,Master,Salaried,Single,0,Urban,30,155972,721,2516577,48,No,65084,86992,0.417,1
APP-02888,28,Master,Self-employed,Married,4,Rural,6,249203,764,2458457,72,No,38230,289122,0.153,1
APP-02889,36,Master,Business,Married,3,Rural,10,232528,617,1527897,36,Yes,49374,1107733,0.212,0
APP-02890,59,Intermediate,Business,Married,4,Rural,34,285739,622,901265,36,No,30331,1934480,0.106,1
APP-02891,50,Master,Salaried,Married,3,Rural,26,209099,691,602525,36,No,18772,873105,0.09,1
APP-02892,33,Matric,Salaried,Married,2,Urban,9,161941,515,2009235,12,No,203038,996813,1.254,0
APP-02893,40,Bachelor,Self-employed,Married,3,Urban,15,239551,743,496991,24,No,24433,1789738,0.102,1
APP-02894,60,Matric,Self-employed,Single,0,Semiurban,36,242964,797,1020366,12,No,101485,824785,0.418,1
APP-02895,47,Bachelor,Salaried,Married,0,Urban,23,143587,682,1230612,24,No,63168,639816,0.44,1
APP-02896,44,Bachelor,Business,Single,1,Semiurban,22,103461,665,605276,48,No,16250,39529,0.157,1
APP-02897,49,PhD,Unemployed,Married,4,Semiurban,21,110673,664,2915056,36,Yes,104979,182736,0.949,0
APP-02898,58,Bachelor,Self-employed,Single,3,Semiurban,35,233566,493,107676,84,No,1406,1726208,0.006,1
APP-02899,52,Matric,Salaried,Married,3,Semiurban,29,172476,725,2772581,24,Yes,146951,659938,0.852,0
APP-02900,21,Intermediate,Business,Married,1,Semiurban,0,161849,609,2357047,36,No,74465,439967,0.46,0
APP-02901,62,Bachelor,Business,Married,2,Semiurban,34,284968,650,730022,84,No,10535,1116189,0.037,1
APP-02902,52,Bachelor,Salaried,Married,4,Rural,28,179453,730,2940035,48,No,67153,72718,0.374,1
APP-02903,62,Intermediate,Self-employed,Married,0,Urban,35,129538,609,207815,36,No,6597,600469,0.051,1
APP-02904,28,Bachelor,Salaried,Married,3,Urban,1,187877,572,2027806,48,Yes,47195,631853,0.251,1
APP-02905,30,Bachelor,Salaried,Single,4,Rural,8,99845,703,1783404,36,No,63215,293235,0.633,0
APP-02906,34,Intermediate,Self-employed,Single,1,Semiurban,10,66491,606,1145401,12,No,114739,211764,1.726,0
APP-02907,58,Bachelor,Business,Single,2,Semiurban,32,187200,796,205128,60,No,4182,119573,0.022,1
APP-02908,63,Intermediate,Salaried,Married,4,Rural,34,132571,583,1536915,48,No,37952,171971,0.286,0
APP-02909,39,PhD,Business,Married,4,Semiurban,16,167991,736,887223,48,Yes,20140,1226257,0.12,1
APP-02910,55,Master,Salaried,Single,0,Rural,28,147914,657,2196222,12,No,218258,1229419,1.476,1
APP-02911,42,Master,Business,Single,4,Semiurban,16,351953,581,776472,60,No,15967,2174257,0.045,1
APP-02912,36,Intermediate,Business,Single,0,Urban,11,88582,623,1446908,24,Yes,76421,568305,0.863,0
APP-02913,28,Master,Business,Single,0,Rural,2,177205,406,2139820,12,No,218127,917239,1.231,0
APP-02914,38,Bachelor,Self-employed,Married,3,Semiurban,12,184421,674,1139631,72,Yes,20440,714159,0.111,1
APP-02915,26,Intermediate,Business,Single,0,Urban,0,175747,630,2760017,24,Yes,128549,1167143,0.731,0
APP-02916,23,Bachelor,Salaried,Married,1,Rural,0,182855,770,2875127,72,Yes,50213,524650,0.275,1
APP-02917,40,Matric,Self-employed,Married,3,Urban,16,89698,672,1776827,84,No,24352,714856,0.271,1
APP-02918,41,Master,Unemployed,Single,0,Semiurban,15,81036,533,2884747,72,Yes,49350,713769,0.609,0
APP-02919,55,Bachelor,Business,Married,0,Semiurban,33,274316,701,2851179,72,Yes,44064,2119524,0.161,1
APP-02920,38,Bachelor,Business,Single,0,Urban,15,249327,559,1454726,48,Yes,32996,974318,0.132,1
APP-02921,57,Bachelor,Unemployed,Married,0,Rural,28,73823,523,1890934,60,Yes,40774,200934,0.552,0
APP-02922,50,Bachelor,Salaried,Single,4,Urban,25,217098,596,2006082,72,No,33546,1949773,0.155,1
APP-02923,33,Master,Salaried,Married,0,Urban,7,190008,751,2819559,60,No,52152,1384620,0.274,1
APP-02924,28,Intermediate,Self-employed,Married,1,Semiurban,1,128084,600,2130476,84,Yes,32069,653168,0.25,1
APP-02925,49,Bachelor,Salaried,Single,2,Semiurban,26,162069,809,958138,12,Yes,87635,1192001,0.541,1
APP-02926,51,Intermediate,Self-employed,Single,0,Rural,25,126123,568,2938291,84,No,42443,1112122,0.337,1
APP-02927,44,Bachelor,Self-employed,Married,3,Semiurban,21,171500,570,300544,36,Yes,9863,857481,0.058,0
APP-02928,62,Bachelor,Salaried,Married,0,Urban,37,232899,810,2698297,60,No,49434,1721274,0.212,1
APP-02929,60,Master,Business,Single,0,Urban,35,368365,731,1863224,48,No,45621,1581898,0.124,1
APP-02930,61,Bachelor,Salaried,Married,4,Urban,39,147031,666,854241,60,Yes,15432,292376,0.105,1
APP-02931,53,Bachelor,Salaried,Married,1,Semiurban,30,135631,832,165580,36,No,5730,147697,0.042,1
APP-02932,58,Intermediate,Unemployed,Single,1,Urban,29,56326,579,1584831,48,No,39892,280474,0.708,0
APP-02933,56,Bachelor,Salaried,Married,4,Rural,30,210209,638,2401162,60,No,48100,1849936,0.229,1
APP-02934,50,Bachelor,Salaried,Married,2,Urban,24,127180,506,1283909,12,No,122269,1019084,0.961,0
APP-02935,31,Master,Salaried,Married,1,Semiurban,9,163665,784,1708448,48,Yes,44733,1416700,0.273,1
APP-02936,39,Master,Self-employed,Married,3,Urban,14,209284,759,2468342,36,No,88896,1373215,0.425,1
APP-02937,63,Intermediate,Self-employed,Married,1,Urban,36,89454,563,1241975,24,No,58507,373680,0.654,0
APP-02938,61,Bachelor,Business,Married,3,Semiurban,32,192994,588,1963361,84,No,26241,821582,0.136,1
APP-02939,48,Master,Salaried,Single,4,Urban,19,112375,836,789318,72,Yes,11859,170539,0.106,1
APP-02940,48,Bachelor,Salaried,Single,4,Semiurban,22,152183,547,703656,72,No,10792,423936,0.071,1
APP-02941,27,Master,Salaried,Single,2,Urban,4,92499,646,356515,84,No,4988,501273,0.054,1
APP-02942,30,Bachelor,Business,Married,4,Semiurban,8,277948,543,479435,48,Yes,11521,1711606,0.041,0
APP-02943,26,Intermediate,Salaried,Single,1,Urban,0,102380,620,2099871,36,No,70407,90202,0.688,0
APP-02944,41,Matric,Salaried,Married,2,Semiurban,17,142466,593,1733991,36,No,61400,88345,0.431,0
APP-02945,63,Bachelor,Salaried,Single,4,Semiurban,37,90268,675,191909,60,Yes,3816,581705,0.042,1
APP-02946,53,Bachelor,Self-employed,Married,1,Semiurban,28,196215,663,1105558,60,Yes,23906,1584412,0.122,1
APP-02947,57,Master,Salaried,Married,1,Rural,34,228659,795,686264,48,No,18026,568461,0.079,1
APP-02948,61,Master,Unemployed,Single,1,Urban,35,97145,624,595970,72,No,10422,482598,0.107,1
APP-02949,37,Intermediate,Salaried,Married,0,Urban,13,168578,756,493035,72,Yes,8474,380613,0.05,1
APP-02950,22,Intermediate,Salaried,Single,0,Semiurban,0,61376,715,1527241,48,Yes,34553,163802,0.563,1
APP-02951,31,Bachelor,Self-employed,Married,2,Rural,9,118693,681,2451411,60,Yes,49845,163035,0.42,0
APP-02952,33,Bachelor,Unemployed,Married,3,Urban,8,57629,522,168335,36,No,5505,251248,0.096,0
APP-02953,54,Intermediate,Salaried,Married,3,Semiurban,30,235550,663,1502963,24,No,70573,1038275,0.3,1
APP-02954,61,Master,Salaried,Married,0,Rural,38,134384,744,2897027,12,Yes,300528,172360,2.236,1
APP-02955,24,Master,Salaried,Married,2,Urban,0,92497,711,2796720,48,Yes,71988,284607,0.778,0
APP-02956,59,Intermediate,Salaried,Married,2,Urban,32,211408,626,312694,24,Yes,14484,1120958,0.069,0
APP-02957,40,Master,Salaried,Married,0,Semiurban,12,139577,683,1430131,72,No,22682,295730,0.163,1
APP-02958,41,Bachelor,Unemployed,Married,0,Rural,13,72407,570,2274552,48,No,59440,117148,0.821,0
APP-02959,55,Master,Business,Single,0,Urban,28,123423,653,972479,72,No,17300,765906,0.14,1
APP-02960,61,Intermediate,Salaried,Single,4,Rural,39,225436,705,2358037,60,No,43762,239425,0.194,1
APP-02961,30,Intermediate,Salaried,Married,0,Semiurban,7,112420,657,2238265,72,No,40402,782362,0.359,1
APP-02962,25,Master,Salaried,Married,3,Rural,0,142381,573,2365432,84,Yes,33578,11998,0.236,0
APP-02963,29,Bachelor,Self-employed,Single,3,Semiurban,3,84163,660,1421181,84,No,21150,215611,0.251,1
APP-02964,59,Bachelor,Self-employed,Married,2,Urban,32,196032,534,2123408,24,Yes,99186,814017,0.506,0
APP-02965,41,Intermediate,Salaried,Single,2,Rural,12,184945,516,922551,72,No,15220,809532,0.082,1
APP-02966,28,Master,Self-employed,Married,2,Urban,5,152304,744,1999012,48,No,49206,967809,0.323,1
APP-02967,61,Bachelor,Salaried,Married,4,Rural,38,222048,821,2188699,36,Yes,77991,1670640,0.351,1
APP-02968,56,Master,Unemployed,Single,3,Urban,29,97098,615,1958844,84,No,27957,281055,0.288,0
APP-02969,54,Master,Business,Married,4,Semiurban,32,181626,850,743948,60,Yes,15555,635245,0.086,1
APP-02970,56,Master,Self-employed,Single,2,Semiurban,34,174411,637,262773,84,No,3523,1162234,0.02,1
APP-02971,34,Master,Salaried,Married,1,Urban,7,176930,603,1027707,60,No,20391,1548087,0.115,1
APP-02972,54,Bachelor,Self-employed,Married,0,Semiurban,25,140295,613,1679436,84,No,23037,412297,0.164,1
APP-02973,30,Bachelor,Unemployed,Married,4,Semiurban,8,59322,418,1230744,84,No,17109,72468,0.288,0
APP-02974,58,Matric,Unemployed,Single,2,Semiurban,33,78926,675,1174463,24,No,59874,552090,0.759,0
APP-02975,24,Matric,Business,Married,3,Urban,2,96201,677,1191994,24,Yes,59668,95002,0.62,0
APP-02976,49,Matric,Business,Married,1,Semiurban,22,190343,798,2216035,48,No,56646,162522,0.298,1
APP-02977,38,Intermediate,Salaried,Single,1,Semiurban,14,168293,753,2659514,24,No,131628,1201110,0.782,1
APP-02978,63,Intermediate,Salaried,Married,4,Urban,37,211536,762,2725846,12,No,281548,1771114,1.331,1
APP-02979,25,Bachelor,Salaried,Married,3,Rural,0,151442,808,1717289,60,Yes,31787,162448,0.21,1
APP-02980,25,Intermediate,Business,Married,1,Semiurban,0,142629,488,2492132,60,No,46866,1031471,0.329,1
APP-02981,30,Intermediate,Salaried,Married,0,Urban,5,104956,554,1740208,24,Yes,85067,131720,0.811,0
APP-02982,31,Matric,Salaried,Married,2,Semiurban,4,51334,645,2868295,48,Yes,73396,186703,1.43,0
APP-02983,51,Master,Self-employed,Married,3,Semiurban,28,161935,684,952711,60,No,19014,573630,0.117,1
APP-02984,44,Bachelor,Self-employed,Single,3,Semiurban,18,138116,730,2701516,84,Yes,41743,424943,0.302,1
APP-02985,33,Bachelor,Business,Single,0,Rural,9,236411,684,2189328,24,No,103896,1210415,0.439,1
APP-02986,60,Intermediate,Salaried,Single,1,Rural,31,115219,521,1474336,60,No,29914,704031,0.26,1
APP-02987,59,Matric,Salaried,Married,3,Semiurban,36,106596,552,2914760,84,No,39141,348570,0.367,0
APP-02988,23,Intermediate,Salaried,Married,1,Rural,0,163138,614,1001132,36,No,34724,36156,0.213,0
APP-02989,46,Master,Salaried,Single,0,Semiurban,21,187785,684,2648663,12,No,240063,1340131,1.278,1
APP-02990,25,Master,Business,Single,1,Rural,0,138897,673,1867365,36,No,62164,107544,0.448,1
APP-02991,60,PhD,Self-employed,Married,2,Urban,36,221465,635,850136,12,No,90431,1719547,0.408,0
APP-02992,59,Matric,Salaried,Married,2,Urban,31,192066,652,1808007,36,Yes,63587,1218279,0.331,1
APP-02993,22,Matric,Self-employed,Married,0,Urban,0,158362,601,2827705,12,No,277288,1103241,1.751,0
APP-02994,29,Master,Business,Married,0,Rural,5,265548,727,780000,12,No,70328,540053,0.265,1
APP-02995,62,Bachelor,Salaried,Married,4,Rural,34,216831,682,1776796,60,Yes,37153,37763,0.171,1
APP-02996,22,Bachelor,Salaried,Married,0,Urban,0,104602,667,2462125,60,No,47180,49980,0.451,1
APP-02997,36,Bachelor,Self-employed,Single,0,Urban,11,95029,623,1617885,60,No,33365,350529,0.351,1
APP-02998,54,Bachelor,Salaried,Married,4,Semiurban,29,213092,849,674906,12,No,70616,501607,0.331,1
APP-02999,37,Bachelor,Self-employed,Married,3,Semiurban,15,145435,579,1360854,12,No,127022,444986,0.873,0
APP-03000,57,PhD,Self-employed,Married,3,Semiurban,35,201639,649,1471642,36,Yes,46359,1683242,0.23,0
APP-03001,61,Master,Salaried,Single,0,Rural,32,143918,657,389321,60,No,7813,333145,0.054,1
APP-03002,45,Bachelor,Self-employed,Single,3,Urban,19,72035,768,2760264,12,Yes,260273,322560,3.613,0
APP-03003,40,Master,Business,Single,4,Rural,16,194768,634,818983,72,No,13856,1344077,0.071,1
APP-03004,39,Bachelor,Business,Married,1,Urban,16,325915,695,2013736,12,No,201429,2754696,0.618,1
APP-03005,21,Matric,Unemployed,Married,1,Urban,0,22356,747,1113584,24,No,59180,55985,2.647,0
APP-03006,64,Master,Salaried,Married,2,Rural,41,153310,638,969798,12,No,95204,405618,0.621,0
APP-03007,55,Bachelor,Self-employed,Married,2,Urban,27,191329,558,906647,36,No,32478,182336,0.17,1
APP-03008,49,Intermediate,Salaried,Married,1,Semiurban,20,188116,577,1780045,72,No,26712,881564,0.142,1
APP-03009,27,Intermediate,Self-employed,Married,1,Rural,1,44073,611,183059,48,Yes,4194,158711,0.095,0
APP-03010,58,Intermediate,Self-employed,Married,1,Semiurban,35,171538,592,2332840,12,No,236984,1011197,1.382,0
APP-03011,22,Master,Business,Married,3,Urban,0,320037,525,2727529,72,No,44562,583596,0.139,1
APP-03012,32,Master,Salaried,Married,3,Semiurban,9,168511,676,2269671,36,No,78125,1004256,0.464,1
APP-03013,41,Master,Salaried,Married,2,Urban,14,179739,730,714438,84,No,9383,1186519,0.052,1
APP-03014,42,Intermediate,Business,Married,1,Urban,13,297052,529,1608384,60,Yes,33495,1934537,0.113,1
APP-03015,26,Master,Salaried,Married,2,Rural,4,121444,713,2774606,36,No,97351,899878,0.802,1
APP-03016,56,PhD,Salaried,Single,0,Urban,31,280047,639,1495595,84,No,19847,1631039,0.071,1
APP-03017,35,PhD,Self-employed,Married,3,Semiurban,9,190160,631,793531,72,No,12105,101402,0.064,1
APP-03018,43,Intermediate,Salaried,Married,4,Semiurban,16,71646,680,1135741,84,No,16786,124108,0.234,1
APP-03019,62,Intermediate,Salaried,Married,4,Urban,34,104261,664,785987,48,Yes,18807,721873,0.18,1
APP-03020,31,Master,Self-employed,Married,2,Semiurban,6,232655,540,1938944,12,No,197763,1896783,0.85,0
APP-03021,59,Matric,Salaried,Married,2,Semiurban,37,210834,833,1693266,12,Yes,157547,688636,0.747,1
APP-03022,46,Bachelor,Unemployed,Married,0,Rural,23,80281,584,2693217,84,Yes,37297,324548,0.465,0
APP-03023,47,Master,Salaried,Single,2,Urban,19,123320,394,185639,12,No,17937,992748,0.145,1
APP-03024,21,Intermediate,Business,Married,0,Urban,0,271381,826,450215,60,Yes,8307,145195,0.031,1
APP-03025,39,Matric,Salaried,Married,1,Semiurban,16,109570,699,2874942,72,Yes,44244,420436,0.404,0
APP-03026,59,PhD,Salaried,Married,0,Rural,37,283706,691,2094485,12,No,204183,930423,0.72,1
APP-03027,49,Bachelor,Salaried,Married,1,Semiurban,27,121864,557,1751769,24,No,94366,17188,0.774,0
APP-03028,63,Intermediate,Self-employed,Married,1,Semiurban,38,76971,746,2145378,60,Yes,41846,605719,0.544,0
APP-03029,27,Master,Salaried,Married,1,Urban,1,199207,698,1930621,48,No,45491,836668,0.228,1
APP-03030,48,Bachelor,Business,Married,3,Semiurban,26,162797,664,2515829,60,No,47503,928702,0.292,1
APP-03031,29,PhD,Salaried,Single,2,Semiurban,7,226692,752,905903,24,No,46928,1588717,0.207,1
APP-03032,26,Master,Salaried,Single,2,Urban,3,212390,693,2351063,36,No,80269,254015,0.378,1
APP-03033,28,Bachelor,Salaried,Married,0,Urban,4,187729,721,1357965,36,Yes,43494,1352662,0.232,1
APP-03034,61,Master,Business,Single,4,Urban,39,253069,741,146094,84,No,2246,1599689,0.009,1
APP-03035,38,Intermediate,Business,Single,0,Semiurban,15,112406,600,1549858,48,No,37878,149333,0.337,0
APP-03036,38,PhD,Salaried,Married,0,Urban,15,111206,621,370829,60,No,7212,679498,0.065,1
APP-03037,36,PhD,Unemployed,Married,2,Rural,12,89348,562,770766,60,Yes,14488,737058,0.162,0
APP-03038,26,Intermediate,Salaried,Married,2,Urban,0,103796,695,2513100,84,No,33193,274469,0.32,0
APP-03039,41,PhD,Salaried,Married,0,Semiurban,15,203947,579,1927420,36,Yes,63763,1375740,0.313,0
APP-03040,61,Bachelor,Salaried,Single,3,Urban,39,136869,612,1475948,36,No,51050,773748,0.373,1
APP-03041,44,Bachelor,Salaried,Married,2,Urban,17,144396,708,1308531,60,Yes,24135,1031407,0.167,1
APP-03042,33,Master,Self-employed,Married,2,Urban,4,203812,751,1516292,84,Yes,23411,1212776,0.115,1
APP-03043,36,Matric,Self-employed,Single,2,Urban,8,220315,671,351107,60,Yes,7359,1943140,0.033,1
APP-03044,25,Intermediate,Unemployed,Married,3,Semiurban,1,29475,526,2730690,60,No,52988,69734,1.798,0
APP-03045,37,Matric,Unemployed,Single,0,Urban,8,40368,578,2306999,36,No,69252,254932,1.716,0
APP-03046,64,Bachelor,Salaried,Married,0,Urban,36,225839,714,2296608,72,Yes,36098,467272,0.16,1
APP-03047,23,Master,Salaried,Single,2,Rural,0,188416,600,813504,36,No,27268,1667444,0.145,1
APP-03048,62,Matric,Salaried,Single,0,Urban,36,148219,663,2234379,24,Yes,108186,178210,0.73,0
APP-03049,50,Master,Business,Married,1,Urban,21,298928,690,121118,12,Yes,11082,2437026,0.037,1
APP-03050,47,Master,Business,Married,4,Urban,23,286402,800,1075722,36,Yes,32361,1678515,0.113,1
APP-03051,50,Intermediate,Self-employed,Single,0,Rural,25,213183,678,106772,84,No,1623,1204295,0.008,1
APP-03052,30,Bachelor,Salaried,Married,1,Semiurban,2,93879,628,905621,12,No,94051,70777,1.002,0
APP-03053,21,Matric,Business,Single,1,Urban,0,74988,742,869640,24,No,40462,449070,0.54,1
APP-03054,21,Bachelor,Self-employed,Married,4,Semiurban,0,63806,566,2791971,60,No,56546,43923,0.886,0
APP-03055,30,Bachelor,Business,Married,0,Rural,5,187743,729,2694921,12,Yes,270819,1500601,1.442,1
APP-03056,50,Bachelor,Unemployed,Married,4,Rural,27,75537,514,833520,84,No,12763,491528,0.169,0
APP-03057,27,Intermediate,Business,Single,2,Urban,3,222165,635,249682,24,No,12353,228617,0.056,1
APP-03058,57,Master,Salaried,Married,4,Semiurban,33,147687,627,1574403,84,Yes,21769,67036,0.147,0
APP-03059,63,Matric,Salaried,Married,0,Urban,35,164326,755,2688541,24,No,140452,1187991,0.855,1
APP-03060,48,Bachelor,Self-employed,Married,4,Rural,24,174738,834,2464590,36,Yes,80104,75858,0.458,0
APP-03061,30,Master,Business,Married,4,Urban,4,162164,612,2979216,12,No,318014,439080,1.961,0
APP-03062,34,Matric,Salaried,Married,3,Semiurban,9,180064,575,2030393,60,Yes,37524,1612098,0.208,1
APP-03063,56,Matric,Self-employed,Married,3,Rural,30,223718,653,2026630,60,Yes,38271,1113652,0.171,1
APP-03064,62,Bachelor,Self-employed,Married,2,Urban,33,241756,429,1724837,72,No,26577,676866,0.11,1
APP-03065,62,PhD,Self-employed,Married,1,Urban,36,313324,612,1034379,24,No,46706,2472908,0.149,1
APP-03066,58,Bachelor,Salaried,Married,0,Rural,34,88287,747,247688,36,No,8691,130938,0.098,1
APP-03067,40,Matric,Salaried,Married,1,Semiurban,17,139366,702,280207,84,Yes,4074,686425,0.029,1
APP-03068,56,Bachelor,Salaried,Married,1,Rural,27,137372,629,785799,12,No,83396,794625,0.607,0
APP-03069,22,PhD,Salaried,Single,2,Urban,0,182142,850,1526490,36,Yes,47175,1419034,0.259,1
APP-03070,43,Bachelor,Salaried,Single,3,Urban,18,219081,646,677315,60,No,14283,1761467,0.065,1
APP-03071,46,Intermediate,Business,Single,1,Rural,21,270295,565,126631,12,Yes,13626,1407540,0.05,1
APP-03072,38,Master,Self-employed,Married,1,Rural,9,226579,726,2763730,84,No,38827,1157303,0.171,1
APP-03073,48,Bachelor,Salaried,Married,0,Semiurban,25,132572,587,638118,48,No,14546,1064272,0.11,1
APP-03074,51,Intermediate,Salaried,Married,1,Urban,24,142996,530,2321586,48,No,56571,57150,0.396,0
APP-03075,21,Master,Self-employed,Single,1,Rural,0,157672,692,837036,36,No,25214,1107572,0.16,1
APP-03076,34,Master,Salaried,Married,3,Rural,6,159579,769,2301001,60,No,49539,1168278,0.31,1
APP-03077,64,Bachelor,Salaried,Married,2,Urban,35,197043,850,370089,24,No,19083,929878,0.097,1
APP-03078,32,Bachelor,Salaried,Single,4,Urban,5,170612,660,1563216,84,Yes,21819,1335202,0.128,1
APP-03079,24,Bachelor,Business,Married,4,Rural,0,298593,562,2642463,24,No,134588,2410424,0.451,0
APP-03080,45,Bachelor,Salaried,Single,4,Rural,20,132504,766,1726965,12,No,182739,727115,1.379,1
APP-03081,42,Intermediate,Business,Single,4,Rural,15,264396,676,2623667,84,Yes,34677,1731611,0.131,1
APP-03082,37,Master,Self-employed,Single,1,Urban,14,131625,749,409705,24,Yes,18828,179827,0.143,1
APP-03083,48,Master,Business,Single,3,Urban,23,347861,776,537974,60,No,10896,690153,0.031,1
APP-03084,44,Bachelor,Business,Married,1,Semiurban,22,293611,613,903351,60,Yes,16697,1172865,0.057,1
APP-03085,26,Matric,Salaried,Married,4,Semiurban,3,163693,596,1146974,36,No,38737,652524,0.237,1
APP-03086,33,Matric,Self-employed,Single,3,Semiurban,6,124803,588,2692485,72,No,45713,549034,0.366,0
APP-03087,61,Intermediate,Self-employed,Married,3,Semiurban,37,211158,778,588247,72,Yes,10255,466854,0.049,1
APP-03088,27,PhD,Salaried,Single,2,Semiurban,1,167485,563,395238,84,No,6029,1338775,0.036,1
APP-03089,54,Master,Salaried,Married,2,Semiurban,26,195513,815,2691496,24,No,140960,1395601,0.721,1
APP-03090,37,Bachelor,Business,Married,3,Urban,15,111906,743,2571797,36,No,92740,128429,0.829,1
APP-03091,31,Bachelor,Unemployed,Single,3,Semiurban,5,60068,609,454816,48,Yes,11179,198698,0.186,0
APP-03092,52,Matric,Self-employed,Married,3,Semiurban,25,252155,637,1473314,72,No,22298,2023702,0.088,0
APP-03093,59,PhD,Salaried,Married,3,Urban,33,244200,700,2922383,12,Yes,274571,749585,1.124,1
APP-03094,60,Bachelor,Salaried,Single,1,Urban,36,221513,827,1594436,72,No,24882,1951251,0.112,1
APP-03095,30,Master,Salaried,Married,4,Rural,2,96556,729,870447,60,No,18550,356001,0.192,1
APP-03096,63,Intermediate,Salaried,Single,2,Semiurban,36,131521,695,2310442,12,Yes,241293,328184,1.835,0
APP-03097,54,Bachelor,Unemployed,Single,1,Semiurban,29,97182,556,2261292,24,Yes,111991,39171,1.152,0
APP-03098,45,Intermediate,Self-employed,Married,2,Rural,20,217504,673,2907733,24,No,137890,1541246,0.634,0
APP-03099,28,Matric,Salaried,Single,0,Rural,4,142093,704,1455961,84,Yes,21031,911829,0.148,1
APP-03100,60,Matric,Salaried,Single,0,Urban,32,174716,731,436626,24,Yes,22887,456829,0.131,1
APP-03101,58,PhD,Salaried,Married,4,Semiurban,30,230767,617,317238,84,No,4253,175902,0.018,1
APP-03102,32,Bachelor,Salaried,Married,2,Semiurban,7,100218,624,2410571,24,Yes,124918,849460,1.246,0
APP-03103,25,Matric,Salaried,Single,1,Semiurban,2,108715,743,1270819,48,No,28633,456222,0.263,1
APP-03104,40,Master,Unemployed,Single,0,Urban,18,73124,446,318435,84,No,4601,594495,0.063,1
APP-03105,29,Master,Salaried,Married,0,Semiurban,6,103488,630,1736143,12,No,161504,21290,1.561,0
APP-03106,21,Matric,Salaried,Married,1,Semiurban,0,90138,811,519481,36,Yes,16051,356550,0.178,1
APP-03107,32,Bachelor,Salaried,Married,1,Rural,8,138679,631,2453315,24,No,117942,1240549,0.85,1
APP-03108,41,Bachelor,Salaried,Single,3,Urban,14,92646,641,652137,36,No,20916,165362,0.226,1
APP-03109,32,Bachelor,Unemployed,Married,3,Rural,10,61344,578,714120,12,No,67659,355237,1.103,0
APP-03110,54,Master,Unemployed,Single,3,Semiurban,25,91946,528,698281,48,No,16476,646310,0.179,0
APP-03111,59,Matric,Self-employed,Married,1,Semiurban,33,96478,588,2342137,36,No,77664,567212,0.805,0
APP-03112,26,Bachelor,Salaried,Married,3,Semiurban,0,109389,814,1589904,60,No,29258,152513,0.267,1
APP-03113,55,Master,Self-employed,Single,2,Urban,33,234441,723,1708583,60,No,31710,928814,0.135,1
APP-03114,52,Bachelor,Salaried,Single,0,Urban,29,147256,850,1853579,84,Yes,26337,647030,0.179,1
APP-03115,34,Intermediate,Salaried,Single,0,Urban,5,159750,804,1160036,24,No,58710,120621,0.368,1
APP-03116,30,Master,Unemployed,Married,0,Urban,3,59162,593,124836,72,Yes,2034,282612,0.034,0
APP-03117,23,Bachelor,Business,Married,3,Rural,0,292124,619,2873818,60,No,53860,1651982,0.184,1
APP-03118,23,Master,Self-employed,Married,4,Urban,0,216965,823,2357170,60,No,43456,1219847,0.2,1
APP-03119,36,Intermediate,Salaried,Single,4,Rural,12,167534,603,2510646,12,No,255034,1393631,1.522,0
APP-03120,26,Bachelor,Salaried,Single,4,Semiurban,3,113893,602,1131913,84,Yes,16974,493507,0.149,0
APP-03121,26,Intermediate,Unemployed,Married,0,Rural,0,36780,444,1028051,24,No,49404,234300,1.343,0
APP-03122,48,Bachelor,Salaried,Single,3,Urban,25,143788,677,2015229,24,No,103065,1085314,0.717,1
APP-03123,38,Matric,Self-employed,Single,1,Semiurban,16,218619,720,171337,36,No,5798,982274,0.027,1
APP-03124,44,Bachelor,Salaried,Single,0,Semiurban,17,83227,567,1947308,36,No,62385,734390,0.75,1
APP-03125,28,Master,Salaried,Married,4,Semiurban,3,213134,765,2971642,48,Yes,78646,1343790,0.369,1
APP-03126,36,Bachelor,Self-employed,Married,2,Semiurban,8,239929,771,2744639,36,No,89243,1333171,0.372,1
APP-03127,26,Master,Business,Single,3,Urban,0,310525,613,1474876,24,No,76928,1293419,0.248,1
APP-03128,52,Bachelor,Unemployed,Single,2,Urban,23,86353,542,1459713,72,No,25281,250713,0.293,0
APP-03129,26,Bachelor,Unemployed,Single,0,Urban,4,59610,590,2487708,36,Yes,89580,408225,1.503,0
APP-03130,22,Intermediate,Salaried,Single,1,Semiurban,0,170439,513,1299508,12,No,121622,1249846,0.714,1
APP-03131,39,Master,Unemployed,Married,2,Urban,14,90891,599,175720,12,No,17074,185410,0.188,1
APP-03132,29,Intermediate,Salaried,Single,2,Semiurban,1,70670,639,2652761,36,No,85692,487767,1.213,0
APP-03133,23,Bachelor,Business,Single,3,Rural,0,226862,657,2234578,24,Yes,114310,984117,0.504,0
APP-03134,23,Master,Salaried,Single,2,Semiurban,0,173166,724,1725300,60,No,31536,1383829,0.182,1
APP-03135,50,Intermediate,Salaried,Married,3,Urban,23,208040,578,567707,72,No,9939,1806726,0.048,1
APP-03136,26,Bachelor,Self-employed,Single,3,Rural,3,158433,566,2363121,48,No,55748,535653,0.352,0
APP-03137,43,Intermediate,Salaried,Single,2,Semiurban,17,130428,508,2797563,12,No,258727,229546,1.984,0
APP-03138,22,Bachelor,Self-employed,Married,2,Urban,0,94974,796,1122531,72,No,20234,12213,0.213,1
APP-03139,64,Matric,Self-employed,Married,2,Semiurban,35,97127,671,717357,60,No,13425,179819,0.138,1
APP-03140,56,Master,Salaried,Single,3,Urban,29,157134,689,808117,60,No,15887,986576,0.101,1
APP-03141,53,Master,Self-employed,Single,2,Urban,27,223572,679,2211293,84,No,30658,1256710,0.137,1
APP-03142,38,Intermediate,Business,Married,4,Rural,10,214848,642,753952,84,No,10609,120665,0.049,0
APP-03143,44,Intermediate,Self-employed,Married,1,Semiurban,20,196889,601,2964296,12,No,281753,1224022,1.431,0
APP-03144,35,Bachelor,Salaried,Married,1,Rural,6,139631,690,2790287,12,No,274054,585314,1.963,1
APP-03145,26,Bachelor,Salaried,Married,4,Urban,0,198989,691,1026210,48,No,25685,1451133,0.129,1
APP-03146,31,Intermediate,Salaried,Married,2,Urban,8,180854,721,1202368,24,No,59807,1544574,0.331,1
APP-03147,34,Matric,Business,Married,2,Urban,11,253477,850,2027342,84,No,27299,1440103,0.108,1
APP-03148,57,Bachelor,Salaried,Married,1,Semiurban,33,126697,489,1196936,12,No,110900,296235,0.875,1
APP-03149,52,Bachelor,Self-employed,Married,1,Urban,24,140270,628,769207,12,No,71454,179072,0.509,0
APP-03150,42,Bachelor,Self-employed,Married,4,Urban,19,135264,689,1007184,24,Yes,51194,711588,0.378,0
APP-03151,54,Bachelor,Unemployed,Single,1,Urban,29,77313,558,1247124,36,Yes,39524,215979,0.511,0
APP-03152,59,Bachelor,Business,Married,0,Urban,30,226780,678,1141122,48,No,28925,87899,0.128,1
APP-03153,38,Bachelor,Salaried,Married,0,Rural,12,81902,646,836594,24,Yes,44905,287415,0.548,0
APP-03154,21,Bachelor,Salaried,Married,1,Semiurban,0,186276,575,2963784,48,Yes,73599,1635433,0.395,0
APP-03155,45,Master,Self-employed,Single,1,Semiurban,21,140180,850,2012835,84,No,30904,633425,0.22,1
APP-03156,55,Intermediate,Salaried,Single,3,Semiurban,28,117179,661,2640425,84,No,37180,469935,0.317,1
APP-03157,21,Bachelor,Salaried,Single,1,Urban,0,152014,756,400149,72,No,6373,1000688,0.042,1
APP-03158,41,Master,Salaried,Married,3,Rural,13,128731,727,1143132,60,No,21764,897069,0.169,1
APP-03159,37,Matric,Salaried,Married,0,Semiurban,9,167117,607,1806145,84,No,26005,676808,0.156,1
APP-03160,60,Master,Salaried,Single,1,Urban,35,138934,675,2771079,60,No,56055,328000,0.403,1
APP-03161,50,Matric,Salaried,Married,0,Semiurban,24,124320,732,721761,48,Yes,17745,1021747,0.143,1
APP-03162,29,Intermediate,Self-employed,Married,1,Urban,2,45527,752,1333801,60,No,24139,68141,0.53,0
APP-03163,31,Master,Salaried,Single,4,Urban,7,116586,826,196794,12,Yes,18386,279449,0.158,1
APP-03164,47,Matric,Self-employed,Married,2,Rural,19,179896,679,2615483,24,No,134698,544423,0.749,0
APP-03165,64,Bachelor,Self-employed,Married,0,Semiurban,37,278695,651,2538302,84,No,36163,1277502,0.13,1
APP-03166,28,Master,Self-employed,Married,4,Semiurban,3,238177,691,585909,60,No,10613,932483,0.045,1
APP-03167,35,Master,Salaried,Single,0,Semiurban,9,94300,739,2517879,24,Yes,135003,623006,1.432,1
APP-03168,30,PhD,Unemployed,Married,4,Rural,8,96417,639,169600,24,No,7844,282862,0.081,0
APP-03169,58,Master,Self-employed,Married,3,Semiurban,32,198223,654,743032,36,Yes,23498,300091,0.119,1
APP-03170,56,Intermediate,Self-employed,Married,2,Semiurban,34,257672,659,2540428,24,No,123256,1404307,0.478,1
APP-03171,34,Bachelor,Self-employed,Married,0,Urban,12,91994,626,2494576,36,No,80131,495571,0.871,0
APP-03172,38,Bachelor,Business,Married,4,Rural,15,344597,571,875951,24,No,47028,495237,0.136,1
APP-03173,34,Matric,Salaried,Married,1,Semiurban,6,122507,756,622099,72,No,10987,338537,0.09,1
APP-03174,45,Master,Salaried,Married,2,Semiurban,19,88874,600,1213946,36,No,40507,520036,0.456,1
APP-03175,63,Master,Salaried,Married,4,Urban,38,193698,576,231335,72,Yes,3987,1065222,0.021,1
APP-03176,42,Master,Unemployed,Married,1,Semiurban,19,72851,526,2243214,36,Yes,74252,129529,1.019,0
APP-03177,37,Master,Salaried,Married,2,Urban,15,232641,725,2293289,72,Yes,34848,1783146,0.15,1
APP-03178,23,Master,Self-employed,Single,2,Rural,0,77034,531,2454775,48,No,64128,584650,0.832,0
APP-03179,61,Bachelor,Salaried,Single,1,Semiurban,38,198440,648,2880251,36,Yes,89190,572592,0.449,0
APP-03180,46,Bachelor,Business,Married,1,Semiurban,18,283984,735,1872851,36,Yes,65139,187208,0.229,1
APP-03181,29,PhD,Salaried,Single,2,Semiurban,3,176030,678,2334758,72,Yes,37003,904603,0.21,1
APP-03182,42,Bachelor,Salaried,Married,4,Urban,19,155228,670,1400716,72,No,24374,721724,0.157,1
APP-03183,25,PhD,Self-employed,Married,2,Semiurban,0,258734,481,2185454,84,Yes,29108,1312210,0.113,0
APP-03184,45,Bachelor,Salaried,Single,4,Urban,16,98327,437,2869226,48,No,65881,285286,0.67,0
APP-03185,46,Bachelor,Salaried,Married,4,Semiurban,21,225162,690,2449201,24,No,122245,1647420,0.543,1
APP-03186,26,Matric,Salaried,Married,2,Semiurban,2,54759,761,559217,84,No,7219,429024,0.132,1
APP-03187,37,Master,Self-employed,Married,3,Semiurban,12,145450,680,752305,48,No,18997,1222277,0.131,1
APP-03188,59,Bachelor,Self-employed,Single,1,Urban,30,183573,672,1809293,48,No,45682,465952,0.249,1
APP-03189,42,Intermediate,Business,Married,2,Urban,18,281117,850,708700,48,No,18100,2296299,0.064,1
APP-03190,56,Bachelor,Salaried,Married,4,Semiurban,34,130551,446,761353,60,No,14158,273248,0.108,1
APP-03191,32,Bachelor,Self-employed,Single,4,Rural,6,140209,542,2725580,24,No,135932,621784,0.969,0
APP-03192,22,Bachelor,Business,Married,2,Urban,0,126048,586,692599,12,No,65994,191662,0.524,1
APP-03193,39,Bachelor,Salaried,Single,1,Urban,10,187815,593,2575241,60,No,50139,1219886,0.267,1
APP-03194,44,Master,Self-employed,Single,3,Urban,18,185724,657,187272,12,Yes,18633,877902,0.1,1
APP-03195,32,Bachelor,Salaried,Single,2,Urban,5,154334,650,482142,84,No,6754,1146134,0.044,1
APP-03196,51,PhD,Self-employed,Married,2,Rural,23,249561,557,699586,48,Yes,18696,280184,0.075,0
APP-03197,55,Matric,Salaried,Married,3,Semiurban,29,92300,638,2221259,36,Yes,70006,264527,0.758,0
APP-03198,52,Bachelor,Salaried,Married,1,Semiurban,26,205729,697,358466,60,No,7596,366960,0.037,1
APP-03199,29,Intermediate,Unemployed,Married,2,Urban,0,30524,528,2205730,36,No,73832,10013,2.419,0
APP-03200,40,PhD,Salaried,Single,0,Urban,18,211891,644,1883517,24,No,88495,246916,0.418,1
APP-03201,26,Bachelor,Salaried,Single,3,Semiurban,0,151430,699,2740783,36,No,84351,1186181,0.557,1
APP-03202,25,Bachelor,Unemployed,Married,1,Urban,2,46397,579,2670604,72,No,45016,138078,0.97,0
APP-03203,31,Bachelor,Self-employed,Married,2,Urban,2,131927,614,2223000,12,No,205832,1107124,1.56,1
APP-03204,44,Bachelor,Self-employed,Single,3,Urban,18,166855,785,1102198,24,No,58310,282195,0.349,1
APP-03205,36,Bachelor,Self-employed,Married,3,Urban,8,153111,523,806752,12,No,81003,1137597,0.529,0
APP-03206,43,Bachelor,Business,Married,3,Semiurban,21,188335,746,142822,60,No,2592,64400,0.014,1
APP-03207,54,Bachelor,Salaried,Single,3,Semiurban,26,153657,602,1149346,24,Yes,55832,432216,0.363,0
APP-03208,22,Bachelor,Salaried,Married,4,Rural,0,148659,568,1233985,72,Yes,21268,777292,0.143,0
APP-03209,47,Master,Business,Married,0,Urban,20,223726,754,1950335,12,No,196244,898440,0.877,1
APP-03210,55,Master,Self-employed,Married,0,Urban,32,121577,570,1949796,72,No,31725,797478,0.261,1
APP-03211,55,Intermediate,Self-employed,Single,1,Semiurban,28,222545,603,1670799,36,No,50854,1552368,0.229,1
APP-03212,30,Intermediate,Self-employed,Married,0,Semiurban,7,54138,478,2241063,60,Yes,43936,135527,0.812,0
APP-03213,45,Intermediate,Self-employed,Married,3,Urban,23,118374,634,1221815,72,No,18353,765115,0.155,0
APP-03214,52,Master,Unemployed,Married,3,Semiurban,24,103541,508,2173065,84,No,28162,86656,0.272,0
APP-03215,29,Bachelor,Unemployed,Single,2,Urban,1,55797,461,1256472,12,No,125803,211602,2.255,0
APP-03216,54,Master,Salaried,Single,1,Urban,31,167710,748,2152048,84,No,31570,31008,0.188,1
APP-03217,22,Matric,Salaried,Married,0,Semiurban,0,153239,727,1932162,24,Yes,101930,303770,0.665,1
APP-03218,26,Master,Salaried,Single,0,Rural,3,207777,742,2741817,24,No,127867,1125728,0.615,1
APP-03219,43,Intermediate,Salaried,Single,4,Urban,18,119747,570,1040923,48,No,27712,266574,0.231,1
APP-03220,31,Bachelor,Salaried,Married,0,Urban,9,93943,841,695135,12,No,68568,833644,0.73,1
APP-03221,26,Intermediate,Business,Single,3,Urban,4,165947,591,2577082,12,Yes,268853,671236,1.62,0
APP-03222,41,Master,Salaried,Married,4,Urban,15,144622,478,1625335,72,No,25497,938399,0.176,1
APP-03223,35,Intermediate,Self-employed,Married,1,Rural,11,154936,757,2344426,12,No,244078,1101898,1.575,1
APP-03224,50,Bachelor,Business,Married,2,Semiurban,23,348419,572,1736761,12,Yes,168820,1205689,0.485,0
APP-03225,31,Bachelor,Salaried,Single,0,Urban,4,152101,700,1501817,48,Yes,36308,994196,0.239,1
APP-03226,42,Matric,Unemployed,Married,1,Urban,18,40720,718,1890770,24,Yes,97730,261882,2.4,0
APP-03227,34,Intermediate,Business,Single,3,Semiurban,9,128374,655,2021385,24,Yes,106033,28350,0.826,0
APP-03228,33,Intermediate,Salaried,Single,2,Urban,5,47472,733,1763400,24,No,84702,246014,1.784,0
APP-03229,46,Matric,Salaried,Married,4,Semiurban,21,144540,617,1461896,60,No,27447,862778,0.19,0
APP-03230,38,Bachelor,Self-employed,Married,2,Semiurban,11,235642,676,1794684,12,Yes,168611,181610,0.716,0
APP-03231,49,Master,Unemployed,Married,4,Semiurban,22,90952,534,2587309,24,No,132790,652458,1.46,0
APP-03232,35,Intermediate,Business,Married,4,Urban,8,88596,850,1672230,84,No,23032,228205,0.26,1
APP-03233,39,Bachelor,Unemployed,Married,3,Urban,13,74548,591,2313743,48,Yes,52890,382346,0.709,0
APP-03234,60,PhD,Salaried,Married,1,Urban,31,195252,599,2573660,24,No,127952,410527,0.655,0
APP-03235,49,Master,Salaried,Single,1,Urban,23,239095,607,1239750,60,No,24663,1462393,0.103,1
APP-03236,39,Intermediate,Salaried,Single,0,Semiurban,12,204461,763,645423,72,No,11301,706937,0.055,1
APP-03237,27,Master,Salaried,Single,2,Semiurban,5,196209,735,947269,24,No,47931,742698,0.244,1
APP-03238,47,Intermediate,Salaried,Single,0,Urban,23,110247,695,1710676,12,Yes,180933,449193,1.641,1
APP-03239,48,Master,Salaried,Single,3,Urban,26,154431,738,1928820,48,No,46872,591011,0.304,1
APP-03240,46,Master,Salaried,Married,3,Semiurban,18,224745,665,2324576,36,No,71703,612389,0.319,1
APP-03241,34,Matric,Business,Single,4,Semiurban,7,264697,660,1013173,60,Yes,21279,648380,0.08,1
APP-03242,43,Master,Salaried,Married,4,Urban,18,194679,600,168721,72,No,2813,438908,0.014,1
APP-03243,59,Matric,Unemployed,Single,2,Urban,31,75746,497,540265,60,No,11251,528840,0.149,0
APP-03244,49,Intermediate,Salaried,Single,0,Urban,22,216745,715,1605564,72,No,28432,1935464,0.131,1
APP-03245,51,Master,Salaried,Married,4,Semiurban,28,264312,693,1223249,84,No,17264,216323,0.065,1
APP-03246,62,Master,Unemployed,Married,0,Urban,39,90911,526,1823926,72,Yes,28256,812080,0.311,0
APP-03247,32,Intermediate,Business,Single,3,Rural,9,281376,613,2241780,12,No,213929,697146,0.76,0
APP-03248,55,Master,Salaried,Married,3,Semiurban,28,236026,785,882032,60,No,16360,525504,0.069,1
APP-03249,50,Master,Salaried,Married,4,Semiurban,25,134708,715,1353229,72,No,22984,1082732,0.171,1
APP-03250,46,Master,Salaried,Married,3,Rural,22,141782,764,2103584,84,Yes,29727,82056,0.21,1
APP-03251,35,Intermediate,Salaried,Married,0,Urban,10,61316,608,1016395,84,No,14355,69418,0.234,1
APP-03252,42,Intermediate,Self-employed,Married,3,Urban,14,90569,655,978997,84,No,14214,56369,0.157,1
APP-03253,51,Intermediate,Salaried,Single,2,Rural,27,101996,651,2558450,84,No,37850,292083,0.371,0
APP-03254,59,Bachelor,Business,Single,4,Urban,34,278369,734,261156,60,No,4950,1975035,0.018,1
APP-03255,37,Intermediate,Salaried,Single,3,Urban,8,107978,643,2843438,60,No,53028,827036,0.491,0
APP-03256,63,Matric,Salaried,Single,4,Urban,35,187623,661,1487514,12,Yes,144262,590006,0.769,0
APP-03257,64,Bachelor,Self-employed,Single,3,Urban,41,312448,825,1628431,72,No,25614,1545982,0.082,1
APP-03258,54,Master,Business,Single,3,Rural,27,175548,674,2866240,12,No,278680,712009,1.587,1
APP-03259,25,Matric,Business,Single,0,Urban,2,121779,628,2593033,72,No,39940,973446,0.328,0
APP-03260,48,Bachelor,Salaried,Married,2,Semiurban,26,94778,713,2528763,36,No,86076,706944,0.908,1
APP-03261,21,Intermediate,Salaried,Married,0,Semiurban,0,87827,632,1599830,48,Yes,42270,171235,0.481,0
APP-03262,50,Intermediate,Business,Married,1,Semiurban,21,181502,677,2041372,24,Yes,101481,1141617,0.559,1
APP-03263,38,Bachelor,Salaried,Single,2,Urban,10,199175,630,1163115,24,Yes,60181,894878,0.302,0
APP-03264,60,Intermediate,Self-employed,Married,3,Urban,37,282591,631,2017841,72,No,31750,1469923,0.112,1
APP-03265,40,PhD,Business,Married,1,Urban,16,323668,661,2953515,60,No,60884,2092810,0.188,1
APP-03266,42,Intermediate,Salaried,Single,3,Rural,16,95920,678,123473,84,Yes,1746,770123,0.018,0
APP-03267,55,Bachelor,Self-employed,Married,3,Semiurban,31,191252,646,1775764,36,Yes,55833,38820,0.292,0
APP-03268,37,Bachelor,Business,Single,3,Urban,9,158014,664,1405851,72,No,22668,66917,0.143,1
APP-03269,28,Bachelor,Salaried,Married,4,Rural,0,153533,692,1332158,24,No,60315,334029,0.393,1
APP-03270,59,Bachelor,Salaried,Married,2,Urban,37,252643,759,939678,48,No,24404,188724,0.097,1
APP-03271,33,Intermediate,Unemployed,Married,2,Urban,10,39233,459,2976085,24,Yes,159210,131204,4.058,0
APP-03272,54,Bachelor,Salaried,Single,4,Urban,27,212626,564,772499,36,No,25076,609735,0.118,1
APP-03273,43,Matric,Salaried,Married,1,Semiurban,17,146347,558,834552,24,No,41352,301050,0.283,1
APP-03274,32,Intermediate,Self-employed,Married,0,Rural,6,177657,749,2698963,24,No,124853,734719,0.703,1
APP-03275,56,Matric,Salaried,Married,2,Rural,31,92685,710,1348328,48,Yes,32988,714667,0.356,1
APP-03276,58,Intermediate,Salaried,Married,2,Semiurban,29,181955,681,2992869,48,Yes,70929,823509,0.39,0
APP-03277,47,Intermediate,Self-employed,Married,3,Semiurban,20,208094,723,2603178,24,No,124217,257359,0.597,0
APP-03278,26,Master,Self-employed,Married,4,Urban,0,80077,743,2005588,48,Yes,52628,230890,0.657,0
APP-03279,37,Bachelor,Self-employed,Single,3,Semiurban,11,239839,684,1854889,36,Yes,61003,1742628,0.254,1
APP-03280,36,Intermediate,Salaried,Married,2,Semiurban,14,169671,645,328999,12,Yes,30922,795699,0.182,0
APP-03281,56,Bachelor,Business,Single,0,Rural,29,187053,850,2140271,12,No,227070,1599383,1.214,1
APP-03282,52,Matric,Business,Single,4,Rural,30,112514,809,1367588,84,Yes,18525,191919,0.165,0
APP-03283,47,Master,Self-employed,Married,0,Urban,21,255247,631,2681428,36,No,92648,77933,0.363,0
APP-03284,39,Master,Self-employed,Married,1,Rural,14,229055,608,1860992,36,No,56654,1956855,0.247,1
APP-03285,50,Matric,Self-employed,Married,1,Urban,28,236364,755,1371991,60,Yes,25292,1806076,0.107,1
APP-03286,43,Intermediate,Salaried,Single,4,Rural,14,164875,788,2133443,12,Yes,224938,1314656,1.364,0
APP-03287,37,Bachelor,Self-employed,Married,1,Rural,15,82492,543,971552,48,No,24055,586973,0.292,1
APP-03288,32,Bachelor,Business,Married,3,Semiurban,10,215950,748,2234162,48,No,53486,1080919,0.248,1
APP-03289,49,Intermediate,Business,Married,1,Semiurban,27,211792,767,2226375,12,No,206203,54487,0.974,1
APP-03290,38,Master,Salaried,Married,3,Urban,12,136293,629,2189573,24,No,100244,426007,0.736,0
APP-03291,55,Bachelor,Salaried,Single,3,Urban,32,124622,733,2198780,36,No,70562,1057491,0.566,1
APP-03292,25,Matric,Salaried,Single,3,Urban,1,178491,638,2206741,12,Yes,220126,641944,1.233,0
APP-03293,55,Bachelor,Self-employed,Married,2,Semiurban,26,82147,707,2502997,72,No,37799,134390,0.46,0
APP-03294,34,Matric,Business,Married,2,Rural,5,249739,741,1552816,48,No,40398,1820731,0.162,1
APP-03295,62,Bachelor,Self-employed,Married,2,Semiurban,34,213011,551,2012943,72,Yes,31732,1138771,0.149,0
APP-03296,47,Bachelor,Salaried,Married,2,Urban,23,204941,593,1705860,48,No,39656,299141,0.193,1
APP-03297,57,Matric,Self-employed,Single,3,Urban,29,182221,617,159760,12,Yes,14954,376563,0.082,0
APP-03298,41,Intermediate,Salaried,Single,0,Semiurban,12,147649,527,1348294,24,No,65630,465433,0.445,1
APP-03299,52,Matric,Self-employed,Single,0,Urban,26,60803,580,2532815,24,No,134472,451627,2.212,0
APP-03300,43,Master,Self-employed,Single,3,Urban,19,149372,834,168105,72,Yes,2808,450836,0.019,1
APP-03301,29,Bachelor,Business,Single,1,Semiurban,1,95543,779,1594648,84,No,24227,124831,0.254,1
APP-03302,22,Matric,Salaried,Married,0,Urban,0,99660,651,2275907,48,No,57918,621905,0.581,1
APP-03303,43,Master,Business,Single,1,Semiurban,15,141400,492,169936,24,No,8639,297488,0.061,1
APP-03304,33,Bachelor,Business,Married,0,Rural,9,296875,746,1003385,24,Yes,47657,761885,0.161,1
APP-03305,56,Bachelor,Business,Single,4,Urban,31,299744,519,131649,12,No,13435,1419674,0.045,1
APP-03306,48,PhD,Business,Married,0,Semiurban,23,310066,610,2858030,24,No,147178,278421,0.475,0
APP-03307,27,Matric,Salaried,Single,4,Semiurban,0,87100,582,2828380,12,No,283028,222904,3.249,0
APP-03308,52,Intermediate,Self-employed,Married,4,Urban,27,186722,701,2290218,24,No,108378,1042455,0.58,0
APP-03309,28,Intermediate,Self-employed,Married,2,Semiurban,5,229177,703,975229,24,Yes,47040,1187424,0.205,1
APP-03310,44,Intermediate,Business,Married,1,Urban,19,321067,682,2008666,48,Yes,48842,2243170,0.152,1
APP-03311,28,Master,Business,Married,1,Urban,3,235437,703,1212983,48,No,30385,161032,0.129,1
APP-03312,47,Matric,Salaried,Married,0,Semiurban,25,64087,608,1406383,84,No,18866,258637,0.294,1
APP-03313,27,Matric,Business,Married,1,Urban,4,121691,754,661783,72,No,10059,212089,0.083,1
APP-03314,48,Intermediate,Salaried,Single,1,Semiurban,24,70115,705,2520434,48,Yes,63688,467537,0.908,0
APP-03315,31,Master,Self-employed,Single,4,Semiurban,3,80624,750,1438428,60,No,29457,209923,0.365,1
APP-03316,25,Bachelor,Self-employed,Single,1,Semiurban,2,57652,678,2921928,24,No,140037,162320,2.429,0
APP-03317,54,Matric,Self-employed,Married,4,Semiurban,31,148294,667,773883,48,No,20271,1259685,0.137,1
APP-03318,44,PhD,Salaried,Married,2,Urban,20,202332,611,2575077,84,No,35676,557807,0.176,1
APP-03319,58,Master,Salaried,Married,4,Urban,30,220467,850,642139,60,No,13386,1358745,0.061,1
APP-03320,57,Master,Salaried,Single,3,Semiurban,31,221089,622,2946031,72,No,44601,544378,0.202,1
APP-03321,41,Bachelor,Business,Married,1,Rural,12,226391,627,343554,60,No,6425,1408868,0.028,1
APP-03322,40,Matric,Salaried,Married,0,Semiurban,13,118571,601,2331958,48,No,58494,94027,0.493,0
APP-03323,49,PhD,Salaried,Married,2,Semiurban,25,249813,664,2678546,48,No,68992,1639537,0.276,1
APP-03324,44,Bachelor,Self-employed,Married,4,Urban,15,97326,691,822716,72,No,13798,39884,0.142,1
APP-03325,60,Bachelor,Self-employed,Married,4,Urban,38,160219,850,1014489,36,Yes,35115,1020260,0.219,1
APP-03326,57,Bachelor,Business,Married,2,Rural,32,218534,771,1297922,12,No,124001,84007,0.567,1
APP-03327,56,Intermediate,Business,Married,1,Semiurban,30,96723,615,2813217,24,No,135648,627641,1.402,0
APP-03328,63,Bachelor,Business,Single,1,Urban,40,331861,777,988661,84,No,13256,208727,0.04,1
APP-03329,26,Matric,Salaried,Single,3,Semiurban,0,136439,586,617602,72,No,9599,811880,0.07,1
APP-03330,41,Master,Business,Single,2,Urban,15,233970,850,1053449,84,No,15972,1375401,0.068,1
APP-03331,31,Matric,Salaried,Married,3,Urban,9,98622,634,1316575,48,Yes,33608,693673,0.341,0
APP-03332,40,Bachelor,Salaried,Married,0,Urban,11,193066,663,621635,60,No,12641,880627,0.065,1
APP-03333,44,Bachelor,Salaried,Single,3,Semiurban,17,198089,521,599967,60,No,12938,64868,0.065,1
APP-03334,47,Intermediate,Self-employed,Single,2,Semiurban,20,200003,554,1422283,72,No,25327,567721,0.127,1
APP-03335,63,Bachelor,Self-employed,Married,3,Urban,40,190472,709,2759260,84,No,38359,199240,0.201,1
APP-03336,49,Matric,Salaried,Married,1,Urban,23,106503,625,2951156,24,No,156157,866841,1.466,0
APP-03337,29,Bachelor,Salaried,Single,3,Urban,0,126637,577,1818150,12,No,192475,627612,1.52,0
APP-03338,26,Master,Business,Married,4,Semiurban,3,222758,709,424707,84,No,6351,829958,0.029,1
APP-03339,48,Bachelor,Salaried,Married,3,Rural,26,81317,552,1461691,48,Yes,36495,166914,0.449,0
APP-03340,40,Bachelor,Business,Single,1,Urban,13,195104,575,1899398,60,No,36664,1278267,0.188,1
APP-03341,60,Master,Salaried,Married,0,Urban,37,192446,740,831003,84,No,10922,110165,0.057,1
APP-03342,36,Master,Salaried,Single,1,Semiurban,8,160669,723,969685,48,No,25191,60950,0.157,1
APP-03343,58,Master,Salaried,Married,4,Urban,29,244448,723,1951871,36,No,62691,1093991,0.256,1
APP-03344,44,Intermediate,Salaried,Married,0,Urban,17,170576,657,688245,36,Yes,20845,1160867,0.122,1
APP-03345,37,Bachelor,Salaried,Married,0,Semiurban,15,180918,850,2569633,48,No,61267,605676,0.339,1
APP-03346,28,Master,Business,Single,3,Urban,5,293992,761,1324861,12,No,123009,2269139,0.418,1
APP-03347,61,Master,Salaried,Single,2,Urban,33,255702,651,704500,60,No,15152,758154,0.059,1
APP-03348,21,Bachelor,Salaried,Married,2,Urban,0,129343,648,1588136,84,Yes,21384,136356,0.165,0
APP-03349,44,Bachelor,Salaried,Single,1,Semiurban,15,118737,692,2730691,72,Yes,44372,351165,0.374,1
APP-03350,32,Master,Salaried,Single,0,Rural,4,198735,850,190630,36,No,6252,1275559,0.031,1
APP-03351,64,Bachelor,Salaried,Married,4,Semiurban,39,143522,674,819965,36,Yes,24846,800136,0.173,1
APP-03352,57,Master,Business,Married,2,Urban,31,129402,669,1026719,48,No,26847,359350,0.207,1
APP-03353,33,PhD,Salaried,Married,3,Urban,5,102097,732,148723,24,No,6901,389556,0.068,1
APP-03354,49,Master,Self-employed,Single,0,Urban,21,127227,651,1084907,24,No,50557,78867,0.397,1
APP-03355,38,Master,Unemployed,Single,3,Semiurban,15,83520,710,393712,48,Yes,9102,193985,0.109,1
APP-03356,26,Master,Salaried,Married,0,Semiurban,2,194535,712,1978339,48,No,47026,1456976,0.242,1
APP-03357,27,Bachelor,Self-employed,Single,4,Urban,3,187423,619,1574141,36,No,50519,568961,0.27,1
APP-03358,42,Bachelor,Salaried,Single,0,Semiurban,18,182485,649,1057798,24,No,48857,1062392,0.268,1
APP-03359,37,Bachelor,Self-employed,Single,2,Urban,14,117195,728,1523237,60,Yes,31421,1012398,0.268,1
APP-03360,39,Bachelor,Salaried,Single,0,Urban,12,105468,637,2224783,12,No,228269,636537,2.164,1
APP-03361,25,Bachelor,Salaried,Married,3,Urban,1,96143,687,210942,48,Yes,5450,408604,0.057,1
APP-03362,57,Bachelor,Business,Married,2,Urban,30,233808,697,2242971,24,Yes,111658,799334,0.478,1
APP-03363,28,Master,Business,Married,3,Urban,3,270655,672,1200409,84,No,18074,1137990,0.067,1
APP-03364,42,Bachelor,Salaried,Single,1,Rural,17,186511,661,284939,60,No,5846,772275,0.031,1
APP-03365,61,Intermediate,Business,Married,0,Urban,32,245570,792,2514756,24,No,115281,1291441,0.469,1
APP-03366,49,Bachelor,Salaried,Single,1,Urban,24,119697,601,100073,12,No,9599,522672,0.08,1
APP-03367,62,Matric,Salaried,Married,2,Semiurban,37,154123,757,1057733,60,No,22331,140351,0.145,1
APP-03368,64,Bachelor,Salaried,Married,3,Semiurban,42,284235,779,2648359,24,No,130093,1422716,0.458,1
APP-03369,33,Bachelor,Salaried,Single,0,Semiurban,5,92435,697,2339241,24,Yes,123898,817164,1.34,1
APP-03370,54,Master,Salaried,Single,2,Urban,32,241642,776,1567202,24,Yes,74252,1948303,0.307,1
APP-03371,34,Bachelor,Salaried,Married,2,Urban,12,134294,630,1547589,36,No,49415,1162960,0.368,1
APP-03372,59,Bachelor,Business,Married,4,Urban,32,303178,701,1873851,60,No,34760,1484513,0.115,1
APP-03373,36,Bachelor,Self-employed,Single,2,Urban,13,251326,833,2807094,48,No,75116,1877287,0.299,1
APP-03374,43,Master,Salaried,Single,1,Urban,14,193750,661,152385,84,No,2081,552904,0.011,1
APP-03375,52,Master,Unemployed,Single,3,Rural,28,116684,569,372327,24,No,19396,675291,0.166,1
APP-03376,60,Bachelor,Business,Married,4,Urban,37,293803,793,2726744,36,Yes,90520,2024624,0.308,1
APP-03377,64,Bachelor,Self-employed,Single,4,Urban,38,275862,533,649497,12,No,69733,2229993,0.253,0
APP-03378,31,Bachelor,Salaried,Married,1,Semiurban,9,165957,680,2271171,24,No,118801,913217,0.716,1
APP-03379,44,Bachelor,Salaried,Single,0,Urban,21,182319,826,2905526,60,No,57571,72534,0.316,1
APP-03380,37,Bachelor,Business,Single,3,Urban,9,87024,644,1794054,36,No,54008,91814,0.621,0
APP-03381,43,Bachelor,Self-employed,Married,3,Rural,17,262045,738,2997718,84,No,40611,298261,0.155,1
APP-03382,44,Master,Self-employed,Married,2,Semiurban,19,271132,703,1905516,36,No,62042,1682301,0.229,1
APP-03383,36,Master,Salaried,Married,3,Urban,11,205562,578,2268864,60,Yes,44018,1137085,0.214,1
APP-03384,52,Bachelor,Salaried,Married,0,Urban,24,244082,627,1563962,12,No,169060,580908,0.693,1
APP-03385,38,Bachelor,Business,Married,2,Rural,10,213288,590,484228,84,No,6815,988098,0.032,1
APP-03386,57,Matric,Salaried,Married,4,Urban,29,115714,679,322447,60,No,6433,180185,0.056,1
APP-03387,47,Bachelor,Salaried,Single,1,Urban,25,102178,653,2438449,60,No,44509,383352,0.436,1
APP-03388,56,Master,Salaried,Single,4,Urban,32,169747,635,560511,36,No,16928,178184,0.1,1
APP-03389,42,Intermediate,Salaried,Married,0,Semiurban,13,140983,696,1111833,48,No,28064,1180360,0.199,1
APP-03390,44,Matric,Salaried,Single,0,Urban,22,137781,850,1203229,60,No,25818,712899,0.187,1
APP-03391,43,Master,Business,Single,3,Urban,15,193049,489,1213775,24,No,57024,660945,0.295,1
APP-03392,42,PhD,Business,Single,3,Rural,15,222765,654,883440,36,No,26837,1167518,0.12,1
APP-03393,22,Master,Salaried,Married,0,Semiurban,0,124741,600,123823,84,No,1790,395409,0.014,1
APP-03394,47,Master,Self-employed,Single,4,Urban,21,255749,647,2211225,48,No,59650,353238,0.233,1
APP-03395,47,Bachelor,Salaried,Married,0,Rural,22,114642,826,455670,60,Yes,8867,902790,0.077,1
APP-03396,47,Master,Salaried,Married,0,Semiurban,22,166980,702,202095,72,No,3597,159363,0.022,1
APP-03397,56,Master,Business,Married,2,Semiurban,28,195348,715,348447,84,No,5008,1344842,0.026,1
APP-03398,49,Intermediate,Salaried,Married,1,Semiurban,25,169583,756,1692194,12,Yes,156056,955957,0.92,0
APP-03399,36,Intermediate,Self-employed,Single,0,Rural,10,178126,627,2067312,60,Yes,37716,894059,0.212,0
APP-03400,52,Bachelor,Salaried,Single,1,Rural,29,122713,519,509055,36,Yes,18100,1082354,0.147,1
APP-03401,21,Master,Salaried,Single,4,Semiurban,0,77169,536,243352,84,No,3593,679471,0.047,1
APP-03402,28,Matric,Self-employed,Single,2,Urban,4,89641,703,2817640,12,No,288083,785087,3.214,1
APP-03403,31,Intermediate,Self-employed,Single,3,Urban,9,218352,802,355874,36,No,10994,384257,0.05,1
APP-03404,24,Master,Self-employed,Single,2,Semiurban,0,90089,608,2785612,24,No,126088,175659,1.4,0
APP-03405,24,Matric,Self-employed,Married,3,Semiurban,0,59428,735,2089540,60,Yes,39256,105795,0.661,0
APP-03406,29,Bachelor,Business,Single,3,Urban,6,80591,604,2943685,36,No,103077,720378,1.279,0
APP-03407,22,PhD,Unemployed,Married,3,Urban,0,71863,371,989108,36,No,32192,428788,0.448,0
APP-03408,39,Intermediate,Self-employed,Single,0,Urban,13,69854,732,323132,48,No,7401,513239,0.106,1
APP-03409,30,Intermediate,Salaried,Single,2,Urban,3,173315,700,1756279,12,Yes,169244,293051,0.977,0
APP-03410,64,Intermediate,Salaried,Married,1,Urban,40,120535,737,1632618,24,No,84783,256713,0.703,1
APP-03411,61,Master,Salaried,Single,3,Urban,33,142699,553,429063,24,No,22692,1051062,0.159,1
APP-03412,27,Bachelor,Business,Single,0,Urban,2,224499,759,1789434,24,Yes,82031,1203363,0.365,1
APP-03413,24,Bachelor,Salaried,Single,4,Urban,0,67607,480,1606058,72,No,25747,173465,0.381,0
APP-03414,45,Matric,Business,Married,2,Semiurban,16,311233,573,180727,36,No,6040,894499,0.019,1
APP-03415,26,Intermediate,Self-employed,Married,1,Rural,3,209163,644,2203536,48,No,50716,657073,0.242,1
APP-03416,37,Matric,Salaried,Single,3,Urban,11,68478,586,412792,60,No,7442,316221,0.109,0
APP-03417,47,Intermediate,Unemployed,Single,3,Urban,19,70531,558,211258,48,Yes,5651,113232,0.08,0
APP-03418,26,Intermediate,Business,Married,3,Urban,0,129974,587,541569,36,No,16559,435118,0.127,1
APP-03419,35,Bachelor,Self-employed,Married,1,Semiurban,13,222211,756,1114807,84,Yes,16515,1963074,0.074,1
APP-03420,45,Matric,Salaried,Married,4,Urban,21,194292,677,2491269,48,Yes,64453,1688097,0.332,0
APP-03421,55,Master,Business,Married,2,Semiurban,26,240847,708,1936745,72,No,31709,467475,0.132,1
APP-03422,48,Bachelor,Salaried,Married,0,Rural,21,126171,715,1150430,60,No,24094,48108,0.191,1
APP-03423,50,Master,Business,Married,0,Urban,26,205128,572,524086,84,No,6882,1177770,0.034,1
APP-03424,56,Master,Business,Married,4,Rural,31,124314,744,2329193,24,No,115607,818757,0.93,1
APP-03425,49,Intermediate,Salaried,Single,4,Semiurban,23,128118,394,1013218,48,No,26903,1067227,0.21,1
APP-03426,34,PhD,Unemployed,Married,0,Semiurban,12,99995,551,2502731,84,No,38611,467027,0.386,0
APP-03427,46,Intermediate,Business,Married,0,Urban,19,270512,847,2170643,24,No,99067,1626919,0.366,1
APP-03428,41,Master,Business,Married,2,Urban,14,272593,559,1737919,48,No,46453,95128,0.17,1
APP-03429,54,Master,Unemployed,Single,2,Urban,28,96124,599,231002,48,Yes,6105,824269,0.064,0
APP-03430,43,Bachelor,Salaried,Single,0,Urban,15,217322,660,2305965,12,No,245508,749943,1.13,1
APP-03431,47,Bachelor,Salaried,Married,0,Urban,18,86038,651,979527,84,No,14171,610330,0.165,1
APP-03432,52,Bachelor,Salaried,Married,2,Urban,30,144406,718,2847204,36,Yes,102391,790564,0.709,1
APP-03433,46,Intermediate,Salaried,Single,4,Semiurban,24,125429,644,792954,24,No,42612,71929,0.34,0
APP-03434,41,Intermediate,Salaried,Single,4,Semiurban,14,160474,678,653406,48,No,14926,1235309,0.093,1
APP-03435,54,Matric,Business,Single,4,Urban,31,321830,624,2532081,72,No,41205,2409367,0.128,0
APP-03436,41,Bachelor,Self-employed,Single,3,Urban,16,226467,654,2646379,36,No,92726,1304017,0.409,1
APP-03437,31,Master,Business,Married,2,Urban,6,313120,661,179863,48,No,4386,126536,0.014,1
APP-03438,45,Intermediate,Unemployed,Married,3,Urban,23,81001,745,2209606,36,No,67434,492209,0.833,0
APP-03439,35,Bachelor,Self-employed,Married,2,Semiurban,12,242956,606,2378109,72,No,36197,1653971,0.149,1
APP-03440,27,Intermediate,Unemployed,Married,1,Urban,4,43871,521,908109,36,Yes,32237,99501,0.735,0
APP-03441,26,Bachelor,Salaried,Single,2,Urban,0,130153,677,2701188,36,No,88765,274101,0.682,1
APP-03442,46,Bachelor,Self-employed,Single,2,Urban,21,247788,556,2955157,60,No,60565,1222887,0.244,1
APP-03443,22,Matric,Salaried,Married,1,Urban,0,75584,713,942496,72,No,17008,346232,0.225,1
APP-03444,64,Matric,Salaried,Married,1,Urban,38,131960,496,1978315,72,Yes,35545,1141130,0.269,1
APP-03445,61,Master,Salaried,Single,4,Semiurban,36,158940,609,1988486,84,No,30273,552857,0.19,1
APP-03446,39,Bachelor,Business,Married,1,Urban,16,310064,850,1449608,36,Yes,48837,1195126,0.158,1
APP-03447,34,PhD,Self-employed,Single,3,Semiurban,5,125366,517,2767276,60,Yes,52547,834128,0.419,0
APP-03448,50,Matric,Salaried,Single,3,Rural,22,121571,842,920650,60,No,18798,626272,0.155,1
APP-03449,37,Matric,Salaried,Married,0,Urban,15,53481,725,2019939,84,No,28096,182171,0.525,0
APP-03450,41,Bachelor,Salaried,Single,0,Urban,15,83697,682,1974360,84,No,28369,222455,0.339,1
APP-03451,54,Matric,Self-employed,Married,3,Semiurban,26,83338,674,2888933,48,Yes,69482,413835,0.834,0
APP-03452,56,Matric,Business,Single,2,Rural,28,274332,752,644642,72,No,9988,1056807,0.036,1
APP-03453,47,Master,Business,Married,2,Urban,25,294176,607,1722763,24,No,92696,211796,0.315,1
APP-03454,22,PhD,Salaried,Married,1,Semiurban,0,118919,582,2820623,36,Yes,95808,916448,0.806,0
APP-03455,30,Matric,Unemployed,Married,2,Semiurban,3,29094,591,1106634,36,No,36147,36730,1.242,0
APP-03456,22,Master,Salaried,Single,3,Urban,0,72894,615,1016572,48,Yes,26024,591602,0.357,0
APP-03457,47,Bachelor,Salaried,Married,1,Semiurban,20,190515,810,2476008,24,No,118346,1331117,0.621,1
APP-03458,33,Master,Self-employed,Single,0,Urban,11,229820,674,103910,72,No,1649,1885278,0.007,1
APP-03459,55,Master,Salaried,Single,0,Semiurban,29,211295,659,113683,24,No,5981,49225,0.028,1
APP-03460,45,Bachelor,Self-employed,Single,3,Urban,16,227952,650,2247974,24,No,112224,214792,0.492,0
APP-03461,30,Matric,Salaried,Married,3,Semiurban,3,66618,680,1292496,12,No,139065,107412,2.087,0
APP-03462,31,Bachelor,Salaried,Single,0,Semiurban,7,150529,725,562928,60,No,11542,981578,0.077,1
APP-03463,47,Matric,Salaried,Single,2,Semiurban,22,95337,517,2484914,12,Yes,254523,57777,2.67,0
APP-03464,44,Master,Self-employed,Married,2,Urban,18,133159,589,589027,48,No,15202,654712,0.114,0
APP-03465,28,Bachelor,Business,Single,0,Semiurban,0,157555,599,1998099,60,No,38369,1239480,0.244,1
APP-03466,64,Intermediate,Self-employed,Married,1,Rural,35,185850,762,2359796,60,No,50738,627591,0.273,1
APP-03467,22,Intermediate,Salaried,Married,3,Rural,0,165274,647,725760,60,No,14977,1437303,0.091,0
APP-03468,43,Intermediate,Salaried,Married,2,Urban,17,104562,709,381805,84,No,5339,797828,0.051,1
APP-03469,62,PhD,Unemployed,Single,3,Urban,33,140579,468,1262988,36,No,43781,567948,0.311,0
APP-03470,46,Bachelor,Salaried,Single,1,Urban,17,189481,709,129621,60,No,2644,1672097,0.014,1
APP-03471,56,Master,Unemployed,Married,3,Rural,33,133465,591,2879203,24,No,148481,90994,1.113,0
APP-03472,31,PhD,Self-employed,Married,4,Semiurban,8,260753,662,1402020,24,Yes,68628,325535,0.263,1
APP-03473,25,Intermediate,Salaried,Married,0,Rural,1,156731,850,2978641,60,Yes,56452,410846,0.36,1
APP-03474,23,Intermediate,Unemployed,Married,4,Urban,0,31329,614,2212258,24,Yes,111625,173495,3.563,0
APP-03475,39,Master,Salaried,Married,1,Urban,10,179960,850,2344715,72,No,42005,686837,0.233,1
APP-03476,40,Master,Salaried,Single,3,Rural,13,228400,683,703901,12,No,63383,839739,0.278,1
APP-03477,44,Master,Salaried,Single,2,Semiurban,17,149535,600,536165,48,Yes,12091,744549,0.081,0
APP-03478,54,Intermediate,Self-employed,Married,2,Urban,32,242890,783,530690,12,No,57138,314583,0.235,1
APP-03479,53,Matric,Self-employed,Married,3,Semiurban,26,137013,586,1246141,12,Yes,127438,892542,0.93,0
APP-03480,63,Matric,Business,Single,3,Rural,36,339666,706,1924901,84,Yes,25007,2941226,0.074,1
APP-03481,24,Bachelor,Business,Single,3,Urban,0,292771,712,2744064,72,No,41344,906326,0.141,1
APP-03482,41,Master,Business,Married,1,Semiurban,19,231534,603,133510,84,No,1950,1620173,0.008,1
APP-03483,31,Bachelor,Self-employed,Single,4,Urban,2,240603,787,2568808,84,No,39463,1729533,0.164,1
APP-03484,50,Intermediate,Unemployed,Married,4,Rural,28,66904,489,1317805,84,No,18541,35785,0.277,0
APP-03485,37,Bachelor,Unemployed,Married,4,Urban,10,48354,673,718288,12,No,67873,400996,1.404,0
APP-03486,57,Master,Unemployed,Married,0,Semiurban,30,125512,477,1396361,24,No,71895,1072037,0.573,0
APP-03487,21,Master,Business,Single,1,Urban,0,256999,593,1220269,12,No,125876,867107,0.49,0
APP-03488,21,Matric,Salaried,Married,2,Semiurban,0,107036,543,2220206,72,Yes,36699,420004,0.343,0
APP-03489,24,Bachelor,Business,Married,2,Urban,0,238906,668,1877393,12,Yes,196525,232489,0.823,0
APP-03490,22,Intermediate,Business,Single,3,Urban,0,194255,758,1213226,36,No,38928,26025,0.2,1
APP-03491,54,Intermediate,Salaried,Married,1,Urban,29,135390,712,1052220,60,No,22059,842163,0.163,1
APP-03492,35,Intermediate,Self-employed,Married,4,Rural,11,65786,577,2761984,48,No,73825,29267,1.122,0
APP-03493,30,Master,Salaried,Married,2,Urban,4,182822,740,1850116,72,No,30672,746532,0.168,1
APP-03494,49,Master,Self-employed,Married,4,Urban,23,132124,789,715414,60,Yes,13969,381854,0.106,1
APP-03495,29,Intermediate,Salaried,Married,0,Rural,3,166210,518,357626,36,No,12658,1039259,0.076,1
APP-03496,36,Intermediate,Business,Single,3,Semiurban,14,280632,700,195615,60,No,4167,2374070,0.015,1
APP-03497,41,Bachelor,Self-employed,Married,3,Semiurban,13,175866,682,745757,84,No,10950,439275,0.062,1
APP-03498,47,Bachelor,Salaried,Single,3,Rural,22,165213,643,1292519,24,Yes,61253,1000556,0.371,0
APP-03499,53,Bachelor,Salaried,Single,2,Semiurban,29,89517,561,1613567,84,No,21426,61517,0.239,1
APP-03500,49,Intermediate,Self-employed,Single,2,Urban,26,121092,813,1997626,48,No,47088,606959,0.389,1
APP-03501,34,Bachelor,Business,Married,4,Urban,12,215115,700,1133373,12,Yes,120160,1680861,0.559,1
APP-03502,46,Master,Salaried,Married,3,Urban,22,221240,731,103740,60,Yes,1909,1581347,0.009,1
APP-03503,29,Matric,Salaried,Single,1,Urban,0,125358,603,1696756,60,Yes,33416,891538,0.267,1
APP-03504,47,Intermediate,Salaried,Single,1,Rural,22,83291,850,1631357,24,Yes,77660,716601,0.932,0
APP-03505,52,Master,Self-employed,Married,1,Semiurban,29,179219,732,1348774,12,No,136653,1589808,0.762,1
APP-03506,40,Intermediate,Self-employed,Single,2,Semiurban,11,95922,629,962072,36,Yes,34061,304515,0.355,0
APP-03507,25,Master,Salaried,Single,0,Rural,0,208844,618,2704888,84,No,39075,864421,0.187,1
APP-03508,52,Master,Business,Single,4,Semiurban,29,373819,729,196780,36,No,5939,2014920,0.016,1
APP-03509,63,Master,Unemployed,Married,0,Urban,35,116729,467,2030410,72,Yes,30835,946436,0.264,1
APP-03510,21,Master,Salaried,Married,1,Urban,0,108867,621,1516103,12,No,147445,954749,1.354,0
APP-03511,61,Master,Business,Married,1,Rural,36,353650,722,2683997,36,No,81673,2973081,0.231,1
APP-03512,37,Intermediate,Salaried,Married,4,Urban,11,184514,720,1835042,48,No,47355,941466,0.257,1
APP-03513,64,Bachelor,Salaried,Single,3,Urban,42,276953,708,1067744,72,Yes,19226,1590348,0.069,1
APP-03514,51,Bachelor,Unemployed,Married,0,Rural,26,61184,522,2486950,60,No,49157,328164,0.803,0
APP-03515,43,Bachelor,Business,Married,4,Rural,17,278175,829,2068405,84,No,28359,632230,0.102,1
APP-03516,51,Intermediate,Salaried,Married,4,Rural,24,147498,474,2004735,60,No,36642,1202672,0.248,1
APP-03517,52,Master,Salaried,Married,2,Semiurban,24,118011,690,2820255,84,Yes,36462,201781,0.309,1
APP-03518,48,Bachelor,Salaried,Married,4,Semiurban,19,119496,777,2771870,60,Yes,51794,842133,0.433,1
APP-03519,52,Intermediate,Salaried,Married,3,Rural,26,116983,658,1448730,84,No,21578,345894,0.184,1
APP-03520,22,Bachelor,Salaried,Single,4,Urban,0,165265,721,1159678,24,Yes,58388,1481333,0.353,1
APP-03521,59,Intermediate,Salaried,Single,0,Semiurban,36,119900,723,1629759,72,No,27023,568676,0.225,1
APP-03522,40,Bachelor,Unemployed,Single,3,Urban,18,78288,510,395229,72,No,7047,23785,0.09,0
APP-03523,38,Intermediate,Business,Single,3,Urban,14,152406,730,2578597,60,No,50065,848333,0.328,1
APP-03524,29,Matric,Salaried,Married,0,Rural,3,98181,644,1774701,72,No,28010,715763,0.285,1
APP-03525,35,Master,Salaried,Married,1,Semiurban,6,154279,676,616758,24,No,29913,522677,0.194,1
APP-03526,32,Matric,Salaried,Single,4,Rural,10,127089,660,447820,48,Yes,11754,328557,0.092,1
APP-03527,28,Intermediate,Self-employed,Married,2,Semiurban,2,163018,837,1347823,84,No,20638,1189222,0.127,1
APP-03528,55,Intermediate,Salaried,Married,2,Semiurban,32,201179,561,1043761,48,No,25712,202979,0.128,1
APP-03529,29,PhD,Salaried,Married,0,Urban,6,161452,681,1240728,84,Yes,16358,1411360,0.101,1
APP-03530,45,Matric,Salaried,Single,4,Rural,18,86736,651,1158735,36,Yes,40067,690769,0.462,0
APP-03531,32,Bachelor,Salaried,Married,2,Urban,7,120536,661,309082,84,Yes,4608,120530,0.038,1
APP-03532,35,Master,Salaried,Married,4,Rural,6,166686,668,2770529,48,Yes,72910,1397139,0.437,0
APP-03533,52,Master,Salaried,Single,3,Semiurban,29,167399,614,1452000,84,No,19203,37881,0.115,1
APP-03534,58,Matric,Salaried,Single,4,Rural,35,166521,682,107792,24,Yes,4895,772003,0.029,1
APP-03535,23,Bachelor,Business,Married,4,Rural,0,90957,697,2097816,12,Yes,219658,816251,2.415,0
APP-03536,48,Master,Salaried,Single,1,Urban,26,247694,515,2214001,48,No,54628,2155439,0.221,1
APP-03537,56,Intermediate,Business,Married,1,Urban,31,314040,690,1384765,84,No,20360,2817726,0.065,1
APP-03538,32,Bachelor,Salaried,Married,2,Urban,9,198398,714,2056248,72,No,36634,338465,0.185,1
APP-03539,29,Master,Salaried,Married,3,Urban,5,189352,658,613815,72,No,10175,598564,0.054,1
APP-03540,29,Master,Salaried,Married,4,Urban,3,213243,660,2984427,72,Yes,50053,1046332,0.235,1
APP-03541,54,PhD,Salaried,Married,4,Rural,30,259966,672,2007050,12,No,216217,725216,0.832,1
APP-03542,58,Matric,Unemployed,Single,2,Urban,32,90390,575,442604,24,No,23017,640381,0.255,0
APP-03543,56,Matric,Unemployed,Married,1,Semiurban,32,101342,493,1760045,84,No,25723,214478,0.254,0
APP-03544,53,Master,Salaried,Married,1,Semiurban,26,169771,794,809907,12,No,76348,1191610,0.45,1
APP-03545,63,Bachelor,Unemployed,Single,0,Urban,37,89482,534,792137,72,No,13945,732717,0.156,1
APP-03546,51,Master,Salaried,Married,2,Urban,23,165538,644,2541132,24,No,133752,798892,0.808,0
APP-03547,64,Master,Self-employed,Married,0,Urban,36,254932,625,2069103,48,No,50020,334035,0.196,1
APP-03548,50,Bachelor,Salaried,Married,3,Urban,26,193137,700,2565807,48,No,58279,1089761,0.302,1
APP-03549,51,Matric,Business,Single,3,Urban,27,231655,581,128293,12,No,13341,1101180,0.058,1
APP-03550,48,Master,Salaried,Single,2,Rural,26,123520,692,2337504,60,Yes,43687,150254,0.354,0
APP-03551,37,Intermediate,Salaried,Married,2,Urban,9,141457,801,913997,84,Yes,12546,540039,0.089,1
APP-03552,25,Master,Unemployed,Single,3,Rural,0,53207,412,1098136,48,No,27272,225865,0.513,0
APP-03553,37,Master,Salaried,Married,1,Urban,12,159491,707,2282241,36,No,71358,1337768,0.447,1
APP-03554,41,Intermediate,Self-employed,Single,0,Rural,12,83840,583,1325694,72,No,20312,645102,0.242,0
APP-03555,38,Matric,Self-employed,Single,3,Semiurban,12,89893,632,1800640,36,No,59777,330552,0.665,0
APP-03556,28,Master,Unemployed,Single,2,Urban,0,69830,587,2417594,12,No,242871,242204,3.478,0
APP-03557,22,Master,Business,Married,0,Urban,0,164792,772,2798775,12,Yes,287595,1285835,1.745,1
APP-03558,56,Bachelor,Unemployed,Married,1,Semiurban,27,104953,550,1720237,84,Yes,25970,635971,0.247,0
APP-03559,42,Master,Salaried,Single,4,Semiurban,13,93487,660,1141127,12,No,121634,676224,1.301,1
APP-03560,60,Master,Self-employed,Single,4,Rural,33,247215,608,1668248,60,Yes,32856,391646,0.133,0
APP-03561,47,Matric,Salaried,Single,1,Urban,25,88913,532,2040601,84,No,28936,539324,0.325,1
APP-03562,40,Master,Salaried,Single,4,Urban,15,223631,658,1266602,36,No,44623,52786,0.2,1
APP-03563,43,Bachelor,Self-employed,Married,0,Semiurban,18,114471,571,2742900,48,No,67530,987426,0.59,0
APP-03564,41,Bachelor,Business,Single,2,Rural,18,304018,797,198694,60,No,4242,2731466,0.014,1
APP-03565,27,Intermediate,Self-employed,Single,1,Urban,0,43949,647,2665732,84,Yes,36072,156353,0.821,0
APP-03566,58,Master,Business,Married,0,Semiurban,31,317182,662,1564807,24,No,73081,1157646,0.23,1
APP-03567,34,Master,Self-employed,Married,4,Rural,5,185722,591,599501,36,No,19603,1636893,0.106,0
APP-03568,46,Bachelor,Salaried,Married,0,Rural,19,111533,540,251131,24,No,13338,386546,0.12,1
APP-03569,50,Matric,Salaried,Married,1,Rural,26,85755,727,1662934,24,Yes,83670,715681,0.976,0
APP-03570,49,Bachelor,Self-employed,Married,2,Urban,23,200660,737,398672,36,Yes,13961,1111768,0.07,1
APP-03571,21,Master,Self-employed,Married,3,Rural,0,150919,664,242681,48,Yes,5491,291414,0.036,1
APP-03572,57,Master,Salaried,Single,3,Urban,32,141202,781,2242984,84,No,29510,66316,0.209,1
APP-03573,46,PhD,Business,Married,4,Semiurban,20,316818,595,185401,24,Yes,9468,2475058,0.03,0
APP-03574,37,Matric,Salaried,Married,4,Urban,11,96496,646,1381555,60,No,27403,505888,0.284,1
APP-03575,63,Bachelor,Business,Married,2,Semiurban,35,357675,732,2161100,72,No,36511,2011896,0.102,1
APP-03576,43,Bachelor,Business,Single,0,Semiurban,15,276069,641,2493816,36,No,75985,290194,0.275,1
APP-03577,49,Bachelor,Business,Married,4,Urban,21,336369,588,2515587,12,No,266806,2473960,0.793,0
APP-03578,52,Bachelor,Salaried,Married,0,Urban,25,136327,728,1352098,12,Yes,135800,927929,0.996,1
APP-03579,44,Intermediate,Salaried,Married,0,Semiurban,16,102688,662,128465,48,No,3220,296903,0.031,1
APP-03580,34,Master,Salaried,Married,4,Urban,6,114216,739,2577476,12,No,255005,370439,2.233,1
APP-03581,21,Bachelor,Salaried,Married,2,Rural,0,167716,598,2276266,72,Yes,36292,310037,0.216,0
APP-03582,47,Bachelor,Salaried,Married,2,Urban,19,176244,566,1674319,36,Yes,60040,481934,0.341,0
APP-03583,59,Bachelor,Unemployed,Married,0,Semiurban,35,92071,469,347875,36,No,12200,91454,0.133,1
APP-03584,23,Intermediate,Self-employed,Married,3,Rural,0,212109,774,2968134,60,Yes,54256,1796394,0.256,1
APP-03585,27,Master,Self-employed,Married,3,Semiurban,4,136418,535,2208262,60,No,42275,630217,0.31,0
APP-03586,23,Bachelor,Salaried,Single,2,Urban,1,198913,609,1506373,36,No,52442,1204187,0.264,1
APP-03587,55,Intermediate,Salaried,Single,2,Semiurban,30,115110,643,2017194,84,No,29763,23594,0.259,1
APP-03588,38,Intermediate,Salaried,Married,2,Urban,12,109135,723,2558452,36,No,83988,695005,0.77,1
APP-03589,49,Bachelor,Unemployed,Married,1,Urban,21,80493,579,2221536,72,No,37769,628388,0.469,0
APP-03590,46,Bachelor,Salaried,Married,4,Semiurban,19,114216,724,1519521,48,No,38860,361377,0.34,1
APP-03591,27,Bachelor,Salaried,Married,0,Urban,0,159303,611,2809302,72,No,44161,1263596,0.277,1
APP-03592,41,Intermediate,Business,Single,0,Rural,12,185635,662,2549171,48,Yes,57950,352040,0.312,0
APP-03593,32,Bachelor,Business,Married,3,Urban,6,119959,576,1140841,12,No,121070,111122,1.009,0
APP-03594,57,Intermediate,Self-employed,Married,0,Urban,29,183798,544,1676243,12,No,171867,930655,0.935,0
APP-03595,25,Master,Self-employed,Married,3,Semiurban,0,81308,564,2392776,48,Yes,54373,647290,0.669,0
APP-03596,56,Intermediate,Business,Single,0,Rural,30,94583,626,1296920,36,Yes,44289,547089,0.468,0
APP-03597,38,Intermediate,Self-employed,Married,3,Urban,12,66869,626,2012914,36,Yes,70321,352273,1.052,0
APP-03598,27,Matric,Salaried,Married,3,Urban,2,57876,605,296274,84,No,4420,384586,0.076,0
APP-03599,63,Intermediate,Business,Married,2,Rural,39,285330,652,2817176,60,No,57754,248096,0.202,1
APP-03600,35,Matric,Unemployed,Married,1,Urban,9,45173,624,725742,48,Yes,19214,164322,0.425,0
APP-03601,37,Master,Salaried,Married,4,Rural,14,174374,537,1480324,48,No,39569,81734,0.227,1
APP-03602,48,Master,Salaried,Single,1,Rural,25,159210,586,1129193,48,No,28170,292312,0.177,1
APP-03603,35,Bachelor,Business,Married,4,Semiurban,9,283100,718,2492921,12,Yes,228287,2358466,0.806,0
APP-03604,56,Intermediate,Salaried,Married,1,Urban,27,198251,623,493073,36,No,16835,945770,0.085,1
APP-03605,28,Intermediate,Salaried,Married,0,Urban,0,168061,546,2123737,36,No,75225,359912,0.448,0
APP-03606,41,Bachelor,Salaried,Married,4,Semiurban,17,200511,834,368368,60,Yes,7513,1610549,0.037,1
APP-03607,59,Bachelor,Unemployed,Single,3,Urban,37,124798,674,2530019,36,No,89000,664066,0.713,0
APP-03608,51,Bachelor,Unemployed,Single,0,Semiurban,25,77082,745,827485,24,No,41609,261976,0.54,1
APP-03609,42,Intermediate,Salaried,Single,0,Semiurban,18,120568,553,612530,24,No,32983,535246,0.274,1
APP-03610,52,Matric,Business,Single,2,Urban,29,261401,636,356987,36,No,11634,1680177,0.045,1
APP-03611,21,Intermediate,Business,Married,3,Urban,0,266494,635,2795873,84,No,41858,2281443,0.157,1
APP-03612,62,Bachelor,Salaried,Single,1,Urban,38,190025,657,2766009,84,Yes,42155,1240144,0.222,1
APP-03613,30,Bachelor,Salaried,Single,1,Semiurban,4,189129,730,1695992,60,No,34324,1410995,0.181,1
APP-03614,52,Bachelor,Salaried,Married,1,Semiurban,23,105912,821,734712,60,No,14216,497760,0.134,1
APP-03615,24,Master,Salaried,Married,1,Urban,0,73513,662,2750109,48,No,68437,329704,0.931,1
APP-03616,23,Matric,Salaried,Single,1,Semiurban,0,35566,694,612313,12,No,63755,319886,1.793,0
APP-03617,50,Master,Salaried,Single,3,Urban,26,150678,782,864120,12,No,81629,1294049,0.542,1
APP-03618,42,Master,Unemployed,Married,3,Urban,15,70452,791,2375802,12,Yes,242062,172795,3.436,0
APP-03619,37,Bachelor,Business,Married,2,Urban,9,208440,850,2324152,24,Yes,105858,674941,0.508,1
APP-03620,38,Intermediate,Salaried,Single,4,Urban,15,86165,714,626525,36,Yes,19746,473196,0.229,1
APP-03621,55,Intermediate,Salaried,Married,0,Urban,30,136378,577,2325542,84,No,32480,968213,0.238,1
APP-03622,29,Matric,Business,Single,4,Urban,4,57572,618,698063,36,No,23611,273088,0.41,0
APP-03623,55,Bachelor,Salaried,Married,0,Semiurban,32,228012,815,2085274,84,No,28777,894847,0.126,1
APP-03624,60,Bachelor,Self-employed,Single,4,Urban,33,167968,646,2184074,84,Yes,33748,49130,0.201,0
APP-03625,57,Master,Salaried,Single,3,Rural,35,144733,532,1869505,60,No,38837,925477,0.268,1
APP-03626,40,Matric,Self-employed,Single,1,Semiurban,13,160369,674,2409299,60,No,50388,783293,0.314,1
APP-03627,40,Intermediate,Salaried,Married,2,Urban,18,192960,774,2046177,36,Yes,63320,817673,0.328,1
APP-03628,48,Master,Salaried,Married,1,Semiurban,22,229131,720,1207170,48,Yes,32566,1200162,0.142,1
APP-03629,27,Master,Self-employed,Single,2,Urban,0,153170,570,739759,24,Yes,39177,241765,0.256,0
APP-03630,64,Bachelor,Salaried,Married,1,Urban,37,220334,850,997765,36,Yes,30428,775042,0.138,1
APP-03631,37,Matric,Salaried,Single,0,Semiurban,8,168468,724,2081318,36,No,70664,1367316,0.419,1
APP-03632,43,Bachelor,Business,Single,1,Rural,20,277702,821,860943,12,No,88010,1601248,0.317,1
APP-03633,36,Intermediate,Salaried,Married,2,Urban,8,122774,757,2334825,36,Yes,73606,1011599,0.6,1
APP-03634,56,Bachelor,Unemployed,Married,3,Urban,33,109486,729,253424,36,Yes,8339,192139,0.076,1
APP-03635,43,Master,Self-employed,Married,4,Urban,21,287161,661,784818,24,No,35442,1472612,0.123,1
APP-03636,46,Master,Salaried,Married,1,Semiurban,19,234696,628,2517144,12,Yes,241574,48746,1.029,0
APP-03637,49,Bachelor,Self-employed,Married,3,Rural,20,81204,654,1079202,36,No,33227,366216,0.409,1
APP-03638,27,Intermediate,Salaried,Married,3,Urban,0,162980,761,2298779,72,Yes,40343,1332411,0.248,1
APP-03639,63,Bachelor,Salaried,Single,0,Urban,36,157032,805,2769915,84,Yes,42244,559651,0.269,1
APP-03640,22,Bachelor,Salaried,Single,4,Rural,0,166001,767,457787,60,No,8385,44179,0.051,1
APP-03641,26,Bachelor,Self-employed,Married,4,Urban,3,173502,683,1336700,60,No,24157,759558,0.139,1
APP-03642,60,Bachelor,Business,Married,0,Urban,35,193309,663,1099040,12,No,115525,1224304,0.598,1
APP-03643,55,Intermediate,Business,Married,3,Semiurban,32,291967,584,1429944,72,No,23895,1871997,0.082,1
APP-03644,28,Master,Self-employed,Married,2,Rural,5,147130,692,2322196,36,No,79143,521229,0.538,0
APP-03645,56,Bachelor,Salaried,Married,4,Urban,34,181581,673,2505448,60,Yes,50419,1087891,0.278,1
APP-03646,24,Intermediate,Salaried,Single,2,Semiurban,0,46675,573,546954,60,No,10813,169484,0.232,0
APP-03647,28,Matric,Business,Married,2,Urban,4,192758,763,2975208,48,No,80413,413306,0.417,1
APP-03648,36,Bachelor,Unemployed,Single,3,Rural,13,65845,584,2224932,36,No,78014,570063,1.185,0
APP-03649,31,Master,Salaried,Married,2,Urban,3,119985,601,847468,72,No,12866,157537,0.107,1
APP-03650,25,PhD,Salaried,Married,2,Semiurban,0,179482,850,714561,24,No,34694,75592,0.193,1
APP-03651,58,Intermediate,Business,Single,3,Semiurban,36,157322,655,962789,72,No,15290,845309,0.097,1
APP-03652,33,Intermediate,Salaried,Single,4,Semiurban,10,153186,607,1177373,84,Yes,15143,702694,0.099,0
APP-03653,60,Bachelor,Business,Married,4,Semiurban,37,297322,566,2025774,24,Yes,107958,118434,0.363,0
APP-03654,28,Bachelor,Business,Married,2,Urban,4,276870,718,1742234,84,No,23191,2050515,0.084,1
APP-03655,57,Bachelor,Salaried,Married,0,Urban,31,258502,604,298052,24,No,14355,1573058,0.056,1
APP-03656,42,Intermediate,Business,Married,2,Semiurban,18,146375,752,1603082,12,No,157814,515574,1.078,1
APP-03657,36,Intermediate,Salaried,Married,2,Urban,7,73687,508,2538976,60,No,48693,41435,0.661,0
APP-03658,43,Bachelor,Business,Married,3,Semiurban,19,104042,659,1520605,48,Yes,39583,104111,0.38,1
APP-03659,49,Bachelor,Salaried,Married,0,Urban,22,176932,485,2747788,84,No,40186,132809,0.227,1
APP-03660,26,Master,Salaried,Married,1,Urban,0,70732,621,1990679,24,Yes,99183,171761,1.402,0
APP-03661,61,Master,Self-employed,Single,0,Urban,39,220766,726,2242851,12,Yes,216438,38389,0.98,0
APP-03662,57,Master,Self-employed,Single,3,Semiurban,33,148112,741,1346714,60,No,28917,1066561,0.195,1
APP-03663,49,Intermediate,Salaried,Married,1,Urban,20,166709,777,728553,60,Yes,14920,448794,0.089,1
APP-03664,47,Master,Self-employed,Married,1,Urban,22,161030,657,2567354,60,Yes,55170,942568,0.343,1
APP-03665,53,Bachelor,Salaried,Married,0,Urban,24,207941,677,889025,72,No,15639,1114178,0.075,1
APP-03666,29,Master,Salaried,Married,0,Rural,6,137940,591,1471334,48,Yes,38107,904992,0.276,1
APP-03667,23,Master,Self-employed,Single,2,Urban,0,106143,667,1172447,36,Yes,41058,645507,0.387,1
APP-03668,57,Intermediate,Salaried,Single,2,Rural,30,214013,748,849839,72,Yes,15334,690506,0.072,1
APP-03669,47,Intermediate,Salaried,Married,0,Rural,21,165319,592,1546029,84,No,21120,403208,0.128,1
APP-03670,45,Matric,Unemployed,Married,2,Urban,17,48982,678,2081452,12,No,213873,118553,4.366,0
APP-03671,35,Intermediate,Unemployed,Married,4,Urban,7,38403,562,1157826,36,No,40283,168194,1.049,0
APP-03672,58,Intermediate,Business,Single,4,Urban,32,279942,625,1914710,48,No,46984,2334491,0.168,1
APP-03673,30,Bachelor,Salaried,Married,0,Rural,3,200453,664,1713911,84,Yes,26329,1572148,0.131,1
APP-03674,44,Master,Salaried,Single,3,Urban,21,167703,697,1699098,60,No,32330,709337,0.193,1
APP-03675,32,Master,Business,Married,1,Semiurban,8,205195,755,2419368,84,Yes,35235,1183515,0.172,1
APP-03676,64,Bachelor,Salaried,Married,3,Rural,39,243873,662,1797715,48,No,43571,1386311,0.179,1
APP-03677,28,Bachelor,Salaried,Married,1,Urban,0,187605,646,2352515,24,Yes,120492,222232,0.642,0
APP-03678,29,Intermediate,Salaried,Married,4,Urban,0,113970,659,2099911,48,Yes,48757,863363,0.428,0
APP-03679,36,Intermediate,Salaried,Single,3,Urban,14,73005,401,2818997,84,No,36449,263907,0.499,0
APP-03680,57,Intermediate,Self-employed,Married,4,Urban,32,177970,799,1820421,84,Yes,25462,166381,0.143,1
APP-03681,23,Bachelor,Business,Single,0,Semiurban,0,296756,694,1167664,48,No,26667,1734638,0.09,1
APP-03682,52,Matric,Self-employed,Single,4,Semiurban,25,197869,690,1836223,72,No,28879,217805,0.146,1
APP-03683,31,Matric,Salaried,Married,2,Semiurban,2,146812,737,1601395,24,No,73616,1148411,0.501,1
APP-03684,63,Bachelor,Business,Married,2,Rural,39,305510,691,2060645,24,Yes,104607,2512106,0.342,1
APP-03685,41,Master,Salaried,Married,4,Semiurban,16,240704,605,2774453,84,No,42140,748029,0.175,1
APP-03686,30,Bachelor,Salaried,Married,3,Urban,4,129368,715,819638,48,Yes,18900,1116818,0.146,1
APP-03687,31,Bachelor,Self-employed,Married,3,Urban,3,206794,662,1458161,24,No,68606,879166,0.332,1
APP-03688,26,PhD,Self-employed,Single,2,Semiurban,4,201008,586,2956234,48,No,72737,1417793,0.362,0
APP-03689,63,Matric,Business,Married,3,Rural,34,152985,592,2467060,36,No,80233,39817,0.524,0
APP-03690,41,Intermediate,Salaried,Married,1,Semiurban,19,104223,683,2940031,48,No,68049,159473,0.653,1
APP-03691,50,Bachelor,Unemployed,Married,4,Semiurban,23,84299,533,873465,36,No,28293,147282,0.336,0
APP-03692,34,Master,Salaried,Single,1,Semiurban,10,109193,638,2278836,60,No,47524,490162,0.435,1
APP-03693,36,Master,Salaried,Married,4,Semiurban,10,185283,772,2891896,60,No,59791,363059,0.323,1
APP-03694,41,Matric,Self-employed,Single,4,Semiurban,18,88899,426,1422887,72,No,25454,630060,0.286,0
APP-03695,43,Bachelor,Salaried,Married,1,Urban,15,194262,727,379424,84,No,5711,738348,0.029,1
APP-03696,27,Matric,Business,Single,1,Urban,1,78873,652,1393222,36,No,46137,511601,0.585,0
APP-03697,60,Bachelor,Salaried,Single,3,Semiurban,33,145626,704,960297,48,No,25668,388580,0.176,1
APP-03698,50,Matric,Salaried,Married,4,Rural,27,220958,850,2570902,12,No,244624,1617372,1.107,1
APP-03699,56,Intermediate,Business,Married,3,Rural,34,226131,583,715834,48,No,19373,902408,0.086,1
APP-03700,40,Bachelor,Business,Married,0,Semiurban,12,97892,493,2500815,48,No,62617,229303,0.64,0
APP-03701,38,Bachelor,Salaried,Married,3,Urban,10,159781,754,1577357,60,No,34115,700519,0.214,1
APP-03702,22,Matric,Salaried,Single,4,Urban,0,135254,807,890585,36,No,30858,858770,0.228,1
APP-03703,38,Intermediate,Self-employed,Married,3,Rural,16,215277,815,1877855,84,No,28347,928653,0.132,1
APP-03704,46,Bachelor,Business,Single,4,Rural,22,254824,682,1494330,36,No,53028,2191582,0.208,1
APP-03705,55,Master,Self-employed,Married,3,Urban,31,180335,625,2442596,12,No,224512,1536818,1.245,0
APP-03706,21,Matric,Self-employed,Married,2,Semiurban,0,71838,680,2832414,84,Yes,40054,295508,0.558,0
APP-03707,43,Master,Self-employed,Married,2,Urban,18,197456,663,561818,24,Yes,29916,74849,0.152,1
APP-03708,27,Matric,Salaried,Married,0,Semiurban,4,170119,687,443331,72,No,7537,987311,0.044,1
APP-03709,57,Matric,Salaried,Married,1,Semiurban,34,129745,729,1449212,84,No,21029,388946,0.162,1
APP-03710,55,Master,Salaried,Married,0,Rural,28,217343,665,2707180,24,No,134050,1051108,0.617,1
APP-03711,46,Bachelor,Salaried,Single,2,Rural,22,129640,758,587081,24,No,31630,865591,0.244,1
APP-03712,61,Intermediate,Salaried,Married,0,Rural,35,82845,562,2423019,60,No,45895,185302,0.554,0
APP-03713,26,Master,Self-employed,Single,3,Semiurban,3,168981,604,1401152,24,Yes,72155,479714,0.427,0
APP-03714,39,Master,Self-employed,Married,2,Semiurban,12,272065,645,982482,12,No,101436,1753417,0.373,1
APP-03715,46,Intermediate,Salaried,Married,2,Semiurban,24,165381,713,945502,72,Yes,15113,1400348,0.091,1
APP-03716,37,Intermediate,Business,Married,4,Urban,15,163248,680,1757617,12,No,163074,663151,0.999,1
APP-03717,61,Bachelor,Salaried,Single,2,Semiurban,34,160231,736,327592,24,Yes,17357,1375975,0.108,1
APP-03718,61,Intermediate,Self-employed,Single,4,Rural,39,123134,583,1962431,24,No,90886,111659,0.738,0
APP-03719,56,Bachelor,Business,Married,4,Urban,27,334975,588,2865846,12,No,306310,2457036,0.914,0
APP-03720,37,Master,Self-employed,Married,3,Urban,15,209840,836,815815,72,No,13226,1757914,0.063,1
APP-03721,28,Bachelor,Self-employed,Married,0,Urban,5,88521,631,1109106,48,No,26133,192605,0.295,1
APP-03722,39,Intermediate,Salaried,Single,0,Rural,10,173971,637,356961,60,No,7717,1013764,0.044,1
APP-03723,60,Master,Business,Single,0,Urban,34,152175,690,997982,84,Yes,13735,216885,0.09,1
APP-03724,51,Master,Unemployed,Married,0,Rural,29,116900,573,645427,72,No,10597,1027809,0.091,1
APP-03725,40,Bachelor,Salaried,Married,0,Urban,11,121743,547,2981801,48,Yes,77982,311308,0.641,0
APP-03726,49,Bachelor,Salaried,Married,3,Urban,25,169191,615,789679,12,Yes,75723,822294,0.448,0
APP-03727,30,Bachelor,Self-employed,Married,0,Rural,4,62517,720,1521551,84,Yes,22718,47088,0.363,1
APP-03728,58,Intermediate,Salaried,Single,0,Rural,32,148329,612,470029,60,Yes,9355,925607,0.063,1
APP-03729,48,Master,Salaried,Single,0,Semiurban,26,141593,669,119556,84,No,1625,815448,0.011,1
APP-03730,60,Bachelor,Salaried,Single,0,Semiurban,33,145350,670,1491427,60,No,27993,811451,0.193,1
APP-03731,31,PhD,Salaried,Married,4,Semiurban,7,124526,732,2022165,12,Yes,186410,107403,1.497,0
APP-03732,27,Bachelor,Salaried,Married,1,Urban,4,181423,668,2234187,60,No,40510,195128,0.223,1
APP-03733,47,Bachelor,Salaried,Married,1,Urban,20,111340,737,2351031,24,Yes,107037,838625,0.961,1
APP-03734,25,Matric,Salaried,Single,0,Semiurban,0,114028,619,1646330,48,Yes,42916,457204,0.376,0
APP-03735,24,Master,Salaried,Married,4,Urban,0,91534,752,176408,36,Yes,5893,250492,0.064,1
APP-03736,37,Intermediate,Business,Married,4,Semiurban,14,161222,661,2329505,72,Yes,37244,93189,0.231,1
APP-03737,30,PhD,Self-employed,Married,2,Rural,5,127503,708,2200339,12,Yes,215467,1058457,1.69,0
APP-03738,30,Master,Salaried,Married,4,Semiurban,6,146228,460,281882,36,Yes,9731,367261,0.067,1
APP-03739,48,Master,Salaried,Married,1,Semiurban,20,111991,669,2427114,24,No,124590,865590,1.113,1
APP-03740,35,Bachelor,Salaried,Single,0,Rural,13,152965,737,2563858,60,No,46698,449423,0.305,1
APP-03741,24,Master,Unemployed,Single,3,Semiurban,0,53538,584,2156450,72,No,36426,180866,0.68,0
APP-03742,34,Matric,Business,Single,0,Urban,11,240391,560,2033671,24,No,99948,1500167,0.416,1
APP-03743,55,Master,Salaried,Single,2,Urban,30,120019,783,832635,84,No,11521,970868,0.096,1
APP-03744,52,Bachelor,Salaried,Married,4,Urban,26,145053,645,924174,36,No,32147,1234933,0.222,1
APP-03745,61,Intermediate,Salaried,Single,2,Urban,37,105010,563,1350603,72,Yes,20858,344140,0.199,0
APP-03746,53,Master,Self-employed,Single,3,Urban,28,265709,751,917049,72,No,16157,92859,0.061,1
APP-03747,30,PhD,Salaried,Single,3,Rural,8,180591,825,911523,48,No,21672,1540124,0.12,1
APP-03748,57,PhD,Unemployed,Single,1,Urban,29,116672,610,579849,48,No,14659,608590,0.126,1
APP-03749,33,Bachelor,Self-employed,Married,4,Urban,7,66956,600,1634656,12,Yes,160028,513447,2.39,0
APP-03750,48,Bachelor,Self-employed,Married,4,Rural,21,165397,659,744759,72,No,12817,965024,0.077,1
APP-03751,50,Intermediate,Salaried,Single,4,Semiurban,23,130824,680,577483,48,Yes,15306,864774,0.117,1
APP-03752,21,PhD,Self-employed,Single,2,Urban,0,170676,680,2946703,48,Yes,67208,1526115,0.394,1
APP-03753,23,Bachelor,Unemployed,Married,4,Urban,0,54451,665,821831,36,No,27630,148639,0.507,0
APP-03754,25,PhD,Business,Married,2,Semiurban,0,184152,700,2162827,24,No,104584,191691,0.568,1
APP-03755,28,Master,Business,Married,3,Urban,0,307003,492,1258662,36,No,44160,985691,0.144,1
APP-03756,55,Master,Business,Married,2,Semiurban,27,309166,578,327342,72,No,5599,1726563,0.018,1
APP-03757,33,Bachelor,Salaried,Married,0,Urban,5,148529,656,448117,12,Yes,45394,1186245,0.306,1
APP-03758,22,Bachelor,Salaried,Married,3,Rural,0,147517,583,2024202,60,No,38191,334629,0.259,1
APP-03759,45,Matric,Salaried,Married,1,Urban,22,158152,594,1282218,84,No,18337,894134,0.116,1
APP-03760,52,Intermediate,Salaried,Single,0,Urban,25,98758,783,2555122,12,Yes,261247,176758,2.645,0
APP-03761,25,Matric,Unemployed,Married,2,Rural,0,33842,630,637841,24,No,32700,270175,0.966,0
APP-03762,63,Master,Unemployed,Married,1,Urban,38,103356,599,2007366,72,No,35700,270795,0.345,0
APP-03763,53,Master,Business,Married,3,Semiurban,24,242351,649,445868,24,Yes,20519,147045,0.085,1
APP-03764,22,Matric,Self-employed,Married,0,Urban,0,199007,636,1961343,72,No,34504,1703082,0.173,1
APP-03765,50,Bachelor,Salaried,Married,1,Urban,23,146021,551,2526247,36,No,76242,409423,0.522,1
APP-03766,63,Bachelor,Salaried,Married,3,Rural,41,103432,679,2180904,24,Yes,103800,478398,1.004,0
APP-03767,35,Matric,Self-employed,Married,2,Urban,7,219935,797,997875,60,Yes,18496,658370,0.084,1
APP-03768,57,Bachelor,Salaried,Married,3,Semiurban,34,239585,641,2872877,48,No,68098,1367078,0.284,1
APP-03769,30,Master,Salaried,Married,1,Semiurban,6,96224,651,1565474,60,No,32221,451664,0.335,1
APP-03770,36,Master,Self-employed,Married,0,Semiurban,13,252372,647,1877794,84,Yes,26344,381695,0.104,0
APP-03771,28,PhD,Salaried,Married,1,Rural,0,182524,661,917359,12,No,83964,186841,0.46,1
APP-03772,28,Bachelor,Self-employed,Single,1,Semiurban,0,167230,636,2397526,48,Yes,61415,569471,0.367,1
APP-03773,49,Bachelor,Self-employed,Married,2,Urban,24,231234,736,1818074,84,No,23924,763867,0.103,1
APP-03774,26,Master,Unemployed,Single,0,Rural,2,67045,714,1587129,36,Yes,48953,41325,0.73,0
APP-03775,28,Master,Salaried,Single,0,Urban,6,175708,786,1819318,24,No,86722,1403019,0.494,1
APP-03776,36,Bachelor,Salaried,Married,1,Rural,8,210087,680,1426493,12,Yes,149792,25710,0.713,0
APP-03777,24,Bachelor,Salaried,Married,2,Urban,0,175507,710,1976134,36,Yes,70221,463106,0.4,1
APP-03778,57,Bachelor,Business,Married,2,Urban,31,196452,721,2886999,12,Yes,298454,1234120,1.519,1
APP-03779,50,Bachelor,Self-employed,Married,2,Semiurban,23,185751,731,1784911,12,No,183204,990146,0.986,1
APP-03780,45,Bachelor,Salaried,Married,2,Urban,20,131641,697,577226,72,Yes,9443,306700,0.072,1
APP-03781,44,Intermediate,Unemployed,Single,0,Urban,22,85653,439,1712284,60,No,34980,157323,0.408,0
APP-03782,61,Master,Salaried,Single,4,Semiurban,37,164455,674,1571778,60,No,28807,837309,0.175,1
APP-03783,61,Intermediate,Salaried,Married,4,Rural,39,229937,850,871072,12,No,91080,45294,0.396,1
APP-03784,31,Bachelor,Salaried,Married,4,Semiurban,9,99980,832,2164786,84,No,27992,766373,0.28,1
APP-03785,49,Matric,Business,Married,4,Semiurban,20,287409,643,2856617,36,Yes,99746,1683940,0.347,0
APP-03786,43,Bachelor,Unemployed,Single,3,Semiurban,15,53766,499,636325,36,Yes,21964,442768,0.409,0
APP-03787,39,Bachelor,Salaried,Single,4,Semiurban,11,187605,514,2264411,12,No,212129,484347,1.131,0
APP-03788,48,Bachelor,Salaried,Single,2,Semiurban,24,102165,728,1705608,72,No,30716,249551,0.301,1
APP-03789,63,Matric,Business,Married,4,Urban,38,212889,747,1208071,84,No,18368,613561,0.086,1
APP-03790,54,Bachelor,Salaried,Married,2,Rural,29,183872,714,1844882,12,No,179450,324075,0.976,1
APP-03791,59,Master,Salaried,Single,0,Semiurban,37,169300,712,2313026,84,No,35669,718724,0.211,1
APP-03792,56,Master,Salaried,Single,3,Semiurban,27,138852,648,2978875,12,No,282292,450016,2.033,0
APP-03793,31,Intermediate,Unemployed,Married,1,Urban,4,45956,642,892002,12,No,88129,126639,1.918,0
APP-03794,60,Matric,Salaried,Married,3,Semiurban,31,184615,730,294220,84,No,4391,457220,0.024,1
APP-03795,30,Master,Salaried,Single,2,Rural,4,202939,546,1042464,60,No,20233,12217,0.1,1
APP-03796,26,Master,Self-employed,Married,2,Urban,0,189639,693,1547804,48,No,41443,1034612,0.219,1
APP-03797,22,Matric,Salaried,Single,3,Semiurban,0,55548,628,1649261,12,No,149833,232084,2.697,0
APP-03798,32,Bachelor,Self-employed,Married,0,Urban,4,122007,640,1130450,24,No,60740,215003,0.498,0
APP-03799,33,Bachelor,Salaried,Single,1,Rural,7,153527,696,1106911,60,No,23113,439707,0.151,1
APP-03800,38,Intermediate,Business,Married,1,Semiurban,16,75300,594,2300685,12,No,211874,128288,2.814,0
APP-03801,29,Master,Salaried,Married,4,Rural,3,108522,691,1303063,60,No,24530,225184,0.226,1
APP-03802,34,PhD,Self-employed,Single,2,Semiurban,10,245374,712,1852802,12,No,182429,537505,0.743,0
APP-03803,39,Bachelor,Self-employed,Married,3,Semiurban,16,215178,820,1584161,36,No,53432,662888,0.248,1
APP-03804,46,Matric,Salaried,Married,0,Urban,23,209291,672,1171833,48,No,30558,1125773,0.146,1
APP-03805,36,Matric,Self-employed,Married,0,Semiurban,11,216991,598,461002,36,Yes,16165,1414121,0.074,0
APP-03806,45,Bachelor,Salaried,Single,3,Semiurban,20,176410,690,1571430,48,Yes,41891,287748,0.237,1
APP-03807,36,PhD,Business,Married,0,Urban,14,319896,686,2883965,12,Yes,298065,449875,0.932,1
APP-03808,29,Bachelor,Salaried,Single,1,Semiurban,5,101443,695,2519712,36,No,88745,866151,0.875,1
APP-03809,24,Intermediate,Salaried,Married,2,Semiurban,0,50495,694,261899,84,No,3908,224706,0.077,1
APP-03810,53,Master,Business,Married,3,Rural,31,357536,581,1257531,12,No,128497,666914,0.359,0
APP-03811,44,Matric,Salaried,Single,1,Semiurban,15,160511,679,1303170,36,No,43211,1305415,0.269,1
APP-03812,57,Bachelor,Salaried,Married,4,Rural,33,112481,659,1130897,48,Yes,26953,429631,0.24,1
APP-03813,48,Bachelor,Salaried,Married,3,Semiurban,24,186583,675,1977389,12,No,213390,697664,1.144,1
APP-03814,21,PhD,Salaried,Married,0,Semiurban,0,114094,630,2865598,36,Yes,93117,1011587,0.816,0
APP-03815,25,Bachelor,Business,Married,4,Urban,0,93818,616,2993627,48,No,75585,417796,0.806,0
APP-03816,51,Matric,Unemployed,Single,4,Urban,22,73149,430,2985834,48,No,72553,360586,0.992,0
APP-03817,41,Bachelor,Salaried,Single,2,Semiurban,12,173347,741,2404954,72,Yes,37075,1177370,0.214,1
APP-03818,28,Bachelor,Salaried,Single,4,Semiurban,2,167874,646,1203177,12,Yes,123570,275895,0.736,0
APP-03819,41,Intermediate,Salaried,Single,0,Urban,18,90523,434,2209847,84,No,30073,610081,0.332,0
APP-03820,28,Bachelor,Salaried,Single,4,Semiurban,4,202759,675,2955231,36,Yes,97686,1413407,0.482,0
APP-03821,25,Intermediate,Unemployed,Married,2,Semiurban,2,33872,577,2218639,72,No,35867,277657,1.059,0
APP-03822,25,Intermediate,Salaried,Married,0,Urban,1,152964,606,273292,48,Yes,6243,1254754,0.041,1
APP-03823,31,Bachelor,Self-employed,Single,3,Rural,7,77676,586,151697,48,Yes,3625,637403,0.047,0
APP-03824,45,Master,Salaried,Single,0,Urban,16,123515,666,1667131,84,Yes,22495,67379,0.182,1
APP-03825,46,Bachelor,Unemployed,Single,2,Urban,19,82025,361,1761573,60,No,37087,174512,0.452,0
APP-03826,45,Intermediate,Salaried,Single,4,Semiurban,22,69083,756,2595772,12,No,244703,474345,3.542,0
APP-03827,49,Bachelor,Salaried,Married,2,Urban,26,199713,789,428792,72,No,7666,1206381,0.038,1
APP-03828,24,Intermediate,Business,Married,1,Semiurban,0,204563,554,588965,48,No,14615,1045971,0.071,1
APP-03829,61,Intermediate,Salaried,Married,4,Urban,35,132137,777,2566529,12,No,254414,663241,1.925,0
APP-03830,64,Bachelor,Salaried,Married,3,Urban,42,194342,589,487994,84,No,7006,657190,0.036,1
APP-03831,43,Master,Business,Single,1,Urban,20,126958,652,2423374,48,Yes,62267,1054553,0.49,1
APP-03832,57,Bachelor,Self-employed,Married,2,Rural,31,229117,770,1052105,48,Yes,28301,517802,0.124,1
APP-03833,47,Intermediate,Business,Single,4,Semiurban,18,117065,547,1872117,12,Yes,191371,214445,1.635,0
APP-03834,58,PhD,Self-employed,Single,4,Urban,33,316656,803,456757,72,No,7894,496871,0.025,1
APP-03835,48,Matric,Salaried,Single,0,Urban,26,64685,755,1512178,36,No,47045,325401,0.727,1
APP-03836,57,Bachelor,Salaried,Single,1,Urban,31,189806,590,813685,24,Yes,41928,860259,0.221,1
APP-03837,30,Bachelor,Salaried,Single,4,Semiurban,4,154269,648,1901899,36,No,60919,328473,0.395,0
APP-03838,24,Bachelor,Salaried,Married,1,Semiurban,0,77755,559,2274412,48,No,60450,676238,0.777,1
APP-03839,30,Intermediate,Salaried,Married,0,Semiurban,7,54627,742,2882031,84,No,39586,360794,0.725,0
APP-03840,39,Bachelor,Self-employed,Married,2,Rural,16,76839,772,770008,36,No,26637,200798,0.347,1
APP-03841,24,Bachelor,Salaried,Single,1,Rural,0,188820,738,2168299,60,Yes,42139,1099284,0.223,1
APP-03842,62,Master,Self-employed,Married,4,Semiurban,35,138439,702,1847625,60,No,39752,1160240,0.287,1
APP-03843,31,Bachelor,Salaried,Married,1,Urban,2,187480,679,867748,24,No,39705,781187,0.212,1
APP-03844,51,PhD,Self-employed,Married,0,Rural,29,177603,562,2085427,12,No,216779,1396426,1.221,0
APP-03845,49,Intermediate,Salaried,Married,4,Semiurban,24,189870,674,2365767,24,Yes,122615,202646,0.646,0
APP-03846,62,Bachelor,Salaried,Single,1,Rural,38,209813,526,1399324,24,No,67556,139980,0.322,1
APP-03847,36,Bachelor,Salaried,Married,3,Urban,9,72403,728,1517808,60,No,29556,124507,0.408,1
APP-03848,22,Bachelor,Salaried,Single,4,Semiurban,0,65806,711,1315464,24,Yes,64503,365741,0.98,0
APP-03849,57,Master,Business,Married,4,Rural,32,230285,748,2822502,48,No,65966,1270346,0.286,1
APP-03850,30,Master,Self-employed,Single,4,Urban,3,249362,705,2155164,24,No,115970,1782486,0.465,1
APP-03851,43,Master,Salaried,Married,4,Urban,21,129335,468,2518837,24,Yes,126118,168699,0.975,0
APP-03852,24,Intermediate,Salaried,Married,2,Urban,2,112079,701,454517,12,Yes,43331,131436,0.387,0
APP-03853,26,Bachelor,Salaried,Married,1,Semiurban,0,175241,668,1558588,36,Yes,49056,1129248,0.28,1
APP-03854,56,PhD,Salaried,Single,0,Semiurban,31,264661,658,1125684,24,No,57151,1850640,0.216,1
APP-03855,53,Matric,Self-employed,Single,3,Urban,27,148656,674,1458879,12,Yes,146241,1336516,0.984,0
APP-03856,22,Intermediate,Salaried,Married,0,Urban,0,142572,591,247420,48,Yes,6254,1227302,0.044,1
APP-03857,49,Bachelor,Self-employed,Single,3,Semiurban,25,222774,639,297560,24,Yes,14354,1367851,0.064,0
APP-03858,64,Matric,Business,Married,2,Rural,36,293887,654,965262,24,No,49292,1653895,0.168,1
APP-03859,63,Intermediate,Business,Married,0,Semiurban,41,182188,601,375680,24,No,17594,141493,0.097,1
APP-03860,45,Bachelor,Salaried,Single,3,Rural,22,121992,692,901412,48,No,24361,206198,0.2,1
APP-03861,29,Bachelor,Unemployed,Married,4,Urban,6,46235,665,2865522,36,No,97539,191363,2.11,0
APP-03862,48,Matric,Business,Single,0,Semiurban,22,162153,730,1135424,12,Yes,104141,1108302,0.642,1
APP-03863,21,Master,Salaried,Single,0,Semiurban,0,131816,678,1404430,84,Yes,21028,641940,0.16,1
APP-03864,46,Bachelor,Salaried,Married,0,Semiurban,18,133039,502,102892,84,No,1453,353069,0.011,1
APP-03865,26,Master,Salaried,Married,1,Urban,3,99106,737,1789142,72,No,27126,859151,0.274,1
APP-03866,63,Bachelor,Business,Married,0,Urban,39,173802,788,2163566,48,Yes,57387,1034463,0.33,1
APP-03867,55,Bachelor,Salaried,Married,4,Rural,26,170746,658,626665,12,No,59357,1369724,0.348,1
APP-03868,53,Intermediate,Salaried,Married,1,Semiurban,28,91122,578,663280,36,No,23836,134542,0.262,1
APP-03869,33,Master,Unemployed,Married,4,Semiurban,11,73639,508,1000203,48,No,24129,409886,0.328,0
APP-03870,54,Intermediate,Salaried,Single,1,Semiurban,29,114283,722,833996,60,Yes,16558,182822,0.145,1
APP-03871,49,Bachelor,Salaried,Married,1,Semiurban,25,185806,530,1456736,72,No,26160,1517866,0.141,1
APP-03872,58,Bachelor,Self-employed,Single,2,Rural,34,109497,605,332908,84,Yes,4967,661506,0.045,0
APP-03873,33,Bachelor,Self-employed,Married,3,Semiurban,8,213233,690,1552823,60,No,30763,883326,0.144,1
APP-03874,34,Master,Salaried,Single,1,Semiurban,11,91438,744,2848858,72,Yes,42988,603501,0.47,1
APP-03875,63,Master,Business,Married,1,Urban,36,276741,647,1657613,24,No,84396,998479,0.305,1
APP-03876,46,PhD,Salaried,Married,4,Urban,17,229174,649,254654,24,No,11753,1359125,0.051,1
APP-03877,29,Bachelor,Unemployed,Married,0,Semiurban,2,57587,569,876670,72,No,15278,143655,0.265,0
APP-03878,48,Matric,Self-employed,Married,4,Urban,23,89064,660,2399506,36,Yes,74381,137547,0.835,0
APP-03879,35,Bachelor,Salaried,Married,1,Semiurban,13,136826,655,774110,24,Yes,36924,995575,0.27,1
APP-03880,28,Intermediate,Self-employed,Married,2,Rural,4,140390,566,1610128,48,Yes,37277,991167,0.266,0
APP-03881,30,Master,Unemployed,Single,4,Urban,6,70094,789,257853,48,No,6235,264341,0.089,1
APP-03882,32,Bachelor,Salaried,Married,4,Semiurban,7,115757,719,2362971,24,No,112709,495334,0.974,1
APP-03883,57,Intermediate,Salaried,Married,0,Semiurban,32,118028,769,487215,12,Yes,46293,456189,0.392,1
APP-03884,48,Bachelor,Business,Single,0,Semiurban,22,190378,703,1377538,48,No,35565,1375472,0.187,1
APP-03885,39,PhD,Salaried,Married,0,Semiurban,12,182738,594,138275,36,No,4576,1273946,0.025,1
APP-03886,61,Bachelor,Unemployed,Married,0,Rural,34,118250,512,745224,36,No,23609,732842,0.2,1
APP-03887,52,Master,Salaried,Married,0,Urban,23,229282,621,113467,36,No,3923,1735967,0.017,1
APP-03888,29,Master,Salaried,Married,3,Urban,6,126123,647,2408242,12,No,232386,550236,1.843,1
APP-03889,39,Master,Salaried,Single,1,Rural,15,155472,648,1931747,12,No,188207,108275,1.211,0
APP-03890,35,Matric,Business,Married,1,Urban,7,187602,789,1386047,24,Yes,65490,1443706,0.349,1
APP-03891,28,Bachelor,Salaried,Single,4,Urban,0,110471,797,1257607,60,No,25664,441498,0.232,1
APP-03892,30,Intermediate,Salaried,Married,2,Rural,2,116267,713,2941369,36,Yes,88506,191551,0.761,0
APP-03893,23,Master,Business,Single,4,Rural,0,178760,732,946402,24,Yes,46368,1359040,0.259,1
APP-03894,36,Bachelor,Salaried,Single,3,Semiurban,7,66508,568,900751,36,No,31435,96384,0.473,0
APP-03895,58,Master,Business,Married,2,Urban,31,359801,693,2175561,12,No,226183,1351826,0.629,1
APP-03896,47,Bachelor,Salaried,Single,1,Urban,24,226830,608,1326948,36,No,45920,520054,0.202,1
APP-03897,63,Intermediate,Business,Married,0,Semiurban,41,205458,613,2993980,36,Yes,96800,1749738,0.471,0
APP-03898,29,Master,Business,Single,3,Urban,1,300484,663,2844051,60,No,53491,440273,0.178,1
APP-03899,37,Matric,Business,Married,0,Rural,12,199579,644,2265757,84,Yes,33916,1732625,0.17,0
APP-03900,43,Matric,Salaried,Single,4,Urban,14,120271,547,152585,60,Yes,3244,79193,0.027,0
APP-03901,26,Master,Salaried,Single,2,Semiurban,0,142439,631,1402226,12,Yes,129166,894604,0.907,0
APP-03902,24,Master,Salaried,Single,2,Semiurban,1,81806,698,234273,60,Yes,4867,48099,0.059,1
APP-03903,63,PhD,Business,Single,0,Urban,39,301893,688,1498307,36,No,46495,2106130,0.154,1
APP-03904,50,Matric,Business,Married,4,Rural,28,276568,791,2341780,48,No,60862,1892782,0.22,1
APP-03905,42,Master,Business,Married,3,Rural,15,254751,553,875628,24,No,45880,2197149,0.18,1
APP-03906,28,Bachelor,Salaried,Single,2,Urban,2,167781,726,2865777,48,No,73358,174125,0.437,1
APP-03907,42,Bachelor,Salaried,Married,2,Semiurban,20,230058,660,1235050,36,No,43204,1553082,0.188,1
APP-03908,31,Bachelor,Self-employed,Single,4,Semiurban,5,96361,585,2062593,12,No,197093,35877,2.045,0
APP-03909,28,Bachelor,Self-employed,Single,2,Urban,1,88470,694,1721470,12,No,183478,767791,2.074,1
APP-03910,29,Bachelor,Self-employed,Married,0,Urban,0,217863,794,2228944,48,Yes,50152,508454,0.23,1
APP-03911,29,Master,Salaried,Single,0,Rural,4,181189,634,1172799,84,Yes,15310,1262113,0.084,0
APP-03912,23,Intermediate,Salaried,Married,1,Semiurban,0,174448,785,2965753,84,Yes,43357,1131601,0.249,1
APP-03913,23,Bachelor,Self-employed,Married,2,Semiurban,1,135709,538,1174503,84,Yes,16581,690461,0.122,0
APP-03914,38,Matric,Salaried,Married,1,Semiurban,11,101274,628,2034369,48,Yes,49308,34486,0.487,0
APP-03915,40,Bachelor,Salaried,Single,2,Rural,16,136417,632,2107744,72,Yes,38046,747768,0.279,1
APP-03916,58,Bachelor,Salaried,Single,4,Rural,31,151653,657,607366,60,No,12890,793175,0.085,1
APP-03917,46,Intermediate,Self-employed,Married,3,Urban,17,182682,850,1950306,60,Yes,37183,1325927,0.204,1
APP-03918,59,Bachelor,Business,Married,1,Rural,36,309380,762,1929443,36,Yes,68200,1360794,0.22,1
APP-03919,46,Bachelor,Salaried,Married,4,Urban,22,196208,640,2405719,48,Yes,62913,933449,0.321,0
APP-03920,59,Bachelor,Business,Single,2,Semiurban,34,134260,695,607805,36,Yes,18534,451043,0.138,1
APP-03921,56,Bachelor,Salaried,Married,2,Urban,29,151227,690,1848276,84,No,23770,846691,0.157,1
APP-03922,25,Intermediate,Salaried,Married,0,Rural,2,46250,724,1597617,24,No,80462,258990,1.74,1
APP-03923,54,Bachelor,Self-employed,Single,2,Rural,32,209522,599,2618360,60,No,51576,1861655,0.246,1
APP-03924,25,Master,Salaried,Married,0,Urban,0,88137,645,105861,84,Yes,1570,660297,0.018,1
APP-03925,31,Bachelor,Salaried,Single,0,Urban,2,152594,583,2280684,60,No,48202,1257691,0.316,1
APP-03926,57,Master,Unemployed,Married,2,Urban,31,114209,643,1814770,48,No,46923,90396,0.411,0
APP-03927,37,Intermediate,Salaried,Married,2,Semiurban,10,141639,784,1933979,60,Yes,39757,738999,0.281,1
APP-03928,42,Intermediate,Salaried,Married,1,Rural,17,140514,622,2820012,12,Yes,283183,822029,2.015,0
APP-03929,26,Master,Business,Married,3,Rural,0,186551,664,2050126,84,No,30318,21742,0.163,1
APP-03930,45,Bachelor,Self-employed,Single,1,Rural,21,227609,648,1539430,36,No,48447,1344241,0.213,1
APP-03931,29,PhD,Self-employed,Married,0,Urban,1,225016,694,2845608,84,No,41985,823412,0.187,1
APP-03932,21,Bachelor,Salaried,Married,1,Urban,0,149134,733,768106,84,No,11739,1330485,0.079,1
APP-03933,59,Bachelor,Self-employed,Single,0,Semiurban,33,115902,688,1311711,24,No,67035,868915,0.578,1
APP-03934,25,Matric,Self-employed,Single,4,Semiurban,0,122146,651,1107259,60,No,22750,631857,0.186,1
APP-03935,36,Bachelor,Unemployed,Married,1,Semiurban,9,53616,393,2536460,24,No,116925,433273,2.181,0
APP-03936,26,Bachelor,Self-employed,Married,2,Urban,0,209054,684,1310375,24,No,69881,206451,0.334,1
APP-03937,34,Master,Unemployed,Married,3,Urban,6,72202,594,2855263,24,Yes,134514,147575,1.863,0
APP-03938,53,Bachelor,Salaried,Single,4,Semiurban,27,184971,628,2847109,72,No,45925,416713,0.248,1
APP-03939,47,Bachelor,Salaried,Single,0,Rural,23,169513,614,2219540,60,Yes,43003,656309,0.254,1
APP-03940,21,Master,Self-employed,Married,2,Semiurban,0,73885,616,2203794,84,No,30101,572284,0.407,0
APP-03941,57,Master,Self-employed,Single,3,Rural,30,212009,654,2934325,72,No,45952,1613964,0.217,1
APP-03942,27,Matric,Salaried,Married,2,Rural,5,157425,711,483823,60,Yes,8781,815367,0.056,1
APP-03943,40,Matric,Salaried,Single,3,Semiurban,15,149013,655,1614773,24,No,85341,176086,0.573,1
APP-03944,29,Intermediate,Self-employed,Married,2,Urban,7,85201,635,669227,72,No,11125,189967,0.131,1
APP-03945,56,Master,Salaried,Single,0,Rural,33,146124,546,2727748,12,Yes,276711,1211279,1.894,0
APP-03946,55,Intermediate,Salaried,Single,4,Semiurban,29,109458,850,833893,48,No,22397,851257,0.205,1
APP-03947,60,Master,Business,Married,0,Urban,34,384122,728,2180883,36,No,66805,1772558,0.174,1
APP-03948,33,Matric,Salaried,Single,1,Urban,7,67247,691,2591442,24,No,134492,340879,2.0,0
APP-03949,31,Bachelor,Business,Single,4,Urban,6,287815,741,2432933,72,Yes,38392,1897560,0.133,1
APP-03950,54,Master,Salaried,Married,4,Urban,28,184057,659,2030505,24,No,107076,1443406,0.582,1
APP-03951,45,Bachelor,Self-employed,Married,3,Semiurban,17,128733,703,1414907,60,Yes,29989,634002,0.233,1
APP-03952,49,Master,Salaried,Single,1,Rural,24,217531,495,2592206,60,Yes,47726,429887,0.219,1
APP-03953,53,PhD,Salaried,Single,3,Semiurban,24,173774,589,2827987,12,No,280535,1563316,1.614,0
APP-03954,61,Master,Business,Married,3,Rural,34,173408,656,1155799,84,Yes,17452,368868,0.101,1
APP-03955,36,Matric,Salaried,Married,1,Urban,13,98940,609,558939,72,No,9037,595085,0.091,1
APP-03956,51,Master,Business,Married,2,Semiurban,23,268469,550,2245281,60,No,41527,348122,0.155,1
APP-03957,23,Master,Salaried,Married,0,Urban,0,132878,763,250165,24,Yes,11436,229323,0.086,1
APP-03958,22,PhD,Business,Married,2,Urban,0,184259,645,1504583,60,Yes,31182,290324,0.169,0
APP-03959,38,Bachelor,Salaried,Married,2,Urban,11,88918,558,2896917,84,No,39100,464598,0.44,1
APP-03960,60,Master,Salaried,Married,0,Rural,38,249365,850,1603177,84,Yes,23909,1815331,0.096,1
APP-03961,24,Bachelor,Unemployed,Married,3,Semiurban,2,57327,496,1859414,84,No,23990,428007,0.418,0
APP-03962,59,Bachelor,Business,Single,2,Rural,32,361440,759,566809,36,No,18117,488320,0.05,1
APP-03963,27,Master,Self-employed,Married,3,Urban,0,69920,775,2949262,48,Yes,79078,451005,1.131,0
APP-03964,62,Bachelor,Unemployed,Married,1,Urban,35,82786,530,944468,12,Yes,91008,647342,1.099,0
APP-03965,45,Master,Salaried,Single,0,Semiurban,18,179458,690,720527,36,No,25619,1533269,0.143,1
APP-03966,28,PhD,Salaried,Single,1,Urban,3,139240,597,1410725,84,No,20237,606762,0.145,1
APP-03967,61,Bachelor,Self-employed,Married,0,Urban,34,287458,693,1715041,24,No,85897,26551,0.299,1
APP-03968,35,Master,Salaried,Married,2,Urban,11,171130,588,2801022,36,No,84473,1303294,0.494,0
APP-03969,54,Master,Self-employed,Married,4,Semiurban,30,231082,702,1535220,36,No,47145,1843368,0.204,1
APP-03970,21,Bachelor,Self-employed,Married,1,Rural,0,211913,573,1065453,48,Yes,28093,1866217,0.133,0
APP-03971,57,Master,Unemployed,Single,2,Urban,33,127151,666,483351,12,Yes,49429,150541,0.389,0
APP-03972,39,Master,Business,Single,2,Semiurban,17,221482,515,1293732,48,No,31864,1366326,0.144,1
APP-03973,55,Matric,Business,Single,1,Rural,33,177648,697,2086952,24,No,112620,1092182,0.634,0
APP-03974,53,Intermediate,Salaried,Married,1,Semiurban,31,139245,677,948762,12,No,93432,589218,0.671,1
APP-03975,38,Intermediate,Self-employed,Married,0,Rural,11,58287,775,2381546,36,Yes,82820,373847,1.421,0
APP-03976,47,PhD,Self-employed,Married,0,Urban,23,208244,635,1300521,48,Yes,30459,68758,0.146,0
APP-03977,49,Bachelor,Salaried,Single,2,Rural,27,142943,683,1989587,84,Yes,28290,1100314,0.198,1
APP-03978,31,PhD,Self-employed,Married,2,Semiurban,6,185426,468,1693140,60,No,32087,254008,0.173,1
APP-03979,49,Bachelor,Self-employed,Single,3,Semiurban,21,197295,554,909530,24,No,45133,346944,0.229,1
APP-03980,54,Bachelor,Salaried,Married,2,Rural,25,217574,718,2870538,48,No,66491,73035,0.306,1
APP-03981,60,Matric,Salaried,Single,3,Urban,37,122394,728,2192592,24,Yes,99481,998995,0.813,1
APP-03982,21,Master,Unemployed,Single,3,Rural,0,61110,522,2245460,24,Yes,104637,245146,1.712,0
APP-03983,61,Bachelor,Salaried,Married,2,Semiurban,38,120816,680,1634748,12,No,154733,224244,1.281,0
APP-03984,24,Intermediate,Salaried,Married,1,Urban,0,59082,682,398371,48,No,10311,53553,0.175,0
APP-03985,26,Bachelor,Salaried,Married,2,Semiurban,3,114532,730,2555969,12,Yes,263681,859358,2.302,1
APP-03986,38,Bachelor,Salaried,Married,3,Urban,14,140498,710,2237959,12,No,211873,478240,1.508,1
APP-03987,28,Intermediate,Business,Single,3,Semiurban,3,157150,718,1991515,84,No,26715,1297557,0.17,1
APP-03988,40,Bachelor,Business,Single,0,Rural,11,135905,675,283245,84,Yes,3923,595710,0.029,1
APP-03989,32,Bachelor,Salaried,Married,1,Urban,3,191264,815,222587,12,No,20349,1152295,0.106,1
APP-03990,47,Master,Salaried,Married,2,Urban,22,237248,777,2830251,60,No,52539,855431,0.221,1
APP-03991,47,Bachelor,Business,Married,2,Semiurban,18,190339,610,1993458,48,No,48052,768574,0.252,1
APP-03992,37,Master,Business,Single,3,Urban,14,266275,736,1633765,24,No,82368,294645,0.309,1
APP-03993,27,PhD,Business,Married,0,Urban,0,254151,676,2421956,24,No,125140,562255,0.492,1
APP-03994,35,Bachelor,Salaried,Married,2,Urban,13,78853,641,2654418,84,No,35672,218805,0.452,0
APP-03995,34,Master,Unemployed,Single,4,Semiurban,5,77130,429,1618431,48,Yes,42923,285279,0.557,0
APP-03996,25,Bachelor,Self-employed,Married,1,Urban,2,79752,594,2297085,84,Yes,31624,26844,0.397,0
APP-03997,24,Intermediate,Salaried,Single,0,Urban,0,45445,721,997026,72,No,17472,15479,0.384,1
APP-03998,50,Bachelor,Salaried,Married,1,Urban,28,150167,610,1811851,36,Yes,56162,484045,0.374,0
APP-03999,35,Intermediate,Business,Married,3,Semiurban,10,104167,821,2704386,60,No,55799,627699,0.536,1
APP-04000,54,Intermediate,Salaried,Married,0,Urban,28,166164,681,2923994,60,Yes,53735,872729,0.323,1
APP-04001,31,Intermediate,Salaried,Married,2,Urban,4,137898,758,2968004,24,Yes,155429,1232560,1.127,1
APP-04002,26,Bachelor,Salaried,Single,4,Urban,0,92173,769,1684604,72,No,28319,39598,0.307,1
APP-04003,42,PhD,Salaried,Single,1,Urban,14,190523,782,1391009,12,No,144176,1031517,0.757,1
APP-04004,38,Intermediate,Salaried,Married,2,Urban,9,85780,558,1821662,12,No,190095,147300,2.216,0
APP-04005,25,Matric,Business,Single,3,Semiurban,1,145708,546,2848392,12,No,306714,1204517,2.105,0
APP-04006,31,Bachelor,Self-employed,Married,4,Urban,4,200502,745,1436841,84,No,20200,1546971,0.101,1
APP-04007,59,Matric,Self-employed,Married,3,Urban,34,107390,778,342841,84,No,4591,771055,0.043,1
APP-04008,22,Bachelor,Salaried,Married,0,Semiurban,0,146885,682,1748680,36,No,55830,1082477,0.38,1
APP-04009,57,Intermediate,Business,Single,2,Urban,29,337966,678,2731073,24,Yes,140921,1374361,0.417,0
APP-04010,45,Intermediate,Self-employed,Married,4,Rural,19,143810,704,2754536,72,No,42594,57486,0.296,0
APP-04011,34,Master,Salaried,Single,1,Rural,9,190931,751,1057540,24,Yes,53123,1269090,0.278,1
APP-04012,38,Matric,Salaried,Single,2,Urban,15,66892,622,2252168,48,Yes,51826,424842,0.775,0
APP-04013,53,Intermediate,Salaried,Married,1,Semiurban,28,161451,568,467079,12,Yes,44313,1412229,0.274,0
APP-04014,32,Master,Salaried,Single,2,Rural,3,131211,700,1358672,60,Yes,26079,343593,0.199,1
APP-04015,54,Intermediate,Salaried,Single,2,Rural,26,163515,635,101773,24,No,5082,1213568,0.031,1
APP-04016,60,Bachelor,Salaried,Single,0,Urban,35,119543,496,968943,24,No,50246,677344,0.42,1
APP-04017,35,Matric,Self-employed,Married,2,Urban,13,137239,681,2697080,12,Yes,277586,1030321,2.023,0
APP-04018,36,Intermediate,Self-employed,Single,2,Semiurban,7,75879,663,1640069,24,Yes,78770,406644,1.038,0
APP-04019,25,Intermediate,Salaried,Single,1,Rural,2,180436,683,2457433,84,Yes,37440,375436,0.207,1
APP-04020,62,Intermediate,Self-employed,Single,3,Rural,34,195122,732,2655273,72,Yes,47709,883253,0.245,1
APP-04021,41,Intermediate,Salaried,Married,2,Urban,14,101677,557,1857587,84,Yes,25003,767708,0.246,0
APP-04022,41,Bachelor,Business,Single,3,Semiurban,15,329336,616,2230313,48,No,59736,608901,0.181,1
APP-04023,59,Intermediate,Business,Married,1,Semiurban,36,172853,596,832442,36,Yes,27984,1134013,0.162,0
APP-04024,45,Master,Self-employed,Married,0,Rural,19,212444,688,2367719,84,Yes,33726,1592297,0.159,1
APP-04025,54,Bachelor,Self-employed,Married,2,Urban,29,147735,600,1801214,48,No,47461,172335,0.321,0
APP-04026,37,Bachelor,Business,Single,0,Semiurban,11,192259,508,1751946,48,No,42672,885047,0.222,1
APP-04027,30,Bachelor,Business,Married,4,Urban,6,243226,710,2923877,48,No,76952,1152017,0.316,1
APP-04028,54,Bachelor,Salaried,Married,1,Rural,27,238332,612,2366661,60,Yes,42647,1265381,0.179,1
APP-04029,30,Master,Salaried,Single,3,Semiurban,5,220951,645,599268,36,Yes,19933,1663415,0.09,1
APP-04030,49,Bachelor,Self-employed,Single,4,Urban,23,190213,659,107555,48,No,2572,1501902,0.014,1
APP-04031,40,Master,Unemployed,Married,0,Semiurban,14,81915,603,394091,72,Yes,7081,404220,0.086,0
APP-04032,26,Intermediate,Self-employed,Married,3,Rural,2,187305,715,2739749,24,No,144013,1182648,0.769,0
APP-04033,25,Master,Self-employed,Married,3,Semiurban,0,244556,595,2171680,24,Yes,112274,1605792,0.459,0
APP-04034,50,Master,Self-employed,Married,0,Semiurban,21,168571,613,1727965,60,Yes,31205,749963,0.185,1
APP-04035,32,Matric,Salaried,Single,1,Semiurban,7,97563,748,1552258,72,No,24653,495651,0.253,1
APP-04036,42,Bachelor,Salaried,Married,2,Rural,14,216804,837,1042222,36,Yes,36820,1623868,0.17,1
APP-04037,64,Master,Salaried,Married,3,Semiurban,39,274097,666,1501904,48,Yes,39916,1584442,0.146,1
APP-04038,32,Bachelor,Salaried,Single,4,Semiurban,3,82214,569,1398787,24,Yes,64713,121065,0.787,0
APP-04039,51,Bachelor,Self-employed,Married,2,Semiurban,25,231115,567,2853835,84,No,42973,1283277,0.186,1
APP-04040,35,Bachelor,Salaried,Single,2,Urban,8,128801,495,2189584,60,Yes,42229,514933,0.328,0
APP-04041,58,Bachelor,Business,Married,4,Semiurban,31,344260,722,529235,12,Yes,47874,1152668,0.139,1
APP-04042,28,Matric,Business,Married,0,Urban,0,151901,532,2293406,48,No,57261,920689,0.377,0
APP-04043,46,Master,Business,Married,0,Urban,22,179736,694,238497,60,No,4462,292374,0.025,1
APP-04044,60,Bachelor,Self-employed,Married,4,Semiurban,34,175712,730,2725718,24,No,136120,679193,0.775,1
APP-04045,36,Intermediate,Salaried,Single,4,Urban,9,94239,643,1165617,36,No,39033,606259,0.414,0
APP-04046,51,Intermediate,Business,Married,0,Urban,24,223431,642,1240700,24,Yes,65162,1106836,0.292,0
APP-04047,48,Intermediate,Salaried,Married,2,Rural,26,101054,756,936921,24,No,48795,90431,0.483,1
APP-04048,61,Master,Salaried,Married,2,Rural,39,251692,742,687715,24,No,32054,1218856,0.127,1
APP-04049,43,Bachelor,Business,Married,1,Rural,15,324705,804,534139,72,No,8120,239348,0.025,1
APP-04050,63,Matric,Salaried,Married,2,Semiurban,37,161268,671,2199793,72,Yes,36934,742034,0.229,1
APP-04051,56,Bachelor,Salaried,Married,4,Rural,27,221798,681,214769,72,Yes,3584,1589371,0.016,1
APP-04052,26,Bachelor,Self-employed,Married,3,Semiurban,0,146147,675,583996,48,No,13161,1252413,0.09,1
APP-04053,36,Bachelor,Salaried,Single,0,Urban,11,188869,672,2169961,12,No,223388,409705,1.183,1
APP-04054,58,Matric,Salaried,Married,1,Urban,31,141865,655,1372503,48,No,33999,1114888,0.24,1
APP-04055,45,Intermediate,Self-employed,Married,1,Urban,23,94734,847,1965976,84,Yes,26237,510990,0.277,1
APP-04056,43,Intermediate,Salaried,Single,3,Semiurban,14,117314,610,2233174,72,No,36663,885979,0.313,0
APP-04057,50,Bachelor,Business,Married,3,Urban,25,149288,694,923868,84,Yes,13752,32264,0.092,1
APP-04058,51,Matric,Self-employed,Married,3,Urban,22,100639,642,1031988,72,Yes,17318,774515,0.172,0
APP-04059,55,Matric,Salaried,Married,2,Urban,26,126611,734,714803,36,No,21717,346274,0.172,1
APP-04060,30,Matric,Salaried,Married,2,Semiurban,7,170934,791,1357617,72,No,21212,972412,0.124,1
APP-04061,60,Bachelor,Business,Single,1,Urban,35,300133,605,311541,24,No,15740,1967521,0.052,1
APP-04062,40,Matric,Self-employed,Married,1,Urban,14,85927,574,132681,48,No,3154,241268,0.037,1
APP-04063,52,Bachelor,Self-employed,Single,0,Rural,30,269828,580,2026819,60,No,41020,2252900,0.152,1
APP-04064,58,Intermediate,Salaried,Married,1,Semiurban,32,92295,705,1090162,36,No,33325,647776,0.361,1
APP-04065,31,Master,Salaried,Married,0,Rural,9,193068,823,1482743,12,Yes,134004,1053038,0.694,1
APP-04066,28,Intermediate,Salaried,Married,1,Semiurban,1,132032,579,2542461,72,Yes,45120,857522,0.342,0
APP-04067,64,Master,Unemployed,Single,2,Rural,39,135784,665,2469199,48,Yes,58146,804926,0.428,0
APP-04068,24,Bachelor,Salaried,Married,2,Rural,2,170541,729,446193,84,No,6092,28909,0.036,1
APP-04069,48,Intermediate,Salaried,Married,1,Semiurban,21,82212,710,840624,36,No,25998,612533,0.316,1
APP-04070,26,Master,Unemployed,Single,4,Semiurban,1,69036,447,2221911,84,Yes,33914,503562,0.491,0
APP-04071,28,PhD,Self-employed,Married,4,Urban,6,140439,540,2306947,12,Yes,228390,234028,1.626,0
APP-04072,57,Master,Salaried,Married,4,Urban,33,259006,755,752900,48,No,17116,1005204,0.066,1
APP-04073,29,Matric,Unemployed,Single,0,Urban,2,19803,596,2827463,84,No,40892,83961,2.065,0
APP-04074,39,Bachelor,Salaried,Married,2,Semiurban,11,121322,680,249128,24,No,11279,51388,0.093,1
APP-04075,61,PhD,Salaried,Married,4,Urban,33,164886,746,262879,12,No,24785,279067,0.15,1
APP-04076,26,Bachelor,Business,Married,0,Urban,0,288051,624,1245126,72,Yes,20255,407659,0.07,1
APP-04077,64,Bachelor,Business,Single,0,Urban,40,294549,646,2164499,36,Yes,70078,1632469,0.238,1
APP-04078,33,Matric,Self-employed,Married,0,Semiurban,9,143159,756,1336329,48,Yes,34755,74048,0.243,1
APP-04079,47,Bachelor,Business,Single,4,Rural,23,306008,671,1913001,24,No,92323,2201989,0.302,1
APP-04080,31,Bachelor,Salaried,Single,3,Urban,8,188466,720,2717984,36,Yes,85554,768691,0.454,1
APP-04081,63,Master,Salaried,Married,4,Semiurban,38,234528,674,160914,60,No,2971,1587212,0.013,1
APP-04082,49,Intermediate,Self-employed,Married,3,Urban,25,181511,713,2520018,60,Yes,45605,1447781,0.251,1
APP-04083,60,Bachelor,Unemployed,Single,0,Urban,35,116848,512,2637613,36,Yes,87804,597503,0.751,0
APP-04084,40,PhD,Self-employed,Single,3,Semiurban,16,215951,649,183996,72,No,3160,1189748,0.015,1
APP-04085,29,Intermediate,Salaried,Married,1,Rural,3,139639,775,468524,84,No,6594,976410,0.047,1
APP-04086,41,Bachelor,Business,Married,0,Urban,19,287817,760,964512,24,No,44462,1715765,0.154,1
APP-04087,39,Bachelor,Salaried,Single,4,Rural,14,100814,678,2077276,48,Yes,46898,433754,0.465,0
APP-04088,53,Matric,Salaried,Married,4,Rural,31,121113,605,2593792,12,No,241539,872963,1.994,0
APP-04089,56,Matric,Business,Married,2,Rural,29,206494,649,1466969,48,No,39357,1255029,0.191,1
APP-04090,39,Intermediate,Business,Married,2,Semiurban,17,198458,810,2551720,12,No,249770,495548,1.259,1
APP-04091,34,Matric,Self-employed,Married,1,Urban,11,82251,635,224289,60,Yes,4765,316029,0.058,0
APP-04092,36,Intermediate,Unemployed,Married,2,Semiurban,9,55603,777,2949590,60,Yes,59987,110865,1.079,0
APP-04093,33,Bachelor,Salaried,Married,3,Urban,7,168002,698,2898734,36,No,90315,1075709,0.538,1
APP-04094,49,Bachelor,Salaried,Single,1,Urban,27,101615,617,848443,24,No,43028,125126,0.423,1
APP-04095,21,Intermediate,Self-employed,Married,1,Rural,0,198388,662,1816224,60,Yes,37841,213382,0.191,1
APP-04096,51,PhD,Self-employed,Single,4,Urban,22,167531,623,997377,12,Yes,91062,506450,0.544,0
APP-04097,58,Master,Salaried,Married,2,Urban,32,117676,602,1111189,36,No,33905,564368,0.288,1
APP-04098,42,Matric,Salaried,Single,3,Semiurban,20,111662,526,1271930,84,No,17425,951948,0.156,1
APP-04099,28,Master,Salaried,Married,3,Rural,2,182972,679,1566550,24,Yes,78351,52582,0.428,0
APP-04100,33,Bachelor,Self-employed,Married,4,Urban,6,174056,551,597269,48,Yes,13854,267855,0.08,0
APP-04101,62,Bachelor,Unemployed,Single,4,Semiurban,36,102477,643,2913238,12,No,286402,680784,2.795,0
APP-04102,23,Bachelor,Salaried,Single,4,Semiurban,0,82640,576,1555253,84,Yes,23829,545691,0.288,1
APP-04103,38,Master,Salaried,Single,3,Rural,10,83979,701,1294301,36,Yes,44151,469735,0.526,0
APP-04104,37,Matric,Salaried,Married,4,Semiurban,10,61320,662,2193770,60,No,40177,367568,0.655,0
APP-04105,36,Matric,Self-employed,Single,0,Semiurban,13,221736,615,2529778,84,No,32944,1666974,0.149,1
APP-04106,36,Master,Self-employed,Married,2,Urban,13,267055,767,1547809,72,No,25544,798453,0.096,1
APP-04107,23,Bachelor,Self-employed,Single,1,Urban,0,193453,673,1012072,36,No,31179,215666,0.161,1
APP-04108,35,Master,Self-employed,Married,2,Semiurban,9,139448,701,2094389,24,No,104539,497442,0.75,1
APP-04109,25,Bachelor,Salaried,Single,3,Urban,0,63649,566,336164,72,No,5430,173149,0.085,1
APP-04110,53,Master,Salaried,Married,1,Rural,28,243604,605,2667146,84,No,40567,974486,0.167,1
APP-04111,55,Bachelor,Salaried,Married,2,Semiurban,29,229070,801,2779158,36,No,84203,952703,0.368,1
APP-04112,45,Master,Self-employed,Single,0,Semiurban,18,265296,607,2857818,60,No,59599,397791,0.225,1
APP-04113,25,Intermediate,Business,Single,2,Urban,0,80591,589,2746319,48,No,73305,21810,0.91,0
APP-04114,35,Matric,Salaried,Married,3,Semiurban,8,82453,754,814626,84,No,11474,647335,0.139,1
APP-04115,52,Matric,Salaried,Single,4,Urban,30,141105,696,2205950,48,Yes,53524,70716,0.379,0
APP-04116,33,Bachelor,Salaried,Married,3,Urban,6,137543,687,2412236,48,Yes,64500,940405,0.469,0
APP-04117,21,Bachelor,Salaried,Single,4,Semiurban,0,77710,547,741255,12,Yes,75128,59391,0.967,0
APP-04118,34,Master,Salaried,Single,3,Semiurban,9,230312,757,2897537,60,Yes,59787,153461,0.26,1
APP-04119,59,Bachelor,Salaried,Married,3,Semiurban,37,175560,742,196127,84,No,2579,268096,0.015,1
APP-04120,64,Intermediate,Salaried,Married,2,Rural,41,193293,771,987211,24,Yes,47430,649814,0.245,1
APP-04121,41,Master,Salaried,Single,4,Urban,15,170131,717,2387186,72,Yes,36258,1125776,0.213,1
APP-04122,30,Intermediate,Salaried,Married,2,Semiurban,8,149261,536,2559643,36,Yes,91633,162310,0.614,0
APP-04123,30,Master,Salaried,Married,0,Urban,1,156656,696,278149,84,No,3734,1341969,0.024,1
APP-04124,44,Matric,Self-employed,Single,4,Urban,18,239274,714,1457484,60,No,29279,2129853,0.122,1
APP-04125,30,Bachelor,Business,Married,3,Urban,3,226891,689,774964,24,Yes,38488,799872,0.17,1
APP-04126,57,Bachelor,Salaried,Married,4,Urban,31,112015,402,1300854,72,Yes,20265,188942,0.181,0
APP-04127,29,Master,Self-employed,Single,1,Urban,2,119946,728,2214165,24,No,100238,1064240,0.836,1
APP-04128,23,Bachelor,Self-employed,Married,3,Semiurban,0,217152,596,2030382,24,Yes,100529,1123509,0.463,0
APP-04129,40,Matric,Business,Married,1,Urban,14,262902,657,319779,72,No,5323,2146383,0.02,1
APP-04130,36,Matric,Salaried,Married,0,Rural,8,74078,805,1472589,60,Yes,30806,107828,0.416,0
APP-04131,48,Intermediate,Salaried,Married,0,Semiurban,22,193519,773,442459,84,Yes,6268,213862,0.032,1
APP-04132,30,Matric,Self-employed,Married,2,Rural,8,220223,558,2163948,48,No,49306,783496,0.224,0
APP-04133,46,Bachelor,Unemployed,Single,2,Urban,19,51685,595,1861720,24,No,91730,125066,1.775,0
APP-04134,60,Master,Unemployed,Single,3,Urban,31,88471,596,1128325,24,No,56114,120079,0.634,0
APP-04135,49,Intermediate,Business,Married,1,Urban,26,247020,691,993109,24,Yes,52813,1809084,0.214,1
APP-04136,31,Matric,Self-employed,Single,3,Urban,7,133203,592,198872,24,Yes,9800,174834,0.074,0
APP-04137,50,Bachelor,Salaried,Married,3,Semiurban,28,132243,618,2688283,12,Yes,283461,1000242,2.143,0
APP-04138,46,Matric,Self-employed,Married,1,Urban,23,161878,633,751391,48,Yes,17325,279101,0.107,1
APP-04139,34,Master,Salaried,Married,2,Urban,10,196244,715,2041954,48,Yes,49925,1348211,0.254,1
APP-04140,24,Master,Salaried,Married,2,Urban,0,122266,661,1389371,48,No,37176,660508,0.304,1
APP-04141,60,Bachelor,Business,Single,0,Urban,32,170661,665,871237,84,Yes,12672,378700,0.074,1
APP-04142,43,Master,Salaried,Married,2,Urban,18,187102,799,1102383,48,No,28591,1416454,0.153,1
APP-04143,35,Bachelor,Business,Married,3,Urban,10,308894,646,2812616,36,No,93805,748812,0.304,1
APP-04144,30,Bachelor,Salaried,Single,0,Urban,2,139446,513,1313772,72,Yes,22876,683997,0.164,1
APP-04145,60,Intermediate,Business,Single,3,Semiurban,36,200715,577,2186940,12,No,209888,1266826,1.046,0
APP-04146,47,Bachelor,Unemployed,Married,1,Urban,21,88168,581,974891,48,Yes,24128,200989,0.274,0
APP-04147,23,Bachelor,Self-employed,Married,0,Semiurban,0,108643,649,1149798,12,Yes,106982,190825,0.985,0
APP-04148,28,Master,Salaried,Single,1,Semiurban,5,89841,802,1857732,36,No,63457,106846,0.706,1
APP-04149,26,Matric,Self-employed,Married,3,Semiurban,1,111521,701,1113442,24,Yes,55848,693577,0.501,0
APP-04150,62,Matric,Salaried,Married,4,Semiurban,34,158902,737,405968,48,Yes,9613,1416876,0.06,1
APP-04151,46,Bachelor,Salaried,Married,0,Urban,22,185321,516,2232999,24,Yes,113464,981495,0.612,0
APP-04152,61,Bachelor,Salaried,Single,4,Urban,34,188383,625,851147,84,Yes,11948,698499,0.063,0
APP-04153,63,Master,Self-employed,Single,4,Semiurban,40,234683,730,1173778,48,Yes,30476,1629216,0.13,1
APP-04154,40,Bachelor,Salaried,Married,3,Semiurban,17,146830,619,836425,24,Yes,40922,448326,0.279,0
APP-04155,49,Matric,Business,Married,1,Urban,27,202467,643,1813682,24,No,81746,432286,0.404,1
APP-04156,34,Bachelor,Business,Single,1,Urban,5,214385,850,2675011,72,Yes,41855,1850346,0.195,1
APP-04157,41,Intermediate,Salaried,Married,2,Semiurban,17,202772,729,1450640,84,No,20308,1788533,0.1,1
APP-04158,35,Bachelor,Salaried,Married,0,Rural,10,144294,650,2719269,72,Yes,44365,985104,0.307,1
APP-04159,30,Bachelor,Self-employed,Married,1,Semiurban,3,163139,616,1552370,36,No,55300,929917,0.339,1
APP-04160,46,Master,Salaried,Single,3,Semiurban,24,150795,600,1142685,12,Yes,106422,1185079,0.706,0
APP-04161,63,Master,Self-employed,Single,2,Urban,34,149081,590,810223,36,Yes,29177,1243885,0.196,0
APP-04162,27,Bachelor,Salaried,Married,3,Rural,1,112581,716,1637222,24,No,78522,388917,0.697,1
APP-04163,42,Bachelor,Business,Married,4,Rural,18,171390,558,2125860,36,No,75352,208325,0.44,0
APP-04164,52,Intermediate,Business,Single,2,Rural,28,268238,652,880028,36,No,30811,733642,0.115,1
APP-04165,25,Intermediate,Business,Married,1,Rural,2,285171,617,280131,36,No,8495,332874,0.03,1
APP-04166,37,Bachelor,Self-employed,Single,1,Urban,10,67434,829,2668551,84,No,36597,329019,0.543,1
APP-04167,53,Master,Business,Single,1,Urban,26,165361,712,2107844,24,Yes,102706,1369438,0.621,0
APP-04168,26,PhD,Self-employed,Married,3,Urban,3,156990,764,1693782,48,No,43742,558095,0.279,1
APP-04169,38,Bachelor,Salaried,Married,4,Urban,10,133131,707,2627350,48,No,61272,53070,0.46,1
APP-04170,62,Master,Business,Married,0,Urban,36,322859,678,1257623,24,No,62719,2211823,0.194,1
APP-04171,34,Master,Self-employed,Married,0,Urban,11,147684,760,2081732,72,No,35696,238621,0.242,1
APP-04172,44,Master,Salaried,Married,2,Urban,17,156800,631,2004538,84,No,28294,224559,0.18,1
APP-04173,23,Bachelor,Salaried,Single,0,Urban,0,100494,662,2733844,48,No,68019,574171,0.677,1
APP-04174,35,PhD,Self-employed,Married,2,Semiurban,13,216768,560,2552180,72,Yes,40471,935839,0.187,0
APP-04175,40,Master,Unemployed,Married,4,Semiurban,12,81281,494,1149874,24,No,55159,48599,0.679,0
APP-04176,44,Master,Salaried,Married,4,Semiurban,19,179354,614,2553284,24,Yes,132475,577499,0.739,0
APP-04177,41,Bachelor,Salaried,Single,2,Semiurban,19,117838,551,597733,84,No,8207,290468,0.07,1
APP-04178,48,PhD,Salaried,Single,0,Urban,25,143000,589,236153,72,No,3674,243717,0.026,1
APP-04179,44,Bachelor,Unemployed,Married,4,Urban,16,77388,660,2789468,12,No,272085,607431,3.516,0
APP-04180,61,Bachelor,Salaried,Married,3,Urban,37,255376,652,2867187,24,No,154665,1613843,0.606,1
APP-04181,60,Intermediate,Salaried,Married,0,Rural,36,105869,711,2367936,60,No,49770,544454,0.47,1
APP-04182,23,Matric,Salaried,Single,3,Semiurban,0,68026,555,220891,24,Yes,11130,472084,0.164,0
APP-04183,34,Master,Salaried,Married,0,Semiurban,8,213707,791,2513849,36,No,80642,86863,0.377,1
APP-04184,44,Intermediate,Salaried,Single,2,Rural,19,223062,799,723737,60,Yes,13255,1003218,0.059,1
APP-04185,27,PhD,Salaried,Married,2,Semiurban,4,165332,780,572751,48,Yes,15097,800455,0.091,1
APP-04186,41,Master,Salaried,Married,4,Semiurban,16,232473,670,2866083,48,No,72722,1364449,0.313,1
APP-04187,30,Master,Salaried,Single,4,Urban,3,99744,635,2436908,36,No,86800,630593,0.87,0
APP-04188,60,Intermediate,Business,Married,1,Rural,32,136381,674,2655384,60,Yes,48775,980094,0.358,1
APP-04189,33,Bachelor,Salaried,Married,1,Semiurban,10,105968,531,1979553,84,Yes,26356,947712,0.249,1
APP-04190,48,Master,Salaried,Married,2,Semiurban,21,115790,648,2141908,12,No,219666,132250,1.897,0
APP-04191,33,Master,Salaried,Married,1,Rural,11,116875,719,2111982,84,Yes,32126,881763,0.275,1
APP-04192,35,Matric,Salaried,Married,4,Semiurban,6,140567,679,1579444,84,No,21522,17977,0.153,1
APP-04193,46,Master,Business,Married,2,Semiurban,19,245949,681,2671964,12,Yes,268073,11699,1.09,0
APP-04194,53,Bachelor,Self-employed,Married,4,Semiurban,27,194526,598,1467835,12,Yes,151102,774683,0.777,0
APP-04195,28,Bachelor,Salaried,Single,2,Urban,6,182822,629,681930,36,No,21689,1351103,0.119,1
APP-04196,41,Master,Salaried,Married,2,Rural,16,162398,645,1670710,24,No,87288,1375413,0.537,0
APP-04197,54,Bachelor,Salaried,Married,2,Semiurban,27,221871,671,2142050,48,Yes,51255,631852,0.231,1
APP-04198,58,Bachelor,Salaried,Married,2,Urban,32,207172,723,1068895,48,No,28267,1560674,0.136,1
APP-04199,23,Intermediate,Salaried,Single,0,Rural,0,142354,471,1725657,48,No,42829,1264800,0.301,0
APP-04200,63,Matric,Unemployed,Married,1,Urban,36,55791,548,2677423,48,No,66175,105727,1.186,0
APP-04201,39,Bachelor,Salaried,Married,1,Semiurban,12,126246,691,1410886,72,No,24347,576895,0.193,1
APP-04202,53,Bachelor,Salaried,Single,4,Urban,26,181298,652,2765984,48,No,69749,1348970,0.385,1
APP-04203,27,Master,Unemployed,Single,0,Semiurban,3,54550,576,2079946,48,No,54907,28618,1.007,0
APP-04204,35,Bachelor,Salaried,Married,1,Semiurban,8,98330,647,1478066,72,Yes,24467,220959,0.249,1
APP-04205,22,Bachelor,Salaried,Single,0,Urban,0,108539,767,2401672,12,Yes,238439,402314,2.197,1
APP-04206,56,PhD,Salaried,Single,4,Urban,27,184491,730,1930127,60,Yes,38761,179095,0.21,1
APP-04207,55,Bachelor,Salaried,Married,2,Semiurban,26,139275,648,1620596,24,No,83198,87122,0.597,0
APP-04208,22,Intermediate,Salaried,Married,2,Semiurban,0,80142,787,360273,60,Yes,7069,568363,0.088,1
APP-04209,23,Intermediate,Salaried,Single,2,Semiurban,0,141357,550,2088073,84,No,30925,590643,0.219,1
APP-04210,50,Bachelor,Salaried,Married,0,Semiurban,22,166223,410,2658249,36,No,85242,227565,0.513,0
APP-04211,40,Bachelor,Salaried,Married,2,Urban,11,107806,585,1403959,84,No,18399,658097,0.171,1
APP-04212,42,Matric,Business,Single,1,Urban,16,71479,538,2513033,84,No,35205,531832,0.493,0
APP-04213,27,Bachelor,Salaried,Married,4,Rural,2,125183,692,1829535,24,Yes,98102,383140,0.784,1
APP-04214,21,Matric,Salaried,Married,3,Urban,0,170100,667,539161,36,Yes,19319,110341,0.114,1
APP-04215,31,Bachelor,Unemployed,Married,0,Rural,6,59541,681,1499314,12,No,156259,471740,2.624,0
APP-04216,44,Bachelor,Salaried,Married,0,Semiurban,17,113684,607,1257571,60,No,22678,418992,0.199,1
APP-04217,29,Intermediate,Business,Single,1,Semiurban,1,124729,694,809987,84,Yes,11176,872735,0.09,1
APP-04218,34,Master,Business,Married,3,Semiurban,6,322312,671,1513104,48,No,39433,120253,0.122,1
APP-04219,44,Master,Business,Single,3,Semiurban,21,341239,665,940002,36,Yes,32096,299711,0.094,1
APP-04220,50,Intermediate,Business,Married,4,Rural,21,104279,601,2361282,24,Yes,110129,878652,1.056,0
APP-04221,40,Bachelor,Salaried,Married,0,Urban,18,175324,695,1931601,12,No,198438,927118,1.132,1
APP-04222,34,Master,Salaried,Single,4,Semiurban,8,109581,613,2111202,48,Yes,49866,657445,0.455,0
APP-04223,28,Bachelor,Salaried,Married,2,Semiurban,3,83695,662,701377,84,No,10378,684186,0.124,1
APP-04224,55,Bachelor,Salaried,Married,4,Rural,31,131870,670,2960838,84,No,41647,1120168,0.316,1
APP-04225,49,Bachelor,Salaried,Married,1,Semiurban,23,167032,681,2716873,12,No,267702,1182948,1.603,1
APP-04226,58,Master,Salaried,Married,0,Urban,31,152950,803,2135155,48,No,49057,651522,0.321,1
APP-04227,28,Matric,Self-employed,Married,0,Semiurban,1,109995,591,2998951,24,Yes,134967,168419,1.227,0
APP-04228,64,Master,Salaried,Married,4,Urban,38,196038,806,2778847,24,No,127779,972774,0.652,1
APP-04229,56,Master,Unemployed,Married,1,Urban,32,102919,480,659829,72,No,11188,602989,0.109,1
APP-04230,56,Master,Self-employed,Married,1,Urban,29,221846,800,916853,84,Yes,12353,1306164,0.056,1
APP-04231,59,Matric,Salaried,Married,4,Semiurban,36,227443,737,2466310,48,Yes,57157,1409479,0.251,1
APP-04232,27,Bachelor,Salaried,Single,3,Urban,2,126168,538,1158438,12,Yes,108490,608528,0.86,0
APP-04233,26,Master,Self-employed,Single,1,Rural,1,159924,674,820888,12,No,88811,32854,0.555,0
APP-04234,34,Matric,Salaried,Married,3,Rural,7,178895,651,844379,48,Yes,19436,453466,0.109,1
APP-04235,50,Bachelor,Salaried,Single,1,Semiurban,22,202343,658,2327803,24,No,109050,1341995,0.539,1
APP-04236,54,Master,Business,Married,4,Rural,27,128855,669,1933960,84,Yes,28222,408632,0.219,1
APP-04237,63,Intermediate,Self-employed,Married,3,Urban,41,273742,668,985245,12,No,96087,167110,0.351,1
APP-04238,46,Matric,Self-employed,Married,4,Urban,22,212529,736,1309820,36,No,40316,733096,0.19,1
APP-04239,48,PhD,Self-employed,Married,3,Rural,19,206544,709,2191632,48,No,57767,1729784,0.28,1
APP-04240,42,Bachelor,Salaried,Single,1,Rural,19,198596,588,1645685,12,No,156647,1126758,0.789,0
APP-04241,32,Master,Self-employed,Married,0,Urban,5,124724,615,597185,36,Yes,18443,488744,0.148,1
APP-04242,41,Bachelor,Salaried,Married,4,Urban,18,84876,635,845692,60,No,18116,741984,0.213,1
APP-04243,43,PhD,Salaried,Single,4,Urban,17,189526,694,2546425,84,Yes,36185,716448,0.191,1
APP-04244,47,Master,Self-employed,Single,4,Semiurban,25,201063,548,206420,72,Yes,3319,918236,0.017,0
APP-04245,43,Intermediate,Business,Married,0,Urban,19,299381,574,2801059,60,Yes,56087,2673571,0.187,0
APP-04246,52,Master,Salaried,Married,3,Semiurban,26,144701,785,695918,12,No,62775,577516,0.434,1
APP-04247,48,Bachelor,Business,Married,0,Semiurban,19,300984,646,104542,24,No,4837,2639564,0.016,1
APP-04248,55,Bachelor,Salaried,Married,1,Urban,32,122943,606,848396,60,No,16929,729237,0.138,1
APP-04249,47,Master,Salaried,Single,2,Rural,21,191021,626,1507645,12,No,154713,496279,0.81,0
APP-04250,56,Bachelor,Self-employed,Married,0,Urban,27,124693,705,1731218,60,No,31871,492206,0.256,1
APP-04251,44,Matric,Salaried,Married,0,Rural,15,111105,796,2402992,60,No,43681,343466,0.393,1
APP-04252,23,Intermediate,Self-employed,Married,4,Urban,0,180465,736,234630,36,Yes,8212,850325,0.046,1
APP-04253,50,Bachelor,Unemployed,Married,3,Semiurban,22,84981,598,337470,12,No,36276,258943,0.427,0
APP-04254,29,Intermediate,Unemployed,Married,0,Semiurban,6,41427,491,2467754,48,No,64565,132164,1.559,0
APP-04255,26,Intermediate,Salaried,Single,1,Rural,3,71061,799,2686849,12,No,249678,175654,3.514,1
APP-04256,33,Master,Salaried,Single,0,Semiurban,8,155803,766,2734006,60,Yes,55865,11906,0.359,1
APP-04257,40,Master,Business,Married,4,Semiurban,11,174828,623,2974628,72,No,46058,1469803,0.263,1
APP-04258,23,Master,Business,Married,3,Rural,0,322504,726,1145401,24,Yes,61011,730352,0.189,1
APP-04259,57,Master,Unemployed,Single,2,Urban,34,105793,631,838071,60,No,17537,825884,0.166,1
APP-04260,51,Bachelor,Business,Single,1,Semiurban,22,246868,607,374983,48,No,9036,1840653,0.037,1
APP-04261,32,Bachelor,Self-employed,Single,1,Urban,8,79081,654,1110670,60,No,22269,189813,0.282,1
APP-04262,41,Intermediate,Salaried,Married,3,Semiurban,12,131919,731,1147748,48,No,27392,36361,0.208,1
APP-04263,30,Master,Salaried,Single,0,Semiurban,8,81754,612,478814,48,No,10971,491173,0.134,1
APP-04264,56,Bachelor,Self-employed,Single,2,Semiurban,30,149861,710,1794005,48,No,40526,864177,0.27,1
APP-04265,56,Intermediate,Self-employed,Married,4,Urban,28,168961,534,1494350,24,No,79243,137537,0.469,0
APP-04266,27,Bachelor,Self-employed,Single,3,Urban,3,110589,692,2089310,72,No,35459,227617,0.321,1
APP-04267,36,Master,Self-employed,Married,0,Urban,7,223949,720,2053572,60,Yes,44144,515161,0.197,1
APP-04268,53,Bachelor,Salaried,Married,4,Semiurban,25,106781,783,2444181,12,No,263456,365599,2.467,0
APP-04269,36,Bachelor,Salaried,Married,4,Rural,10,164690,632,2049006,84,Yes,26640,779599,0.162,0
APP-04270,37,Intermediate,Business,Married,4,Rural,15,226627,706,1797244,60,No,36776,375637,0.162,1
APP-04271,29,Matric,Salaried,Married,2,Rural,6,154626,700,2900700,60,No,54939,343338,0.355,1
APP-04272,48,Intermediate,Salaried,Married,1,Semiurban,21,132721,764,743850,48,Yes,19919,645355,0.15,1
APP-04273,26,Bachelor,Salaried,Single,1,Semiurban,0,182507,523,2209521,24,No,118737,1020309,0.651,1
APP-04274,63,Bachelor,Business,Single,2,Urban,36,183005,785,1848147,12,No,195549,505766,1.069,1
APP-04275,33,Master,Salaried,Married,2,Urban,11,118786,685,2470270,84,No,37285,736402,0.314,1
APP-04276,63,Bachelor,Self-employed,Married,4,Rural,37,167521,767,1833210,24,No,96958,81705,0.579,0
APP-04277,30,Master,Salaried,Married,4,Rural,7,198499,603,2530639,60,No,46285,1530457,0.233,0
APP-04278,38,Matric,Salaried,Married,3,Semiurban,9,182079,629,2485538,12,Yes,266280,656074,1.462,0
APP-04279,29,Bachelor,Business,Single,4,Semiurban,6,198666,797,2958640,36,Yes,97646,1669545,0.492,1
APP-04280,29,Master,Salaried,Married,2,Semiurban,4,86371,641,546205,48,Yes,13734,468210,0.159,1
APP-04281,64,Bachelor,Salaried,Single,1,Urban,42,182906,666,1310676,24,No,59636,1077713,0.326,1
APP-04282,30,Matric,Salaried,Married,3,Urban,7,184649,686,2558908,12,Yes,266982,224847,1.446,0
APP-04283,27,Bachelor,Business,Single,4,Urban,1,293502,693,2394500,60,No,50030,2512275,0.17,1
APP-04284,61,Matric,Self-employed,Married,1,Urban,34,267161,682,1259433,24,Yes,59094,2027182,0.221,1
APP-04285,27,Master,Salaried,Single,0,Urban,3,94964,659,590697,60,Yes,10830,629156,0.114,1
APP-04286,37,Intermediate,Salaried,Married,1,Semiurban,8,189893,554,2593930,24,Yes,136536,184336,0.719,0
APP-04287,61,Intermediate,Salaried,Single,1,Urban,36,193212,654,2133451,72,No,34768,1031876,0.18,1
APP-04288,24,Intermediate,Business,Married,2,Urban,0,192267,720,1624146,84,No,24664,1714785,0.128,1
APP-04289,29,Intermediate,Salaried,Married,1,Semiurban,0,155721,584,2001419,84,No,29813,1101092,0.191,1
APP-04290,39,Master,Business,Single,1,Rural,13,121436,601,2520652,60,No,50733,1000092,0.418,1
APP-04291,58,Bachelor,Business,Married,1,Urban,35,107685,518,2042349,48,No,53900,391653,0.501,1
APP-04292,21,Bachelor,Salaried,Married,0,Urban,0,57057,679,2035965,36,Yes,65056,461878,1.14,0
APP-04293,39,Bachelor,Salaried,Married,1,Urban,16,141669,658,2280772,60,No,46671,207632,0.329,1
APP-04294,30,Bachelor,Salaried,Married,2,Semiurban,2,174199,662,884486,72,No,14887,303780,0.085,1
APP-04295,31,Intermediate,Salaried,Single,2,Semiurban,4,107386,642,1981116,24,No,92966,790848,0.866,0
APP-04296,62,Master,Self-employed,Married,2,Semiurban,40,226124,628,608505,84,No,9371,502480,0.041,1
APP-04297,51,Bachelor,Salaried,Married,1,Urban,27,240645,740,1767581,36,Yes,62445,801094,0.259,1
APP-04298,38,Matric,Self-employed,Married,4,Urban,11,196157,772,1079480,48,Yes,24766,74577,0.126,1
APP-04299,53,Bachelor,Self-employed,Single,1,Semiurban,26,186196,619,2566130,72,No,41190,901787,0.221,1
APP-04300,57,Master,Self-employed,Married,2,Semiurban,31,188020,682,2569058,36,Yes,91619,718024,0.487,0
APP-04301,29,PhD,Salaried,Married,4,Urban,5,97630,545,594619,60,Yes,12189,732136,0.125,0
APP-04302,27,Matric,Business,Single,0,Semiurban,2,296669,669,1372473,36,No,41744,327263,0.141,1
APP-04303,46,Matric,Salaried,Single,4,Semiurban,24,141741,592,1586156,72,No,24017,556756,0.169,1
APP-04304,37,Matric,Salaried,Single,3,Rural,10,59927,730,582467,60,No,12242,155585,0.204,1
APP-04305,47,Bachelor,Self-employed,Married,4,Rural,20,124973,602,1601034,48,No,37614,131229,0.301,0
APP-04306,55,Master,Self-employed,Single,4,Semiurban,28,143896,628,801258,36,No,26402,798214,0.183,1
APP-04307,43,PhD,Salaried,Married,1,Urban,16,133953,836,1527632,48,Yes,40368,1121761,0.301,1
APP-04308,37,Bachelor,Salaried,Single,1,Semiurban,9,96390,730,1697225,72,No,30154,526724,0.313,1
APP-04309,26,Matric,Unemployed,Single,2,Urban,0,31728,494,2825288,60,Yes,61142,21377,1.927,0
APP-04310,49,Intermediate,Salaried,Single,1,Rural,22,65677,692,967234,60,Yes,17798,431968,0.271,1
APP-04311,45,Bachelor,Self-employed,Single,4,Urban,21,79902,813,402935,48,No,9101,215896,0.114,1
APP-04312,52,Master,Salaried,Single,1,Semiurban,30,199721,570,1071197,12,Yes,112333,189769,0.562,0
APP-04313,21,Intermediate,Salaried,Single,2,Rural,0,53006,568,1437716,24,No,69876,250358,1.318,0
APP-04314,49,Intermediate,Salaried,Single,2,Semiurban,22,171635,610,2874620,84,No,38997,1202397,0.227,1
APP-04315,26,Master,Business,Single,2,Semiurban,0,225863,679,2886210,60,No,58298,887668,0.258,1
APP-04316,22,Intermediate,Salaried,Married,3,Urban,0,71228,723,698240,36,Yes,24313,46820,0.341,0
APP-04317,55,Matric,Self-employed,Married,3,Urban,33,112440,617,2728752,60,No,51942,353607,0.462,0
APP-04318,54,Bachelor,Self-employed,Single,0,Urban,27,152173,804,1477545,72,No,24463,748743,0.161,1
APP-04319,32,Intermediate,Business,Single,1,Semiurban,5,232623,575,2004119,72,No,33073,591626,0.142,1
APP-04320,31,Matric,Business,Single,1,Urban,4,143491,706,650298,84,Yes,9036,401401,0.063,1
APP-04321,54,Bachelor,Salaried,Single,3,Urban,26,149351,791,2949906,84,Yes,41120,524214,0.275,1
APP-04322,56,Matric,Salaried,Married,0,Rural,28,163381,682,116093,72,No,1941,1041762,0.012,1
APP-04323,53,Master,Salaried,Married,0,Rural,29,121400,726,1018542,24,No,48068,84271,0.396,1
APP-04324,29,Matric,Salaried,Single,0,Rural,3,84748,762,912447,72,No,16397,467435,0.193,1
APP-04325,48,Intermediate,Self-employed,Married,4,Urban,20,148102,561,427360,24,Yes,20883,1312440,0.141,0
APP-04326,61,Master,Salaried,Married,4,Urban,33,218366,843,326192,60,No,6996,1868524,0.032,1
APP-04327,64,Master,Salaried,Married,0,Urban,37,129537,670,2272245,36,Yes,78394,239185,0.605,1
APP-04328,29,Bachelor,Self-employed,Married,1,Urban,5,244756,754,1705692,84,Yes,25561,300930,0.104,1
APP-04329,35,Bachelor,Business,Married,0,Semiurban,12,223870,712,1772064,12,No,186243,791148,0.832,1
APP-04330,38,PhD,Salaried,Married,3,Rural,10,198238,644,1034352,60,No,20093,1270296,0.101,1
APP-04331,60,Bachelor,Salaried,Married,2,Rural,32,224168,731,1302942,12,No,127293,1279012,0.568,1
APP-04332,41,Bachelor,Salaried,Single,3,Rural,17,94957,763,286020,48,Yes,7609,621012,0.08,1
APP-04333,28,Matric,Self-employed,Married,2,Semiurban,0,40946,562,723818,24,Yes,37130,74105,0.907,0
APP-04334,42,Intermediate,Salaried,Married,2,Urban,14,66749,615,2772746,48,Yes,72120,123350,1.08,0
APP-04335,26,Bachelor,Salaried,Single,3,Semiurban,0,66756,584,1666452,72,Yes,26786,112885,0.401,0
APP-04336,36,Intermediate,Business,Married,2,Semiurban,13,172199,612,614120,72,Yes,10393,1245860,0.06,1
APP-04337,53,Bachelor,Self-employed,Single,3,Semiurban,28,97520,464,1460254,12,No,153076,343684,1.57,0
APP-04338,46,Master,Self-employed,Married,2,Semiurban,20,262411,607,395962,72,No,6076,1078547,0.023,1
APP-04339,21,Bachelor,Salaried,Married,1,Urban,0,192455,535,1480464,72,No,22618,1023729,0.118,1
APP-04340,64,Bachelor,Salaried,Married,4,Urban,37,190587,752,1746315,12,No,166974,304729,0.876,1
APP-04341,39,Intermediate,Salaried,Single,0,Urban,15,149435,627,990297,72,No,15351,773448,0.103,1
APP-04342,47,Master,Business,Married,3,Rural,24,228450,730,2264472,24,Yes,119046,633106,0.521,0
APP-04343,61,Bachelor,Salaried,Married,0,Urban,37,120434,612,941314,36,No,29907,502056,0.248,1
APP-04344,59,Bachelor,Salaried,Married,2,Semiurban,35,138821,605,523638,36,Yes,18154,189383,0.131,0
APP-04345,48,Bachelor,Salaried,Single,0,Semiurban,21,160639,616,1041263,36,No,36408,702928,0.227,1
APP-04346,50,Master,Business,Single,1,Rural,22,239587,650,2907528,12,Yes,285092,1533004,1.19,0
APP-04347,46,Intermediate,Salaried,Married,1,Urban,23,148336,670,1571287,84,No,23952,755999,0.161,1
APP-04348,23,Master,Self-employed,Married,3,Semiurban,0,163313,717,1545836,12,No,153332,1285164,0.939,1
APP-04349,35,Master,Salaried,Single,0,Urban,9,157088,645,1922038,60,Yes,40071,997766,0.255,1
APP-04350,21,Bachelor,Business,Single,4,Semiurban,0,223664,716,1329804,12,Yes,138967,828990,0.621,0
APP-04351,51,Bachelor,Self-employed,Single,2,Urban,23,223428,676,2233825,72,No,39562,964549,0.177,1
APP-04352,48,Bachelor,Self-employed,Married,4,Semiurban,19,221688,602,1801066,24,No,88067,1246709,0.397,0
APP-04353,24,Bachelor,Salaried,Single,4,Urban,2,173045,679,1919190,60,No,39493,312392,0.228,1
APP-04354,55,Bachelor,Salaried,Married,0,Urban,27,231336,628,1220103,24,Yes,65949,697464,0.285,1
APP-04355,50,Bachelor,Salaried,Single,3,Urban,21,230994,694,563642,12,Yes,56100,1900378,0.243,1
APP-04356,60,Bachelor,Salaried,Married,1,Urban,36,199863,657,2656162,84,No,36090,1763232,0.181,1
APP-04357,25,Intermediate,Business,Married,1,Semiurban,3,113195,811,1453414,60,Yes,28209,684687,0.249,1
APP-04358,26,Master,Salaried,Married,4,Urban,3,182167,622,1486754,60,No,27849,1097782,0.153,1
APP-04359,34,Bachelor,Salaried,Married,2,Semiurban,7,108046,618,2395458,24,No,125431,353465,1.161,0
APP-04360,40,Bachelor,Salaried,Married,2,Semiurban,17,219334,579,2360153,72,No,35983,1505888,0.164,1
APP-04361,37,Bachelor,Salaried,Single,4,Urban,15,175386,833,2159164,36,No,70525,874654,0.402,1
APP-04362,31,Matric,Salaried,Married,1,Urban,3,75049,497,2834707,12,No,258723,388956,3.447,0
APP-04363,64,Intermediate,Salaried,Married,4,Semiurban,37,161848,584,1164827,72,No,17601,782469,0.109,1
APP-04364,38,Bachelor,Salaried,Single,3,Urban,16,185249,620,1826237,36,Yes,62286,1601933,0.336,0
APP-04365,23,Matric,Business,Married,3,Semiurban,0,222688,667,2975302,84,No,38762,62027,0.174,1
APP-04366,52,Bachelor,Unemployed,Married,3,Semiurban,26,98323,381,638533,60,No,12345,311243,0.126,0
APP-04367,47,Bachelor,Business,Married,0,Semiurban,19,290339,628,1257778,48,Yes,29735,2537286,0.102,1
APP-04368,28,Bachelor,Business,Married,0,Semiurban,4,323065,676,1653221,72,No,28312,2390064,0.088,1
APP-04369,27,Bachelor,Salaried,Married,3,Semiurban,5,117768,722,2998732,48,Yes,69760,753739,0.592,1
APP-04370,58,Master,Business,Married,3,Semiurban,31,313905,591,1683847,60,Yes,31570,2298556,0.101,1
APP-04371,43,Matric,Salaried,Single,3,Urban,14,138101,504,564829,60,No,10348,1110487,0.075,0
APP-04372,43,Bachelor,Business,Married,4,Urban,14,309495,594,934384,72,Yes,15504,729529,0.05,0
APP-04373,21,Bachelor,Unemployed,Married,4,Urban,0,38161,418,905200,48,No,20926,258404,0.548,0
APP-04374,29,Intermediate,Business,Married,0,Urban,4,98903,562,2931282,48,Yes,68006,41191,0.688,0
APP-04375,57,Intermediate,Salaried,Married,1,Urban,29,185750,529,2635610,48,No,60380,1331950,0.325,1
APP-04376,63,Matric,Salaried,Married,2,Urban,36,122875,448,589099,24,Yes,27677,285152,0.225,0
APP-04377,28,Intermediate,Self-employed,Married,1,Semiurban,4,107109,757,1213583,24,No,60259,576846,0.563,1
APP-04378,46,Bachelor,Salaried,Married,3,Urban,23,232712,730,2651675,48,No,68052,1854746,0.292,1
APP-04379,46,Bachelor,Self-employed,Married,4,Rural,19,133569,549,1064534,24,No,52119,910161,0.39,0
APP-04380,43,Bachelor,Unemployed,Single,0,Urban,15,75224,517,2029023,24,No,103531,130883,1.376,0
APP-04381,39,Bachelor,Self-employed,Married,0,Urban,15,131012,594,1077337,84,Yes,16404,695825,0.125,1
APP-04382,54,Bachelor,Unemployed,Married,1,Urban,29,65605,533,1261538,72,No,20176,454461,0.308,0
APP-04383,41,Bachelor,Self-employed,Single,0,Rural,14,179016,736,615459,48,Yes,14081,805651,0.079,1
APP-04384,36,Intermediate,Salaried,Married,1,Urban,14,183714,697,1073007,72,No,18746,1077090,0.102,1
APP-04385,46,Intermediate,Salaried,Married,3,Urban,21,215382,716,218342,60,Yes,4610,1457208,0.021,1
APP-04386,64,Bachelor,Self-employed,Single,2,Semiurban,40,158894,685,483140,48,No,12079,683655,0.076,1
APP-04387,56,Master,Unemployed,Married,3,Rural,29,123752,493,1274009,48,Yes,30694,886874,0.248,0
APP-04388,32,Bachelor,Self-employed,Married,3,Semiurban,10,83861,735,1391404,72,Yes,24366,187844,0.291,1
APP-04389,28,Bachelor,Business,Married,0,Urban,4,168428,653,184299,60,Yes,3357,772709,0.02,1
APP-04390,23,Intermediate,Business,Single,0,Urban,0,246533,404,1360274,36,No,47035,1318568,0.191,1
APP-04391,47,Bachelor,Salaried,Married,3,Semiurban,20,205782,692,771720,12,No,76916,483645,0.374,1
APP-04392,55,Bachelor,Salaried,Married,3,Rural,30,140599,673,1571114,48,Yes,37081,318772,0.264,1
APP-04393,42,Intermediate,Business,Married,1,Rural,17,314647,444,1082220,36,No,38202,1975444,0.121,1
APP-04394,49,Intermediate,Unemployed,Single,2,Urban,20,67198,475,410898,60,No,8258,468091,0.123,0
APP-04395,22,PhD,Business,Married,1,Urban,0,139595,441,2525617,84,No,37699,581337,0.27,1
APP-04396,54,Matric,Self-employed,Married,3,Urban,26,85408,652,2721126,60,No,56358,548452,0.66,0
APP-04397,48,Matric,Business,Single,0,Rural,24,142779,615,669101,72,No,10060,585806,0.07,1
APP-04398,28,Bachelor,Self-employed,Married,3,Rural,5,232792,795,2280242,24,No,122436,2064731,0.526,1
APP-04399,46,Matric,Salaried,Married,2,Semiurban,19,197190,564,1746816,48,No,39530,780569,0.2,1
APP-04400,26,Bachelor,Business,Married,1,Urban,2,204632,715,1036496,24,No,54851,1688273,0.268,1
APP-04401,41,Bachelor,Salaried,Single,3,Rural,19,149198,713,1179225,12,No,114547,96084,0.768,1
APP-04402,43,Master,Salaried,Married,2,Semiurban,15,212293,664,2920935,12,Yes,266961,1678017,1.258,1
APP-04403,32,Bachelor,Salaried,Married,4,Urban,10,153905,733,1062831,36,No,36178,700454,0.235,1
APP-04404,41,Bachelor,Business,Married,2,Urban,18,204884,626,107956,48,No,2682,785417,0.013,1
APP-04405,53,Master,Salaried,Married,0,Semiurban,26,225103,751,2153466,84,No,32186,1040417,0.143,1
APP-04406,54,Intermediate,Business,Married,4,Urban,28,99117,671,553565,72,Yes,9696,719648,0.098,1
APP-04407,61,Master,Business,Married,3,Urban,35,195416,757,876938,84,Yes,11581,866927,0.059,1
APP-04408,47,Master,Self-employed,Single,1,Semiurban,24,213924,656,439605,12,No,42867,339016,0.2,1
APP-04409,61,Master,Business,Married,0,Rural,37,332717,613,2534057,84,No,37211,2024440,0.112,1
APP-04410,50,Intermediate,Unemployed,Married,2,Rural,24,73734,473,260672,72,Yes,4357,489879,0.059,0
APP-04411,46,Master,Salaried,Married,4,Urban,21,233825,768,209523,60,Yes,4123,354821,0.018,1
APP-04412,60,Intermediate,Business,Married,4,Semiurban,37,222368,710,1041920,36,Yes,31275,267684,0.141,1
APP-04413,54,Intermediate,Salaried,Single,1,Urban,32,162967,537,2463146,84,No,37902,877199,0.233,1
APP-04414,33,Bachelor,Self-employed,Married,1,Semiurban,10,194096,729,1477047,60,Yes,27138,1734472,0.14,1
APP-04415,56,Bachelor,Self-employed,Single,3,Rural,27,146275,599,1674746,60,No,33313,1188446,0.228,1
APP-04416,25,Intermediate,Salaried,Married,2,Semiurban,0,114943,663,1586376,72,No,27273,475011,0.237,1
APP-04417,40,Master,Self-employed,Married,1,Semiurban,16,127646,547,1405326,24,Yes,75681,676877,0.593,0
APP-04418,26,Master,Unemployed,Married,4,Semiurban,0,50220,593,624567,12,No,58052,120770,1.156,0
APP-04419,60,Intermediate,Self-employed,Single,2,Urban,33,110043,564,1910687,12,No,188978,382207,1.717,0
APP-04420,35,Intermediate,Salaried,Single,0,Urban,10,147332,520,1413011,12,No,138366,362575,0.939,1
APP-04421,23,Intermediate,Salaried,Single,3,Urban,0,172452,624,2339661,84,No,33558,1508979,0.195,1
APP-04422,34,Matric,Self-employed,Married,1,Rural,7,130907,545,543086,24,No,24614,369078,0.188,1
APP-04423,38,Matric,Self-employed,Single,0,Semiurban,14,198964,634,2300628,48,Yes,55224,980146,0.278,0
APP-04424,32,Master,Salaried,Married,4,Semiurban,9,91069,660,2753564,36,Yes,84468,26484,0.928,0
APP-04425,56,Intermediate,Business,Married,4,Rural,30,223982,506,1877074,24,No,93284,1567296,0.416,0
APP-04426,28,Bachelor,Salaried,Single,2,Rural,6,181921,731,1609794,84,No,24316,725741,0.134,1
APP-04427,57,Bachelor,Salaried,Married,3,Semiurban,30,162968,524,2398095,12,Yes,234752,1158001,1.44,0
APP-04428,34,Master,Salaried,Single,3,Urban,11,180343,666,355256,36,Yes,11946,960483,0.066,1
APP-04429,57,Master,Salaried,Single,2,Urban,34,221289,850,2321632,60,No,43154,536027,0.195,1
APP-04430,38,Master,Business,Married,2,Urban,11,225427,505,145978,84,No,2254,121215,0.01,1
APP-04431,57,Intermediate,Salaried,Single,0,Semiurban,34,86423,719,1469274,12,No,153226,150618,1.773,0
APP-04432,30,Master,Salaried,Single,4,Rural,8,109558,786,432934,84,Yes,6432,381418,0.059,1
APP-04433,49,Bachelor,Salaried,Single,3,Urban,26,113617,806,2637784,72,No,46920,482853,0.413,1
APP-04434,26,PhD,Salaried,Married,2,Urban,0,101730,689,1287145,48,No,34536,807109,0.339,1
APP-04435,38,Bachelor,Self-employed,Married,1,Semiurban,11,212116,461,2754813,84,Yes,36175,237627,0.171,0
APP-04436,27,Bachelor,Salaried,Married,1,Semiurban,1,77032,736,122584,12,No,11864,504280,0.154,1
APP-04437,22,Bachelor,Self-employed,Married,0,Semiurban,0,151921,631,1164918,12,No,114845,358257,0.756,1
APP-04438,22,Master,Business,Single,0,Urban,0,187775,667,2767256,72,No,45039,1514610,0.24,1
APP-04439,57,Intermediate,Salaried,Married,3,Semiurban,28,140502,544,818511,24,Yes,41018,578889,0.292,1
APP-04440,44,Intermediate,Business,Married,0,Semiurban,15,239296,606,576005,24,No,27287,1543835,0.114,1
APP-04441,40,Intermediate,Salaried,Single,1,Rural,16,100378,715,868125,60,No,15738,310437,0.157,1
APP-04442,64,Master,Salaried,Single,2,Urban,37,146166,812,2622050,84,No,37912,605521,0.259,1
APP-04443,46,Intermediate,Salaried,Married,1,Urban,17,123457,740,1668943,60,No,35719,654520,0.289,1
APP-04444,60,Bachelor,Salaried,Married,4,Urban,38,211134,660,657134,84,No,9532,281380,0.045,1
APP-04445,37,Bachelor,Salaried,Married,3,Rural,13,131718,586,1475510,72,No,23431,849934,0.178,1
APP-04446,33,Bachelor,Self-employed,Single,2,Urban,8,159082,555,1054220,48,No,26278,1206960,0.165,1
APP-04447,56,Master,Salaried,Married,3,Rural,27,192843,790,1726516,84,No,22672,625393,0.118,1
APP-04448,34,Intermediate,Salaried,Married,3,Rural,10,122161,693,2316043,48,No,59123,205096,0.484,0
APP-04449,57,Matric,Salaried,Married,0,Semiurban,28,117605,642,665965,12,Yes,71264,1046468,0.606,0
APP-04450,51,Bachelor,Self-employed,Single,3,Semiurban,25,197165,625,503128,48,Yes,12480,1260188,0.063,1
APP-04451,61,Intermediate,Salaried,Married,0,Semiurban,37,129028,631,1242948,72,No,20693,515243,0.16,1
APP-04452,27,PhD,Salaried,Married,2,Semiurban,0,166183,696,630897,36,No,21016,1166940,0.126,1
APP-04453,38,Bachelor,Salaried,Married,2,Rural,10,84447,764,2486277,12,No,248894,306862,2.947,0
APP-04454,23,Master,Salaried,Single,4,Rural,1,184381,524,1640095,60,No,31826,1167366,0.173,1
APP-04455,51,Matric,Salaried,Married,2,Semiurban,28,94283,615,2273782,36,No,78500,67437,0.833,0
APP-04456,21,PhD,Unemployed,Married,4,Urban,0,80849,504,1125069,48,No,27635,568622,0.342,0
APP-04457,46,Bachelor,Business,Single,3,Urban,18,136921,643,2457058,60,No,52684,52761,0.385,0
APP-04458,62,Bachelor,Salaried,Single,2,Semiurban,39,215483,639,1957322,36,Yes,66491,967297,0.309,0
APP-04459,38,Master,Self-employed,Single,1,Semiurban,9,158196,838,1704427,36,No,58070,490638,0.367,1
APP-04460,57,Bachelor,Salaried,Married,3,Urban,35,183386,665,2887364,36,Yes,96122,1159879,0.524,0
APP-04461,27,Master,Self-employed,Married,1,Urban,3,85585,546,1372980,72,No,21913,530074,0.256,1
APP-04462,39,Master,Salaried,Single,0,Urban,12,232257,618,1362697,72,No,21973,625873,0.095,1
APP-04463,52,Intermediate,Salaried,Married,1,Urban,29,175008,705,1007412,84,No,15079,327091,0.086,1
APP-04464,47,Bachelor,Business,Married,2,Urban,19,116361,611,1572161,12,No,152104,438550,1.307,0
APP-04465,45,Bachelor,Unemployed,Married,4,Urban,17,55643,512,1645903,36,No,53824,436029,0.967,0
APP-04466,23,PhD,Salaried,Single,1,Urban,0,113510,443,2001204,84,Yes,27059,977353,0.238,1
APP-04467,27,PhD,Salaried,Married,4,Semiurban,5,221913,506,909804,60,No,16734,1422853,0.075,1
APP-04468,25,Bachelor,Business,Married,3,Semiurban,1,290275,702,1218341,12,No,115710,324386,0.399,1
APP-04469,22,Intermediate,Self-employed,Single,4,Semiurban,0,86530,637,2027398,12,Yes,203732,157605,2.354,0
APP-04470,59,Matric,Business,Married,3,Semiurban,37,213988,690,1315034,60,Yes,26833,222294,0.125,1
APP-04471,42,PhD,Self-employed,Single,0,Semiurban,20,286724,850,161038,72,No,2520,1812020,0.009,1
APP-04472,53,Master,Salaried,Married,1,Semiurban,27,241231,588,2210605,48,No,57248,938874,0.237,1
APP-04473,52,Bachelor,Salaried,Married,1,Urban,29,197661,836,2491816,48,Yes,62197,1509671,0.315,1
APP-04474,54,Master,Business,Single,4,Urban,32,158740,687,430297,36,Yes,14559,1296955,0.092,1
APP-04475,34,Bachelor,Salaried,Married,4,Urban,9,82771,558,158551,72,No,2702,504759,0.033,1
APP-04476,52,Intermediate,Self-employed,Married,2,Urban,30,167741,723,792380,24,No,40565,1271586,0.242,1
APP-04477,30,Bachelor,Salaried,Married,0,Semiurban,1,89061,646,349752,12,No,34914,780899,0.392,1
APP-04478,48,Intermediate,Salaried,Married,2,Urban,24,162599,734,2644131,36,No,82269,589453,0.506,1
APP-04479,27,Master,Salaried,Married,1,Urban,5,146436,637,1738374,24,No,82665,421373,0.565,1
APP-04480,51,Bachelor,Salaried,Single,4,Semiurban,25,210332,613,1675353,60,No,32201,974962,0.153,1
APP-04481,58,Bachelor,Business,Single,4,Semiurban,30,326671,786,2256678,84,No,33938,1277933,0.104,1
APP-04482,59,Bachelor,Self-employed,Married,0,Rural,30,166379,661,1480151,84,No,22657,77999,0.136,1
APP-04483,38,Bachelor,Self-employed,Married,0,Urban,12,243904,720,1034019,48,No,24010,361473,0.098,1
APP-04484,23,Master,Business,Married,3,Semiurban,0,263755,651,2391773,48,No,59047,23010,0.224,1
APP-04485,27,Bachelor,Salaried,Single,3,Rural,2,159310,624,2673349,12,No,269228,446182,1.69,0
APP-04486,33,Bachelor,Salaried,Single,2,Semiurban,11,217512,681,2077711,36,Yes,69965,1444271,0.322,1
APP-04487,52,Matric,Salaried,Married,1,Urban,26,173247,496,2228209,84,Yes,32909,987152,0.19,1
APP-04488,24,Bachelor,Salaried,Single,0,Semiurban,1,194888,454,1654279,60,No,34066,429387,0.175,1
APP-04489,24,Master,Business,Single,4,Urban,0,327445,784,762104,60,Yes,14807,2249643,0.045,1
APP-04490,29,Master,Business,Single,2,Semiurban,0,200675,766,967921,84,Yes,13337,495472,0.066,1
APP-04491,25,Bachelor,Salaried,Single,3,Urban,0,129948,615,2241216,24,No,106212,89227,0.817,0
APP-04492,30,Intermediate,Salaried,Married,0,Semiurban,5,77596,657,2299307,72,No,35997,442355,0.464,1
APP-04493,34,Master,Salaried,Married,4,Rural,5,177257,612,112719,60,No,2422,735758,0.014,1
APP-04494,55,Matric,Business,Married,0,Semiurban,33,221450,608,1014500,84,No,15638,887736,0.071,1
APP-04495,45,Master,Salaried,Married,0,Semiurban,18,197507,582,2988917,60,No,61649,1434047,0.312,1
APP-04496,25,Master,Business,Married,4,Urban,3,323096,730,131443,12,No,13421,2513012,0.042,1
APP-04497,25,Intermediate,Salaried,Married,0,Semiurban,1,116728,784,1663932,36,No,58398,82449,0.5,1
APP-04498,22,Matric,Business,Married,4,Urban,0,133687,740,2382787,12,No,224866,206489,1.682,0
APP-04499,47,Master,Salaried,Married,4,Urban,19,222626,666,1091885,72,No,16529,101767,0.074,1
APP-04500,39,Bachelor,Salaried,Married,1,Semiurban,10,98002,661,745002,48,No,19091,122955,0.195,1
APP-04501,48,Intermediate,Self-employed,Married,3,Semiurban,22,267460,543,388342,36,No,13877,65450,0.052,1
APP-04502,36,PhD,Self-employed,Single,4,Semiurban,8,154819,597,1071788,12,Yes,99830,433860,0.645,0
APP-04503,43,Intermediate,Salaried,Single,3,Semiurban,14,133601,850,952451,60,No,18284,324398,0.137,1
APP-04504,60,Bachelor,Business,Married,4,Urban,36,194632,672,1970902,84,No,25659,1322537,0.132,1
APP-04505,49,Intermediate,Self-employed,Single,0,Urban,20,212088,691,2960770,36,Yes,94745,636488,0.447,1
APP-04506,47,Matric,Business,Married,4,Urban,18,104475,843,318266,36,No,11159,102205,0.107,1
APP-04507,41,Bachelor,Salaried,Married,0,Rural,18,84162,711,1579523,36,No,54659,610891,0.649,1
APP-04508,29,Master,Salaried,Single,4,Urban,1,161135,732,2329909,36,No,80914,64663,0.502,1
APP-04509,31,Matric,Salaried,Single,0,Urban,8,147483,717,1519461,72,No,25636,372448,0.174,1
APP-04510,26,Intermediate,Business,Married,0,Semiurban,0,92044,626,2523821,24,No,115169,615616,1.251,0
APP-04511,47,PhD,Self-employed,Married,0,Semiurban,25,247675,696,752092,84,No,10492,340654,0.042,1
APP-04512,46,Intermediate,Business,Married,0,Urban,22,127293,610,825430,24,Yes,42374,256146,0.333,0
APP-04513,36,Intermediate,Salaried,Married,2,Urban,11,189869,603,2491984,24,No,114478,1448550,0.603,0
APP-04514,50,Bachelor,Salaried,Married,4,Urban,22,177795,756,1861487,36,No,67201,1126464,0.378,1
APP-04515,55,Matric,Salaried,Married,4,Semiurban,27,102383,665,1660916,60,No,32637,707489,0.319,1
APP-04516,30,Intermediate,Salaried,Married,1,Urban,8,109435,623,2075205,60,No,43638,421825,0.399,1
APP-04517,52,Matric,Self-employed,Single,1,Rural,30,134054,600,2876102,84,No,44269,1123390,0.33,0
APP-04518,53,Master,Unemployed,Married,1,Urban,29,103590,447,333948,36,No,11460,18448,0.111,1
APP-04519,24,Master,Unemployed,Single,3,Semiurban,0,68132,640,1770520,84,No,24661,575745,0.362,0
APP-04520,58,Intermediate,Salaried,Married,0,Semiurban,29,165621,692,2106608,36,No,72459,1221961,0.437,1
APP-04521,40,PhD,Salaried,Married,0,Semiurban,17,190106,708,2353716,72,Yes,42139,1474815,0.222,1
APP-04522,50,Intermediate,Self-employed,Married,1,Rural,27,200091,753,192844,24,Yes,10339,1155250,0.052,1
APP-04523,44,Master,Unemployed,Single,2,Rural,16,88626,626,721263,12,No,70335,78286,0.794,0
APP-04524,35,Master,Self-employed,Married,3,Urban,12,218136,753,1820219,84,No,25633,1077329,0.118,1
APP-04525,64,Master,Business,Single,4,Urban,40,245678,713,1564529,36,Yes,51645,235879,0.21,1
APP-04526,55,Master,Salaried,Married,2,Urban,30,188447,747,195080,48,Yes,5009,383272,0.027,1
APP-04527,55,Intermediate,Salaried,Married,4,Urban,28,166030,529,1766470,84,Yes,26581,107178,0.16,0
APP-04528,49,Matric,Salaried,Single,0,Rural,25,201516,677,683209,36,Yes,23042,757858,0.114,1
APP-04529,33,Bachelor,Salaried,Married,3,Rural,8,213030,754,2959785,60,No,55442,1171614,0.26,1
APP-04530,47,Master,Salaried,Married,4,Semiurban,20,214961,586,988855,36,Yes,32999,1749087,0.154,1
APP-04531,30,Bachelor,Business,Married,3,Semiurban,4,188839,640,2480851,36,Yes,74757,100517,0.396,0
APP-04532,27,Master,Salaried,Married,0,Rural,5,151767,554,290735,60,No,5909,1280638,0.039,1
APP-04533,23,Intermediate,Unemployed,Married,0,Semiurban,0,41818,634,1062036,36,Yes,35905,288103,0.859,0
APP-04534,39,Bachelor,Self-employed,Married,4,Rural,16,221914,842,1382104,84,Yes,19160,249960,0.086,1
APP-04535,45,Bachelor,Salaried,Married,4,Urban,21,172776,658,1075651,72,No,17221,1203003,0.1,1
APP-04536,38,Bachelor,Salaried,Married,1,Rural,16,205363,640,391316,84,No,5757,1053304,0.028,1
APP-04537,28,Bachelor,Salaried,Married,0,Urban,0,146502,767,2011924,72,Yes,31844,303369,0.217,1
APP-04538,41,Bachelor,Salaried,Married,2,Urban,19,101081,675,2669540,72,Yes,46173,15515,0.457,1
APP-04539,55,Master,Salaried,Married,0,Urban,31,250408,657,2983499,84,No,45263,1374621,0.181,1
APP-04540,61,Bachelor,Business,Married,0,Urban,37,288543,635,1133095,24,No,52264,1338235,0.181,1
APP-04541,57,Bachelor,Business,Married,3,Semiurban,34,126893,555,464831,12,Yes,42988,1073069,0.339,0
APP-04542,49,Intermediate,Self-employed,Married,2,Rural,20,141610,609,2747137,72,No,43230,1117064,0.305,0
APP-04543,28,Intermediate,Salaried,Married,1,Urban,5,194138,717,872188,24,Yes,44586,1383459,0.23,1
APP-04544,54,Matric,Unemployed,Married,3,Rural,26,40784,659,590957,36,No,21112,268656,0.518,0
APP-04545,27,Bachelor,Business,Single,3,Urban,2,319801,531,2510052,48,No,56759,1857351,0.177,1
APP-04546,58,Intermediate,Salaried,Single,2,Urban,30,168278,561,282198,72,No,4785,1312204,0.028,1
APP-04547,32,Bachelor,Unemployed,Married,1,Rural,7,54464,392,2502910,12,No,255460,399741,4.69,0
APP-04548,46,Intermediate,Self-employed,Married,3,Urban,17,229064,766,1816561,48,Yes,46687,1132097,0.204,1
APP-04549,43,Bachelor,Salaried,Married,1,Urban,18,232457,731,1150584,12,No,108146,1962007,0.465,1
APP-04550,57,Bachelor,Salaried,Married,0,Semiurban,33,176509,834,654857,84,No,8990,132415,0.051,1
APP-04551,48,PhD,Unemployed,Single,2,Semiurban,22,120377,497,751552,36,No,25990,281481,0.216,1
APP-04552,56,Bachelor,Unemployed,Married,3,Urban,30,114220,629,2078676,48,No,51191,152269,0.448,0
APP-04553,37,Intermediate,Salaried,Married,0,Urban,10,152594,601,649528,84,No,9554,628181,0.063,1
APP-04554,35,Master,Salaried,Married,3,Semiurban,9,178215,701,323262,60,No,6213,1432558,0.035,1
APP-04555,28,Master,Salaried,Married,3,Rural,2,188987,630,2531030,60,No,47626,394360,0.252,1
APP-04556,26,Intermediate,Salaried,Married,1,Urban,4,124931,685,2296635,72,Yes,36328,1041339,0.291,1
APP-04557,32,Master,Business,Single,2,Urban,8,138232,681,2189082,12,No,224875,328669,1.627,1
APP-04558,62,Master,Self-employed,Single,4,Urban,37,306216,678,1989118,84,No,30451,933939,0.099,1
APP-04559,39,Bachelor,Salaried,Married,0,Semiurban,15,213831,557,1073680,60,Yes,22910,511051,0.107,1
APP-04560,60,Bachelor,Salaried,Single,4,Semiurban,32,155980,595,2091456,36,No,67303,970381,0.431,1
APP-04561,24,Bachelor,Business,Married,2,Semiurban,0,110764,511,2004188,60,Yes,40903,825078,0.369,0
APP-04562,30,Master,Salaried,Single,2,Semiurban,4,150361,742,555055,12,Yes,53649,804858,0.357,1
APP-04563,39,Master,Business,Married,0,Urban,14,307106,705,779211,48,Yes,17786,494475,0.058,1
APP-04564,25,Intermediate,Salaried,Single,4,Semiurban,0,118931,566,2299021,48,Yes,61482,488069,0.517,0
APP-04565,61,Matric,Self-employed,Married,0,Urban,39,185687,778,1096811,72,No,17205,191897,0.093,1
APP-04566,32,Matric,Self-employed,Married,1,Semiurban,8,69999,679,1305734,48,No,29576,458701,0.423,0
APP-04567,21,Bachelor,Business,Married,2,Urban,0,220030,681,970349,72,No,14977,1591827,0.068,1
APP-04568,52,Bachelor,Salaried,Married,1,Rural,27,224339,636,690596,60,No,14670,956806,0.065,1
APP-04569,63,Master,Salaried,Married,4,Semiurban,38,219809,850,2926023,12,No,290079,1308382,1.32,1
APP-04570,57,Matric,Salaried,Single,0,Urban,35,154744,736,478428,48,No,11324,566201,0.073,1
APP-04571,62,Bachelor,Salaried,Married,0,Semiurban,39,220978,654,1613389,84,No,24507,390354,0.111,1
APP-04572,21,Master,Self-employed,Married,0,Semiurban,0,220089,543,1319302,48,Yes,35274,615366,0.16,1
APP-04573,23,Master,Salaried,Married,2,Semiurban,0,76215,665,292831,60,Yes,6137,238377,0.081,1
APP-04574,33,Bachelor,Salaried,Single,0,Urban,11,218378,711,1363610,24,Yes,65813,14893,0.301,1
APP-04575,22,Bachelor,Business,Married,3,Semiurban,0,110522,622,539659,60,No,11331,931883,0.103,1
APP-04576,62,Master,Self-employed,Married,0,Semiurban,33,165069,659,1329544,48,No,32374,1386812,0.196,1
APP-04577,59,Matric,Self-employed,Married,0,Urban,32,110340,657,2802482,60,No,58583,925278,0.531,1
APP-04578,38,Master,Unemployed,Married,1,Urban,9,76118,507,1584737,12,No,155417,263098,2.042,0
APP-04579,54,Bachelor,Business,Married,4,Urban,28,343450,641,1251163,36,Yes,43560,2785642,0.127,0
APP-04580,58,Bachelor,Salaried,Single,1,Semiurban,31,170555,642,1838021,84,No,27896,827909,0.164,1
APP-04581,56,Intermediate,Salaried,Married,2,Semiurban,33,166742,648,158921,48,Yes,4240,172699,0.025,0
APP-04582,39,Master,Business,Single,1,Rural,17,173818,665,198402,36,No,6355,695290,0.037,1
APP-04583,43,Master,Salaried,Single,4,Semiurban,17,119102,607,2385533,84,Yes,35529,786775,0.298,1
APP-04584,61,Master,Salaried,Married,1,Semiurban,38,225926,695,2342398,24,No,107495,543244,0.476,1
APP-04585,54,Intermediate,Self-employed,Married,4,Semiurban,25,79448,751,148071,24,Yes,7393,666457,0.093,1
APP-04586,60,Bachelor,Salaried,Married,2,Semiurban,38,196774,509,1020815,60,No,20692,236879,0.105,1
APP-04587,53,Master,Salaried,Married,1,Rural,27,231706,724,778892,84,No,10929,1360187,0.047,1
APP-04588,27,Bachelor,Salaried,Single,1,Urban,2,73421,611,1357234,36,No,45766,141808,0.623,0
APP-04589,47,Matric,Business,Married,1,Urban,20,174281,450,241638,24,No,11384,591658,0.065,1
APP-04590,45,Master,Salaried,Married,1,Semiurban,20,108748,625,1717293,36,Yes,51735,807988,0.476,0
APP-04591,55,Intermediate,Business,Single,0,Semiurban,31,316126,631,591985,48,Yes,14153,56443,0.045,0
APP-04592,46,Master,Salaried,Single,0,Semiurban,17,148965,562,2816975,48,No,74411,619002,0.5,1
APP-04593,34,Intermediate,Salaried,Married,1,Semiurban,6,148171,624,2783097,48,No,68555,1064759,0.463,0
APP-04594,63,Master,Salaried,Married,1,Urban,36,222190,749,1224695,72,Yes,22010,879550,0.099,1
APP-04595,43,Bachelor,Unemployed,Married,2,Semiurban,20,82181,640,940976,72,Yes,16334,468705,0.199,0
APP-04596,22,Bachelor,Business,Single,1,Urban,0,169948,751,2683321,36,No,94760,387168,0.558,1
APP-04597,38,Master,Business,Married,1,Semiurban,13,120016,610,1677240,60,Yes,34633,836364,0.289,1
APP-04598,35,Matric,Salaried,Single,1,Urban,11,121570,641,2234222,24,Yes,118448,953891,0.974,0
APP-04599,35,Intermediate,Salaried,Single,1,Rural,6,76312,599,2610563,36,No,89036,257014,1.167,0
APP-04600,59,Bachelor,Salaried,Married,2,Urban,36,220867,627,170434,60,No,3348,396653,0.015,1
APP-04601,28,Master,Business,Married,4,Urban,5,201094,712,559410,84,No,8428,276805,0.042,1
APP-04602,38,Bachelor,Unemployed,Married,2,Urban,12,65674,423,2463044,48,No,64576,502858,0.983,0
APP-04603,41,Matric,Self-employed,Married,2,Urban,13,177767,663,1887559,84,Yes,25871,1277128,0.146,1
APP-04604,57,Master,Salaried,Married,0,Urban,30,146033,721,2192801,36,No,68635,950787,0.47,1
APP-04605,63,Intermediate,Business,Married,4,Semiurban,37,149441,777,1859117,72,Yes,32291,205460,0.216,1
APP-04606,57,Bachelor,Salaried,Married,3,Urban,28,211872,612,2841589,84,Yes,39674,341758,0.187,0
APP-04607,50,Master,Salaried,Single,4,Urban,22,237698,712,2245716,60,Yes,47953,1174041,0.202,1
APP-04608,32,Master,Salaried,Married,0,Urban,10,117564,696,476149,84,No,7248,742474,0.062,1
APP-04609,26,Bachelor,Salaried,Single,1,Urban,1,162837,734,2843437,60,Yes,59029,1055234,0.363,1
APP-04610,64,Intermediate,Salaried,Married,3,Semiurban,35,151232,578,2625397,84,No,37144,758578,0.246,1
APP-04611,25,Bachelor,Unemployed,Married,2,Urban,2,51677,542,1665001,12,Yes,156900,199665,3.036,0
APP-04612,57,Bachelor,Salaried,Single,0,Urban,31,174089,666,1617509,12,Yes,173900,1331495,0.999,1
APP-04613,57,Master,Self-employed,Married,0,Rural,30,156608,662,1963859,84,Yes,29919,441371,0.191,1
APP-04614,26,PhD,Salaried,Single,0,Rural,1,120499,652,1120867,36,No,40312,511576,0.335,1
APP-04615,31,Bachelor,Salaried,Married,4,Semiurban,5,153110,740,667925,60,Yes,12402,881126,0.081,1
APP-04616,39,Intermediate,Salaried,Single,1,Rural,16,157993,755,1772352,72,No,27018,1000138,0.171,1
APP-04617,46,Matric,Self-employed,Married,1,Urban,24,89501,544,2308493,24,No,113686,62683,1.27,0
APP-04618,54,Intermediate,Salaried,Single,4,Urban,29,140136,645,468377,36,Yes,15348,171959,0.11,0
APP-04619,23,Matric,Business,Married,1,Semiurban,0,215996,687,2010557,84,Yes,29281,1502078,0.136,1
APP-04620,32,Master,Salaried,Married,3,Rural,7,159288,748,1854110,12,No,196282,405740,1.232,1
APP-04621,53,Bachelor,Salaried,Married,0,Semiurban,25,213201,649,2027791,36,No,72664,145548,0.341,1
APP-04622,27,Matric,Salaried,Single,0,Urban,1,78084,645,1557264,72,No,23484,701105,0.301,0
APP-04623,37,PhD,Salaried,Single,3,Urban,15,188130,700,382680,12,Yes,38490,1048240,0.205,1
APP-04624,25,Master,Unemployed,Married,3,Semiurban,0,69330,509,1600572,36,No,52089,398882,0.751,0
APP-04625,50,Bachelor,Self-employed,Married,3,Rural,22,249334,698,152175,72,Yes,2472,369499,0.01,1
APP-04626,42,Intermediate,Self-employed,Married,3,Semiurban,17,244978,710,2705636,12,No,277559,630509,1.133,0
APP-04627,25,Intermediate,Unemployed,Single,4,Semiurban,0,33795,610,729836,12,Yes,71677,184455,2.121,0
APP-04628,29,Matric,Self-employed,Married,3,Urban,2,193942,644,2105806,48,Yes,50398,1142446,0.26,0
APP-04629,31,Bachelor,Self-employed,Single,1,Urban,8,251572,777,1672240,72,Yes,26796,603816,0.107,1
APP-04630,27,Bachelor,Self-employed,Married,2,Semiurban,5,155260,635,1997432,48,No,53856,911778,0.347,1
APP-04631,52,Master,Salaried,Married,1,Urban,25,91548,571,1001705,12,No,108377,206918,1.184,0
APP-04632,64,Master,Salaried,Married,3,Semiurban,40,194950,544,1821902,84,Yes,26420,1661630,0.136,0
APP-04633,21,Bachelor,Business,Married,1,Urban,0,202138,657,2471133,72,Yes,41158,620545,0.204,1
APP-04634,43,PhD,Business,Married,1,Urban,18,210137,579,2147161,72,No,35704,791295,0.17,1
APP-04635,48,Master,Self-employed,Single,1,Urban,22,190878,589,141171,24,Yes,6759,1695455,0.035,1
APP-04636,48,Bachelor,Salaried,Single,3,Urban,26,181863,651,1393806,84,Yes,21503,405473,0.118,1
APP-04637,25,Matric,Salaried,Single,3,Urban,0,139277,547,1566896,12,No,161670,184631,1.161,0
APP-04638,21,Master,Salaried,Married,3,Urban,0,181312,643,324400,60,Yes,6318,1261688,0.035,1
APP-04639,36,Bachelor,Self-employed,Single,3,Semiurban,9,61227,670,565389,84,No,7500,296207,0.122,1
APP-04640,37,Bachelor,Business,Married,0,Rural,10,121996,813,1919060,36,No,67021,770820,0.549,1
APP-04641,45,Matric,Self-employed,Married,3,Rural,18,132134,741,1039798,12,No,100473,291679,0.76,1
APP-04642,40,Master,Self-employed,Single,0,Urban,16,221363,642,223611,72,No,3969,1155180,0.018,1
APP-04643,38,Bachelor,Business,Married,4,Urban,13,315355,842,173278,24,No,8128,1251792,0.026,1
APP-04644,21,Bachelor,Unemployed,Married,1,Urban,0,42680,633,2750422,72,No,44065,295194,1.032,0
APP-04645,36,Bachelor,Salaried,Married,0,Urban,11,193803,777,199677,60,No,4208,1391267,0.022,1
APP-04646,55,Bachelor,Salaried,Married,3,Urban,31,110807,705,2839112,24,No,128953,230589,1.164,1
APP-04647,48,PhD,Business,Single,3,Urban,23,188107,565,515862,72,Yes,9187,1297091,0.049,1
APP-04648,33,Master,Business,Single,1,Urban,10,174381,664,439801,48,No,10747,1397729,0.062,1
APP-04649,63,Bachelor,Business,Single,2,Urban,35,342638,706,1956159,60,No,38419,898054,0.112,1
APP-04650,39,Bachelor,Business,Single,2,Rural,14,209391,826,1634650,72,No,27106,797787,0.129,1
APP-04651,47,Bachelor,Salaried,Single,3,Urban,25,149722,585,2196628,84,Yes,32233,941775,0.215,0
APP-04652,44,Intermediate,Salaried,Married,3,Semiurban,20,101630,785,2801772,72,No,46112,243864,0.454,1
APP-04653,54,Master,Business,Single,2,Urban,29,314314,850,2367062,48,Yes,54310,1008258,0.173,1
APP-04654,62,PhD,Self-employed,Single,4,Urban,40,196081,634,287848,84,No,4445,1649248,0.023,1
APP-04655,37,Bachelor,Self-employed,Single,4,Rural,13,144150,634,471662,72,No,8215,292061,0.057,1
APP-04656,27,Intermediate,Salaried,Married,2,Urban,0,170359,701,488369,48,No,11700,333850,0.069,1
APP-04657,62,Intermediate,Self-employed,Single,2,Rural,39,152755,518,1578712,36,No,55703,343529,0.365,0
APP-04658,24,Intermediate,Salaried,Single,2,Urban,0,61735,653,1862779,12,Yes,181075,26060,2.933,0
APP-04659,28,Bachelor,Self-employed,Married,4,Urban,2,127165,624,741362,12,No,71846,1118726,0.565,0
APP-04660,54,Master,Salaried,Single,3,Rural,27,205933,496,687860,12,No,65583,1529262,0.318,1
APP-04661,64,Matric,Salaried,Married,1,Urban,39,191418,695,2493556,60,Yes,47810,1433899,0.25,1
APP-04662,49,Bachelor,Salaried,Married,0,Urban,26,177335,645,2825984,48,No,73688,123129,0.416,1
APP-04663,42,Bachelor,Salaried,Married,1,Rural,19,98199,613,1596538,48,Yes,39327,763147,0.4,0
APP-04664,54,Intermediate,Self-employed,Married,3,Semiurban,26,104119,534,2677657,72,Yes,45534,853376,0.437,0
APP-04665,54,Bachelor,Business,Single,4,Urban,29,323568,614,2789917,84,No,38308,922234,0.118,1
APP-04666,51,Bachelor,Salaried,Single,0,Urban,29,175299,708,2024373,60,No,41792,794577,0.238,1
APP-04667,40,Intermediate,Self-employed,Single,1,Urban,14,88157,687,2304828,72,No,40519,695068,0.46,0
APP-04668,22,Master,Self-employed,Single,2,Semiurban,0,74793,625,2203420,36,No,66162,280107,0.885,0
APP-04669,24,Bachelor,Unemployed,Married,0,Semiurban,2,57917,548,2266586,72,Yes,37782,260562,0.652,0
APP-04670,56,Intermediate,Salaried,Married,2,Urban,34,204209,502,502232,60,No,10682,1455643,0.052,1
APP-04671,48,Matric,Self-employed,Married,4,Urban,23,111542,767,2679415,60,Yes,57965,619321,0.52,0
APP-04672,36,Bachelor,Self-employed,Married,2,Semiurban,9,112089,606,943829,12,No,101086,19068,0.902,0
APP-04673,62,Intermediate,Unemployed,Married,2,Urban,33,66634,587,1440020,24,No,75631,197676,1.135,0
APP-04674,50,Bachelor,Salaried,Married,2,Rural,21,187149,720,244323,48,No,5943,566263,0.032,1
APP-04675,55,Intermediate,Salaried,Married,2,Rural,33,144896,647,1010231,12,No,96392,227161,0.665,0
APP-04676,44,Bachelor,Salaried,Single,4,Urban,16,185095,835,1963171,84,No,30246,440587,0.163,1
APP-04677,42,Bachelor,Salaried,Married,1,Semiurban,14,112599,850,450911,84,No,5804,546217,0.052,1
APP-04678,43,Intermediate,Self-employed,Married,2,Urban,20,106275,594,169190,48,No,4568,529251,0.043,1
APP-04679,55,Intermediate,Business,Married,2,Semiurban,33,258211,698,1265191,36,No,42123,2189968,0.163,1
APP-04680,61,Bachelor,Salaried,Married,1,Urban,32,141049,607,2531497,12,No,262574,1046933,1.862,0
APP-04681,28,Master,Salaried,Married,2,Semiurban,3,160013,549,2674157,24,No,138697,290920,0.867,0
APP-04682,61,Intermediate,Salaried,Single,1,Semiurban,33,226313,616,1278147,72,No,22874,1368291,0.101,1
APP-04683,49,Bachelor,Self-employed,Married,4,Urban,24,99591,561,2662392,84,No,39893,411810,0.401,0
APP-04684,35,Bachelor,Salaried,Married,1,Rural,13,122925,750,666212,72,Yes,10581,257771,0.086,1
APP-04685,36,Matric,Salaried,Married,4,Urban,8,105737,623,2799790,60,Yes,57268,429621,0.542,0
APP-04686,43,Intermediate,Business,Married,2,Urban,20,121743,628,1375581,12,No,148274,556506,1.218,0
APP-04687,31,Intermediate,Business,Married,4,Semiurban,5,94165,837,2602470,60,Yes,50195,254286,0.533,0
APP-04688,29,Intermediate,Salaried,Single,0,Semiurban,7,142098,801,2932916,48,No,74340,376005,0.523,1
APP-04689,31,Bachelor,Salaried,Married,1,Rural,9,95999,611,125927,12,No,13230,269542,0.138,1
APP-04690,63,Intermediate,Salaried,Married,2,Rural,36,133647,789,2867374,60,No,61240,39904,0.458,0
APP-04691,47,Bachelor,Self-employed,Married,0,Rural,18,116649,627,2446856,72,No,40914,790467,0.351,1
APP-04692,36,Master,Salaried,Single,3,Urban,14,94777,653,799811,84,No,11162,70820,0.118,1
APP-04693,23,Master,Business,Single,3,Semiurban,1,166963,598,593374,48,No,15056,1472452,0.09,1
APP-04694,54,Intermediate,Business,Single,0,Urban,25,296870,680,1703342,60,Yes,34432,1959853,0.116,1
APP-04695,43,Bachelor,Salaried,Single,4,Rural,21,213251,686,1563830,48,No,42341,586472,0.199,1
APP-04696,28,Intermediate,Salaried,Single,2,Urban,0,133185,591,1502719,12,No,153136,1134897,1.15,0
APP-04697,25,Master,Salaried,Single,0,Semiurban,0,199286,567,2260389,84,No,34181,1295038,0.172,1
APP-04698,41,Master,Business,Married,3,Urban,15,314741,595,2745648,48,No,67603,2121251,0.215,1
APP-04699,31,Matric,Salaried,Married,0,Rural,3,155209,707,574641,48,No,15302,911844,0.099,1
APP-04700,31,Master,Salaried,Married,4,Urban,8,122024,548,1844298,36,No,65481,996734,0.537,0
APP-04701,27,Bachelor,Business,Single,4,Urban,3,87687,588,623179,60,Yes,11563,224431,0.132,0
APP-04702,32,Bachelor,Salaried,Married,0,Urban,3,177331,709,1134243,24,No,51331,726839,0.289,1
APP-04703,55,Bachelor,Salaried,Married,1,Semiurban,26,204044,729,1091584,36,No,36816,616472,0.18,1
APP-04704,51,Matric,Salaried,Married,2,Semiurban,23,137159,771,2795446,24,No,143110,34206,1.043,1
APP-04705,39,PhD,Self-employed,Married,0,Urban,17,208007,630,1964722,24,No,104348,1238388,0.502,1
APP-04706,41,Master,Salaried,Married,3,Rural,19,125493,595,433468,48,No,10174,190283,0.081,1
APP-04707,34,Bachelor,Salaried,Single,0,Semiurban,7,126547,489,1710741,60,No,35766,447512,0.283,1
APP-04708,64,Master,Salaried,Single,0,Semiurban,38,213799,800,1358148,24,No,72521,387030,0.339,1
APP-04709,38,Master,Unemployed,Single,3,Semiurban,16,90727,708,1108954,12,No,111809,133885,1.232,0
APP-04710,37,Master,Unemployed,Single,3,Semiurban,10,81782,719,1461765,48,Yes,36293,157777,0.444,0
APP-04711,64,Bachelor,Salaried,Married,2,Rural,38,229638,660,1653152,24,Yes,84060,512230,0.366,1
APP-04712,38,Intermediate,Salaried,Married,0,Urban,9,102144,739,2289326,84,Yes,34096,425146,0.334,1
APP-04713,34,Bachelor,Unemployed,Single,2,Urban,12,59601,504,2485138,84,No,35794,488962,0.601,0
APP-04714,33,Master,Salaried,Married,2,Rural,4,140668,543,2747361,60,No,52086,1022810,0.37,1
APP-04715,54,Intermediate,Salaried,Married,0,Urban,27,181855,662,1058619,36,No,33354,735704,0.183,1
APP-04716,46,Intermediate,Salaried,Married,3,Urban,20,181876,850,2317064,24,No,116362,1198805,0.64,1
APP-04717,21,Matric,Self-employed,Single,1,Semiurban,0,203803,676,2122122,12,Yes,202204,1078073,0.992,0
APP-04718,34,Bachelor,Unemployed,Single,3,Rural,7,56128,570,1357638,60,Yes,29078,137090,0.518,0
APP-04719,21,Bachelor,Business,Single,2,Urban,0,180850,759,2250624,60,No,46121,1083014,0.255,1
APP-04720,56,Master,Self-employed,Single,4,Urban,31,154285,647,1335859,36,No,47859,203174,0.31,0
APP-04721,55,Master,Self-employed,Single,1,Urban,27,270679,676,1343349,48,No,33628,1342787,0.124,1
APP-04722,37,PhD,Unemployed,Single,0,Rural,15,98475,567,2026946,48,No,51367,493827,0.522,0
APP-04723,52,PhD,Salaried,Married,2,Rural,28,247529,630,1448939,60,No,26905,913196,0.109,1
APP-04724,54,Bachelor,Salaried,Married,0,Rural,31,121503,642,2431792,24,Yes,125784,438681,1.035,0
APP-04725,45,Master,Business,Single,4,Rural,20,253155,623,2216871,60,No,43308,800908,0.171,1
APP-04726,44,Master,Self-employed,Married,1,Rural,16,232363,495,2576622,60,No,55099,1663086,0.237,1
APP-04727,23,Bachelor,Self-employed,Married,4,Semiurban,0,121483,653,1240522,48,Yes,31947,307887,0.263,1
APP-04728,34,Master,Salaried,Married,3,Semiurban,6,95378,613,1570481,36,No,51046,73803,0.535,0
APP-04729,42,Master,Self-employed,Married,3,Urban,17,134629,801,2040314,84,Yes,31125,1132911,0.231,1
APP-04730,37,Master,Self-employed,Single,2,Urban,10,139106,625,409742,12,Yes,40325,425257,0.29,0
APP-04731,29,Master,Self-employed,Married,4,Semiurban,6,117110,700,842278,12,Yes,84513,774433,0.722,0
APP-04732,44,Master,Salaried,Married,3,Urban,16,167302,794,2243135,12,Yes,202709,1456489,1.212,1
APP-04733,49,Matric,Self-employed,Married,1,Semiurban,20,161234,708,2576544,12,Yes,240547,243070,1.492,0
APP-04734,53,Master,Salaried,Single,3,Urban,25,220363,811,2860615,48,Yes,73921,330386,0.335,1
APP-04735,63,Bachelor,Salaried,Married,2,Urban,40,103199,680,2906157,84,No,40973,96870,0.397,1
APP-04736,32,Bachelor,Salaried,Married,1,Semiurban,5,134694,707,497786,12,No,46488,252830,0.345,1
APP-04737,50,Bachelor,Salaried,Married,2,Urban,25,123810,579,1377807,36,Yes,49674,313841,0.401,0
APP-04738,50,Matric,Business,Married,0,Semiurban,24,207359,662,579464,84,Yes,8645,326156,0.042,1
APP-04739,54,Master,Unemployed,Married,3,Urban,31,87793,737,1923415,60,No,41183,259809,0.469,0
APP-04740,41,Bachelor,Salaried,Married,1,Semiurban,13,205816,703,2210601,24,No,115234,668219,0.56,1
APP-04741,36,Master,Salaried,Single,3,Urban,9,162608,716,620726,36,Yes,21804,65019,0.134,1
APP-04742,34,PhD,Salaried,Single,1,Semiurban,6,181270,826,1057272,36,No,34396,1447415,0.19,1
APP-04743,39,Bachelor,Self-employed,Single,4,Semiurban,12,198586,795,913203,12,Yes,92080,961073,0.464,0
APP-04744,23,Matric,Salaried,Married,4,Semiurban,0,95178,791,1054004,84,No,14296,589596,0.15,1
APP-04745,41,Bachelor,Salaried,Single,0,Urban,18,195037,653,212612,24,Yes,11429,1284976,0.059,1
APP-04746,58,Master,Salaried,Married,4,Urban,35,174879,571,1637258,24,Yes,87427,878045,0.5,0
APP-04747,21,Intermediate,Self-employed,Married,1,Rural,0,97890,673,1493478,60,No,31697,658099,0.324,0
APP-04748,52,Intermediate,Salaried,Single,4,Urban,26,190790,601,1049261,12,Yes,102791,741642,0.539,0
APP-04749,34,PhD,Self-employed,Single,1,Urban,12,281256,573,352167,12,Yes,36893,1436008,0.131,1
APP-04750,41,Master,Business,Married,4,Urban,16,135314,629,288776,60,Yes,5746,904636,0.042,0
APP-04751,62,Matric,Business,Single,1,Rural,37,335445,780,2380295,36,No,82664,2568376,0.246,1
APP-04752,25,Matric,Business,Single,3,Urban,0,89282,850,1589974,60,No,28621,328778,0.321,1
APP-04753,60,Master,Self-employed,Single,4,Urban,38,263203,778,2104273,60,Yes,42301,1383521,0.161,1
APP-04754,23,Master,Salaried,Single,0,Urban,1,180081,656,322961,60,No,6636,814597,0.037,1
APP-04755,30,PhD,Business,Married,1,Urban,1,159046,618,1254187,72,No,19726,61349,0.124,1
APP-04756,26,Master,Salaried,Married,0,Urban,2,213453,751,1241486,24,No,64318,1856270,0.301,1
APP-04757,50,Intermediate,Business,Married,0,Semiurban,26,259344,603,1562587,48,No,35605,1366520,0.137,1
APP-04758,41,Intermediate,Unemployed,Single,0,Semiurban,13,55300,300,973644,36,No,30995,28741,0.56,0
APP-04759,51,Master,Business,Single,2,Semiurban,26,132653,772,841364,72,No,14205,52011,0.107,1
APP-04760,39,Master,Self-employed,Married,1,Semiurban,15,115878,553,497716,24,Yes,24432,53161,0.211,0
APP-04761,59,Bachelor,Salaried,Single,2,Urban,36,203171,609,864428,60,No,16626,1287221,0.082,1
APP-04762,28,PhD,Self-employed,Married,0,Semiurban,6,195097,759,2178275,12,No,210777,814153,1.08,1
APP-04763,47,Bachelor,Salaried,Single,2,Urban,20,136551,648,1319013,36,No,43861,226826,0.321,1
APP-04764,23,Bachelor,Self-employed,Married,0,Rural,1,107860,612,2168807,24,No,115604,177826,1.072,0
APP-04765,55,Bachelor,Unemployed,Single,3,Semiurban,32,84440,541,2586383,24,Yes,132444,201040,1.568,0
APP-04766,62,Master,Self-employed,Single,1,Rural,35,326490,850,1489522,12,No,158741,1417901,0.486,1
APP-04767,32,Bachelor,Salaried,Single,1,Rural,7,77632,639,334482,12,No,33472,580263,0.431,0
APP-04768,38,Intermediate,Salaried,Single,1,Urban,15,209149,569,2492111,48,No,59004,1135064,0.282,1
APP-04769,55,Bachelor,Self-employed,Married,2,Rural,30,107678,815,757165,72,Yes,12158,494789,0.113,1
APP-04770,35,Intermediate,Business,Married,4,Urban,8,123042,623,2937329,36,No,94522,378377,0.768,0
APP-04771,33,PhD,Salaried,Married,1,Urban,5,116981,641,560722,60,No,10483,907149,0.09,1
APP-04772,24,Intermediate,Business,Married,0,Semiurban,2,207433,784,1756234,60,No,33579,358344,0.162,1
APP-04773,60,Bachelor,Self-employed,Married,3,Semiurban,38,302737,623,680085,12,No,63900,2566991,0.211,1
APP-04774,55,Intermediate,Self-employed,Married,0,Urban,30,222006,825,2644896,84,No,36186,1323732,0.163,1
APP-04775,26,Master,Salaried,Married,4,Urban,3,96136,509,692520,12,Yes,68624,86989,0.714,0
APP-04776,51,Intermediate,Self-employed,Single,0,Urban,29,150512,780,1220638,72,Yes,19495,781751,0.13,1
APP-04777,22,Intermediate,Salaried,Single,1,Rural,0,69971,643,1206088,36,Yes,41804,321882,0.597,0
APP-04778,47,Bachelor,Salaried,Married,3,Semiurban,22,212312,637,838520,36,Yes,27113,586429,0.128,1
APP-04779,34,Master,Self-employed,Single,4,Semiurban,5,84748,695,1507923,12,No,151259,70176,1.785,0
APP-04780,32,Bachelor,Salaried,Married,0,Urban,4,156849,674,2133540,48,No,57651,763023,0.368,1
APP-04781,62,Bachelor,Business,Married,1,Urban,39,192104,660,2572779,24,Yes,118729,714785,0.618,0
APP-04782,40,Intermediate,Self-employed,Married,3,Urban,17,200194,590,808896,84,Yes,12489,1291796,0.062,0
APP-04783,58,Master,Self-employed,Single,4,Rural,29,283348,769,1217362,36,Yes,38108,640589,0.134,1
APP-04784,49,Bachelor,Self-employed,Single,3,Urban,22,101331,615,2709168,84,No,37782,887004,0.373,0
APP-04785,49,Bachelor,Business,Single,3,Rural,20,103813,697,2471166,24,Yes,120299,630960,1.159,1
APP-04786,46,Intermediate,Business,Married,3,Urban,22,348569,543,2385737,24,No,111681,1914989,0.32,0
APP-04787,35,Matric,Salaried,Single,2,Semiurban,12,76223,519,1175007,36,Yes,40601,412549,0.533,0
APP-04788,45,Bachelor,Salaried,Married,0,Semiurban,23,210860,722,1028983,12,Yes,98699,928576,0.468,1
APP-04789,37,Bachelor,Salaried,Single,3,Urban,15,211451,651,1229246,24,No,61893,10997,0.293,1
APP-04790,33,Bachelor,Business,Married,4,Urban,4,228053,656,655319,36,Yes,22826,1904156,0.1,1
APP-04791,41,Master,Salaried,Married,3,Rural,14,208922,620,2072154,72,No,31512,1712803,0.151,1
APP-04792,47,Matric,Salaried,Married,4,Rural,21,172606,603,1728247,72,Yes,26005,581182,0.151,0
APP-04793,62,Bachelor,Salaried,Single,1,Semiurban,33,153167,497,2526814,36,No,86147,1037897,0.562,1
APP-04794,37,Master,Salaried,Single,2,Rural,11,192659,776,649390,12,No,68485,1319868,0.355,1
APP-04795,31,Master,Salaried,Single,4,Urban,9,179918,678,1244624,72,No,22384,547291,0.124,1
APP-04796,48,Bachelor,Salaried,Married,0,Urban,19,112741,587,2014184,72,Yes,34845,529584,0.309,0
APP-04797,21,PhD,Unemployed,Married,0,Semiurban,0,87544,514,2321263,84,No,35465,180092,0.405,0
APP-04798,55,Bachelor,Salaried,Married,2,Urban,33,178944,751,750329,12,No,75961,500915,0.424,1
APP-04799,26,Bachelor,Business,Single,3,Semiurban,0,146612,810,1989537,72,Yes,33303,1037417,0.227,1
APP-04800,39,Intermediate,Salaried,Married,3,Urban,17,142460,755,2179621,72,No,35536,338010,0.249,1
APP-04801,52,Master,Salaried,Married,1,Semiurban,30,180639,735,303069,36,No,10585,744500,0.059,1
APP-04802,43,Master,Salaried,Single,3,Rural,19,142936,643,1685244,12,No,160133,36126,1.12,0
APP-04803,42,Master,Salaried,Single,1,Urban,19,221201,635,1362776,60,No,29035,676794,0.131,1
APP-04804,29,Bachelor,Business,Married,1,Urban,6,210221,636,1020062,48,No,24224,47161,0.115,1
APP-04805,31,Matric,Salaried,Single,3,Rural,6,159064,646,123109,12,No,12940,1242244,0.081,1
APP-04806,45,Bachelor,Business,Married,1,Urban,22,125342,545,2843488,12,No,267027,643067,2.13,0
APP-04807,29,Master,Salaried,Single,0,Urban,4,180076,662,206626,24,No,10943,1096888,0.061,1
APP-04808,43,Bachelor,Self-employed,Married,3,Urban,19,200019,804,2166219,60,Yes,40792,523181,0.204,1
APP-04809,35,Intermediate,Unemployed,Married,3,Urban,8,53723,571,1879599,24,No,101164,216688,1.883,0
APP-04810,50,Matric,Unemployed,Married,2,Semiurban,23,78619,750,2785014,36,Yes,97936,479793,1.246,0
APP-04811,32,Master,Salaried,Married,2,Semiurban,7,206320,573,516542,36,No,15575,203092,0.075,1
APP-04812,21,Bachelor,Salaried,Married,3,Semiurban,0,141280,689,902149,60,No,17511,813466,0.124,1
APP-04813,28,Bachelor,Salaried,Single,0,Semiurban,3,91676,565,2681902,24,No,140853,701911,1.536,0
APP-04814,56,Intermediate,Salaried,Married,4,Semiurban,31,233532,799,1007244,72,No,17829,1990049,0.076,1
APP-04815,44,Master,Salaried,Married,0,Semiurban,22,238671,696,2813494,36,No,98331,1710826,0.412,1
APP-04816,63,Matric,Self-employed,Married,0,Semiurban,36,189151,850,1533187,12,No,160259,1367721,0.847,1
APP-04817,42,Intermediate,Business,Married,4,Rural,16,266202,717,1182883,60,No,23308,1275030,0.088,1
APP-04818,64,Bachelor,Unemployed,Single,2,Semiurban,41,102298,660,2914931,36,No,96511,381846,0.943,0
APP-04819,28,Bachelor,Salaried,Married,4,Urban,4,102901,826,1163581,48,No,27695,443434,0.269,1
APP-04820,22,Bachelor,Unemployed,Single,0,Semiurban,0,47847,650,122156,48,No,2823,295809,0.059,1
APP-04821,46,Matric,Self-employed,Married,4,Rural,19,204375,667,137121,12,No,14168,909131,0.069,1
APP-04822,36,Bachelor,Salaried,Married,0,Semiurban,14,98104,642,171203,84,No,2217,807474,0.023,1
APP-04823,37,PhD,Salaried,Married,1,Semiurban,11,197231,759,2437521,72,No,37989,782975,0.193,1
APP-04824,35,Intermediate,Unemployed,Single,2,Urban,10,46834,663,901654,36,No,29910,213649,0.639,0
APP-04825,29,PhD,Salaried,Married,4,Urban,0,121932,701,2373173,84,No,33752,140797,0.277,1
APP-04826,30,Bachelor,Business,Single,0,Urban,4,222851,745,204238,48,No,5096,1603374,0.023,1
APP-04827,58,Bachelor,Salaried,Married,4,Rural,30,120793,568,2915788,12,No,294167,917912,2.435,0
APP-04828,58,Bachelor,Self-employed,Single,3,Urban,29,269261,777,682369,36,No,22113,1072300,0.082,1
APP-04829,22,Intermediate,Salaried,Married,0,Urban,0,171314,722,2166917,12,No,202214,590294,1.18,1
APP-04830,45,PhD,Salaried,Married,4,Semiurban,18,153648,679,996806,72,No,17007,706570,0.111,1
APP-04831,41,Bachelor,Self-employed,Married,1,Urban,18,86361,426,2834615,84,No,42165,14962,0.488,0
APP-04832,42,Bachelor,Salaried,Married,3,Urban,20,98111,669,2427306,48,Yes,56180,370571,0.573,0
APP-04833,30,Intermediate,Salaried,Married,0,Urban,6,71758,692,2570094,60,Yes,55332,422339,0.771,0
APP-04834,39,Bachelor,Salaried,Married,3,Urban,15,112471,784,1613306,36,Yes,53221,969733,0.473,1
APP-04835,41,Intermediate,Unemployed,Married,1,Semiurban,17,61041,533,1746819,72,Yes,27608,445526,0.452,0
APP-04836,50,Bachelor,Self-employed,Married,2,Urban,25,233630,823,1099816,36,No,38841,689135,0.166,1
APP-04837,38,Bachelor,Self-employed,Married,0,Urban,15,199371,719,518929,12,No,56008,49533,0.281,1
APP-04838,38,Master,Salaried,Single,0,Semiurban,10,96223,707,433297,36,No,13666,262398,0.142,1
APP-04839,31,Matric,Salaried,Single,1,Urban,8,135892,646,2181094,36,Yes,73329,121917,0.54,0
APP-04840,38,Bachelor,Salaried,Married,3,Rural,13,118793,577,2541855,12,Yes,252854,345798,2.129,0
APP-04841,49,Matric,Salaried,Married,2,Urban,25,189548,550,1155223,36,Yes,35407,1137607,0.187,0
APP-04842,36,Bachelor,Self-employed,Married,1,Semiurban,14,129397,747,2501774,12,Yes,248019,260369,1.917,0
APP-04843,21,Bachelor,Salaried,Married,2,Rural,0,191388,583,1007081,84,Yes,14936,308664,0.078,0
APP-04844,48,Bachelor,Salaried,Married,1,Semiurban,21,171405,762,2283153,48,No,56481,1505134,0.33,1
APP-04845,27,Matric,Self-employed,Married,1,Urban,0,208686,747,2055670,36,Yes,73295,1738777,0.351,1
APP-04846,44,Bachelor,Salaried,Married,3,Rural,18,92459,714,1835019,84,Yes,23817,400122,0.258,1
APP-04847,46,Intermediate,Salaried,Single,2,Rural,22,130950,819,1469094,72,No,24311,212850,0.186,1
APP-04848,54,Intermediate,Self-employed,Married,1,Semiurban,31,267527,700,182459,24,No,8225,124777,0.031,1
APP-04849,57,Intermediate,Salaried,Single,2,Urban,34,247401,680,1951986,12,No,175776,1380218,0.71,1
APP-04850,44,Master,Business,Single,3,Urban,16,115327,765,2251224,72,No,40140,747536,0.348,1
APP-04851,50,Bachelor,Salaried,Single,1,Urban,25,161716,559,2193105,84,Yes,31169,180058,0.193,0
APP-04852,48,Bachelor,Salaried,Single,1,Urban,22,212444,752,1389096,84,No,18524,1511085,0.087,1
APP-04853,50,Master,Self-employed,Married,1,Rural,24,101044,574,1774049,84,No,26102,495594,0.258,1
APP-04854,49,Master,Salaried,Single,2,Rural,26,169551,582,737462,72,No,11272,1041433,0.066,1
APP-04855,22,Intermediate,Salaried,Married,4,Semiurban,0,177853,705,2548674,72,No,42311,1250102,0.238,1
APP-04856,57,Intermediate,Unemployed,Single,4,Urban,34,102766,560,1134963,12,Yes,114713,591461,1.116,0
APP-04857,37,Matric,Salaried,Married,4,Rural,11,58383,527,2627838,60,No,49841,369393,0.854,0
APP-04858,38,Intermediate,Unemployed,Single,3,Urban,11,45292,475,875042,72,Yes,15241,220500,0.337,0
APP-04859,43,Intermediate,Salaried,Married,2,Semiurban,21,147283,729,2736268,36,Yes,89692,1180980,0.609,0
APP-04860,34,Matric,Salaried,Single,4,Semiurban,6,89955,660,2437388,84,Yes,34988,772540,0.389,0
APP-04861,51,PhD,Salaried,Single,3,Semiurban,25,217187,823,1262071,60,No,26831,918503,0.124,1
APP-04862,27,Intermediate,Salaried,Single,0,Rural,0,119026,612,1314364,36,No,44948,168818,0.378,0
APP-04863,39,Bachelor,Salaried,Single,1,Semiurban,11,160805,703,2768692,48,Yes,73868,161025,0.459,1
APP-04864,52,PhD,Self-employed,Married,1,Semiurban,24,257655,702,870458,36,Yes,29728,1734499,0.115,1
APP-04865,43,Intermediate,Unemployed,Married,0,Urban,18,56139,663,2795142,72,No,47869,388023,0.853,0
APP-04866,42,Master,Self-employed,Single,0,Rural,14,85587,633,288244,24,No,13732,656772,0.16,1
APP-04867,63,Master,Salaried,Married,2,Semiurban,34,221894,706,2391934,12,Yes,229738,1949354,1.035,1
APP-04868,26,Bachelor,Unemployed,Single,3,Rural,0,40394,690,2803930,12,Yes,283461,64373,7.017,0
APP-04869,64,Bachelor,Business,Single,4,Rural,41,299015,730,1487718,72,No,25160,2160551,0.084,1
APP-04870,42,Matric,Salaried,Married,3,Urban,17,147188,505,2438501,72,No,39528,905254,0.269,1
APP-04871,48,Matric,Unemployed,Married,0,Semiurban,25,72375,639,1485983,36,No,48676,49122,0.673,0
APP-04872,52,Matric,Salaried,Married,2,Urban,28,124853,698,803063,36,Yes,26096,388883,0.209,1
APP-04873,56,Intermediate,Salaried,Married,0,Semiurban,31,175953,681,476651,36,No,14496,1418407,0.082,1
APP-04874,63,Bachelor,Self-employed,Married,2,Semiurban,34,184482,777,1733804,36,No,62400,1566719,0.338,1
APP-04875,26,Bachelor,Salaried,Married,2,Urban,1,125999,620,240733,84,Yes,3241,236665,0.026,1
APP-04876,33,PhD,Unemployed,Married,3,Semiurban,8,91706,515,2273145,84,Yes,33237,253756,0.362,0
APP-04877,56,Bachelor,Unemployed,Married,0,Semiurban,32,101891,504,1020223,36,No,35797,229651,0.351,1
APP-04878,34,Intermediate,Salaried,Single,0,Rural,11,131748,711,166740,12,No,15108,781641,0.115,1
APP-04879,21,Matric,Unemployed,Single,1,Urban,0,15553,540,1802994,72,No,27923,110718,1.795,0
APP-04880,57,Master,Unemployed,Single,4,Urban,28,78968,708,1095312,12,Yes,106701,332759,1.351,0
APP-04881,21,Intermediate,Unemployed,Married,0,Urban,0,24980,522,2575922,60,No,53438,171752,2.139,0
APP-04882,35,Intermediate,Salaried,Married,0,Semiurban,13,94968,755,2712464,72,No,46564,670717,0.49,1
APP-04883,54,Bachelor,Self-employed,Single,0,Rural,27,229519,627,2227232,24,No,120465,25930,0.525,0
APP-04884,29,Matric,Business,Single,4,Urban,7,232778,739,825385,24,No,38816,817007,0.167,1
APP-04885,56,Master,Business,Married,2,Urban,27,225055,700,1396828,72,No,23153,678988,0.103,1
APP-04886,57,Bachelor,Salaried,Married,0,Urban,30,113533,702,692696,72,No,11516,217738,0.101,1
APP-04887,39,Matric,Business,Married,4,Rural,14,139755,594,2452910,24,Yes,126438,184478,0.905,0
APP-04888,62,Bachelor,Unemployed,Married,0,Semiurban,34,120778,497,1636066,72,No,28224,660056,0.234,1
APP-04889,57,Intermediate,Salaried,Married,0,Rural,28,239482,606,2253383,24,No,102589,1849160,0.428,1
APP-04890,36,Master,Business,Married,4,Urban,13,183669,574,2975589,36,No,106779,982931,0.581,0
APP-04891,46,Intermediate,Self-employed,Married,3,Semiurban,23,273431,749,268150,48,No,6797,1908825,0.025,1
APP-04892,51,Bachelor,Salaried,Single,4,Rural,26,121446,588,1360095,24,Yes,70492,456482,0.58,0
APP-04893,42,Intermediate,Salaried,Married,0,Rural,15,100971,739,1522764,48,No,41032,303221,0.406,1
APP-04894,58,Matric,Salaried,Single,0,Semiurban,29,206485,549,1731564,48,No,44401,752736,0.215,1
APP-04895,60,Master,Salaried,Single,1,Rural,33,136113,577,1676867,12,No,172182,1063312,1.265,0
APP-04896,21,Bachelor,Salaried,Married,0,Semiurban,0,121467,726,855129,24,No,43486,997470,0.358,1
APP-04897,47,Bachelor,Salaried,Single,1,Urban,22,184444,701,2135143,60,No,42046,1477773,0.228,1
APP-04898,33,Bachelor,Salaried,Married,3,Semiurban,10,173129,687,2668313,72,No,43884,1077673,0.253,1
APP-04899,53,Bachelor,Salaried,Married,2,Semiurban,31,147670,611,1839631,24,Yes,93963,1096596,0.636,0
APP-04900,38,Intermediate,Self-employed,Married,1,Semiurban,14,116670,496,2301933,48,No,54335,988013,0.466,0
APP-04901,27,Master,Unemployed,Single,3,Urban,1,64445,549,1521245,84,No,22134,264752,0.343,0
APP-04902,25,Matric,Salaried,Married,1,Urban,3,108266,567,2348316,12,Yes,234017,661987,2.162,0
APP-04903,40,Bachelor,Business,Married,3,Urban,11,223748,850,1431007,84,No,21208,501420,0.095,1
APP-04904,22,Matric,Salaried,Single,1,Urban,0,76382,515,2747957,60,No,55558,522584,0.727,0
APP-04905,62,Bachelor,Business,Married,2,Semiurban,33,222609,760,753992,72,No,12968,1703304,0.058,1
APP-04906,50,Intermediate,Salaried,Single,3,Urban,24,77571,623,127653,72,No,2278,327080,0.029,1
APP-04907,57,Intermediate,Business,Married,3,Urban,35,220750,800,2444858,48,No,60345,815538,0.273,1
APP-04908,60,Bachelor,Business,Married,2,Rural,35,167917,706,580109,72,No,9100,636581,0.054,1
APP-04909,45,Master,Salaried,Single,4,Rural,23,106154,695,2483000,12,Yes,245399,808822,2.312,0
APP-04910,51,Bachelor,Self-employed,Married,4,Rural,29,252903,788,1112294,48,No,25878,1903084,0.102,1
APP-04911,33,Intermediate,Unemployed,Married,1,Rural,10,55072,615,1805852,36,No,64748,165638,1.176,0
APP-04912,64,Matric,Salaried,Married,3,Semiurban,41,218994,836,974919,60,No,19823,1580564,0.091,1
APP-04913,43,Master,Salaried,Single,1,Urban,14,206260,583,2479481,72,No,38026,745435,0.184,1
APP-04914,46,Master,Salaried,Married,3,Semiurban,18,235530,566,1195999,72,No,20058,660604,0.085,1
APP-04915,46,Intermediate,Salaried,Single,2,Urban,20,122686,734,2680596,12,No,269201,494551,2.194,1
APP-04916,49,Bachelor,Salaried,Married,4,Urban,24,187261,595,1223627,72,No,18996,1266811,0.101,1
APP-04917,44,Matric,Business,Married,4,Urban,16,315569,560,383988,24,Yes,19888,761494,0.063,1
APP-04918,45,Master,Self-employed,Married,3,Semiurban,22,163357,730,490438,72,Yes,8179,521731,0.05,1
APP-04919,41,Bachelor,Business,Married,2,Rural,15,188092,762,2553181,72,No,42803,1495043,0.228,1
APP-04920,24,Master,Business,Single,2,Rural,0,298172,772,1698064,24,No,80446,679246,0.27,1
APP-04921,32,Intermediate,Business,Married,4,Rural,3,171771,682,1592039,24,No,78818,675982,0.459,0
APP-04922,40,Intermediate,Business,Married,1,Urban,15,285262,652,453376,36,No,14023,1556301,0.049,1
APP-04923,27,Intermediate,Unemployed,Married,1,Semiurban,0,32723,560,1467961,48,No,34236,52593,1.046,0
APP-04924,23,Master,Salaried,Single,3,Rural,0,180212,792,2742830,12,Yes,265338,26224,1.472,0
APP-04925,63,Master,Salaried,Single,4,Urban,41,145039,771,2198016,60,No,44932,1070348,0.31,1
APP-04926,21,Matric,Self-employed,Married,1,Rural,0,133892,737,1790399,36,No,57489,738604,0.429,1
APP-04927,55,Bachelor,Self-employed,Married,3,Semiurban,27,263726,785,303407,48,No,7687,1608090,0.029,1
APP-04928,46,Intermediate,Salaried,Married,2,Semiurban,17,210664,758,1872040,24,No,93396,1543755,0.443,1
APP-04929,27,Bachelor,Self-employed,Single,3,Semiurban,2,188530,657,2233016,48,No,56279,804883,0.299,1
APP-04930,21,Bachelor,Salaried,Single,0,Semiurban,0,191666,711,2086558,48,No,46975,901104,0.245,1
APP-04931,59,Matric,Salaried,Single,0,Urban,33,187041,582,2705707,60,No,53690,706974,0.287,1
APP-04932,55,Intermediate,Salaried,Married,0,Semiurban,27,196133,587,725540,48,No,18054,554474,0.092,1
APP-04933,22,Intermediate,Salaried,Married,0,Semiurban,0,52044,601,621122,60,No,11395,421912,0.219,0
APP-04934,28,PhD,Business,Single,2,Urban,1,347723,720,1244961,60,No,26907,2085537,0.077,1
APP-04935,62,Master,Salaried,Married,0,Semiurban,37,188855,766,111210,12,Yes,10860,137483,0.058,1
APP-04936,42,Bachelor,Unemployed,Married,0,Semiurban,13,70367,738,1270490,24,No,66472,155145,0.945,1
APP-04937,39,Bachelor,Unemployed,Married,4,Semiurban,12,73572,622,2974937,84,No,43743,551924,0.595,0
APP-04938,51,Matric,Salaried,Married,4,Semiurban,25,187636,620,555004,24,Yes,25563,1512558,0.136,0
APP-04939,43,Matric,Salaried,Single,3,Urban,18,145371,587,2580463,24,Yes,135540,422582,0.932,0
APP-04940,28,Master,Self-employed,Married,3,Urban,5,91453,538,2600105,36,No,79272,529708,0.867,0
APP-04941,35,Bachelor,Self-employed,Single,2,Rural,12,90243,603,1952584,84,Yes,28707,73322,0.318,0
APP-04942,23,Matric,Business,Married,3,Semiurban,1,82463,729,2214472,24,Yes,112898,373621,1.369,0
APP-04943,30,Bachelor,Salaried,Married,1,Urban,6,193024,626,1135695,36,No,39960,1346574,0.207,1
APP-04944,28,Intermediate,Salaried,Single,3,Urban,1,94738,420,2251949,48,No,57457,746837,0.606,0
APP-04945,48,Bachelor,Salaried,Married,2,Rural,26,227158,700,348166,12,No,33960,1918491,0.149,1
APP-04946,51,Master,Salaried,Married,0,Semiurban,27,144567,562,2690283,24,No,123517,435863,0.854,1
APP-04947,64,Bachelor,Salaried,Married,3,Urban,42,231666,679,2407678,36,Yes,83938,1908178,0.362,1
APP-04948,25,Master,Salaried,Single,2,Urban,0,166326,613,333505,60,Yes,6712,313156,0.04,1
APP-04949,30,Intermediate,Self-employed,Single,1,Urban,7,225048,708,1942236,48,No,52045,1736610,0.231,1
APP-04950,46,Intermediate,Salaried,Single,1,Urban,19,183423,705,659780,48,Yes,16243,1468747,0.089,1
APP-04951,64,Intermediate,Salaried,Married,2,Semiurban,42,100882,559,150800,12,No,15191,10762,0.151,0
APP-04952,57,Intermediate,Salaried,Single,1,Rural,35,169829,618,1780557,36,Yes,63135,1454487,0.372,0
APP-04953,58,Bachelor,Business,Married,3,Rural,33,172994,832,2796025,84,No,36066,216386,0.208,1
APP-04954,44,Master,Self-employed,Married,0,Urban,17,109487,850,1054108,48,No,25498,611794,0.233,1
APP-04955,55,Intermediate,Salaried,Married,4,Urban,33,131574,630,2850163,48,No,75894,1173243,0.577,0
APP-04956,51,Bachelor,Self-employed,Single,4,Urban,24,275068,671,408576,12,Yes,38602,2234869,0.14,1
APP-04957,42,Intermediate,Salaried,Married,2,Urban,17,127800,570,1263804,48,No,31470,610835,0.246,1
APP-04958,61,Bachelor,Salaried,Married,0,Urban,34,210659,725,339114,84,No,4897,866012,0.023,1
APP-04959,48,Bachelor,Salaried,Married,1,Urban,24,246627,630,959236,48,Yes,22827,2070136,0.093,1
APP-04960,36,Bachelor,Salaried,Married,1,Semiurban,14,91673,742,1843201,60,Yes,34581,392614,0.377,1
APP-04961,28,Matric,Salaried,Single,4,Urban,2,104415,673,2436039,60,No,45284,815809,0.434,1
APP-04962,58,Bachelor,Self-employed,Married,3,Urban,32,176987,694,1962634,72,No,31873,679950,0.18,1
APP-04963,41,Intermediate,Business,Married,2,Urban,18,223079,699,2853968,72,Yes,47441,2000958,0.213,1
APP-04964,43,Intermediate,Self-employed,Married,3,Rural,16,168660,595,1451400,36,No,49341,581722,0.293,0
APP-04965,28,Bachelor,Unemployed,Married,2,Semiurban,6,52028,559,1938947,24,Yes,91789,128070,1.764,0
APP-04966,52,Intermediate,Salaried,Married,3,Semiurban,23,156668,692,871784,48,No,20681,1398779,0.132,1
APP-04967,63,Intermediate,Salaried,Married,0,Urban,34,234853,635,2141942,36,Yes,67570,1246908,0.288,1
APP-04968,29,Matric,Salaried,Single,4,Urban,3,150982,766,1721662,36,Yes,58155,722073,0.385,0
APP-04969,21,Bachelor,Business,Married,3,Semiurban,0,169147,662,378773,60,No,7262,778834,0.043,1
APP-04970,36,Bachelor,Salaried,Married,1,Urban,12,194198,622,2862450,60,Yes,56214,1105567,0.289,1
APP-04971,60,Intermediate,Salaried,Married,0,Rural,32,195961,656,2419464,60,No,44637,1319161,0.228,1
APP-04972,45,Bachelor,Self-employed,Married,4,Urban,16,174355,592,1782553,60,No,32781,561857,0.188,1
APP-04973,31,Master,Business,Single,4,Rural,7,274976,760,1904966,24,No,96437,2454639,0.351,1
APP-04974,42,Master,Salaried,Married,3,Rural,14,140645,850,1849258,84,Yes,25664,908235,0.182,1
APP-04975,27,Master,Self-employed,Single,3,Urban,0,194180,617,610904,84,No,8690,1550054,0.045,1
APP-04976,46,Bachelor,Salaried,Married,2,Semiurban,18,141413,673,2660900,84,Yes,39795,650001,0.281,1
APP-04977,56,Bachelor,Business,Married,2,Semiurban,31,205433,493,1957251,24,Yes,91494,42474,0.445,0
APP-04978,56,Intermediate,Salaried,Married,2,Urban,28,109643,685,875379,84,Yes,12502,340820,0.114,1
APP-04979,21,Master,Self-employed,Single,3,Urban,0,182067,776,651957,60,No,12774,1629970,0.07,1
APP-04980,51,Master,Salaried,Married,0,Semiurban,25,187593,758,544389,12,No,50232,795552,0.268,1
APP-04981,40,Matric,Salaried,Married,3,Urban,14,109650,726,2854090,12,No,304709,514931,2.779,1
APP-04982,36,Intermediate,Self-employed,Married,2,Urban,7,180907,684,2879652,12,No,302837,1505475,1.674,1
APP-04983,63,Intermediate,Salaried,Married,0,Urban,40,265578,850,1161657,72,No,19409,2362411,0.073,1
APP-04984,54,Bachelor,Self-employed,Married,2,Urban,26,132153,595,2174648,72,No,39133,47950,0.296,1
APP-04985,22,Bachelor,Salaried,Single,0,Urban,0,191343,637,1570055,24,No,75423,752809,0.394,0
APP-04986,38,Bachelor,Business,Married,3,Rural,11,123122,704,1603111,84,No,23937,775880,0.194,1
APP-04987,57,Bachelor,Self-employed,Married,2,Semiurban,31,261003,746,1930008,12,No,180568,1402855,0.692,1
APP-04988,59,Master,Salaried,Married,4,Semiurban,36,117935,750,294900,60,No,6186,451099,0.052,1
APP-04989,53,Bachelor,Business,Single,2,Urban,31,198662,658,2072467,72,No,32298,45805,0.163,1
APP-04990,26,Bachelor,Self-employed,Married,0,Semiurban,1,86939,682,1652987,60,No,34523,661937,0.397,1
APP-04991,61,Intermediate,Salaried,Married,4,Urban,35,131512,604,1038832,24,Yes,50217,620286,0.382,0
APP-04992,53,Master,Self-employed,Married,2,Semiurban,26,203830,571,736104,48,No,18670,1427899,0.092,1
APP-04993,59,Bachelor,Unemployed,Married,0,Rural,34,86646,510,1799308,72,No,32012,513658,0.369,0
APP-04994,60,Master,Salaried,Married,0,Semiurban,35,192524,478,1421553,36,No,45068,59921,0.234,1
APP-04995,61,Intermediate,Salaried,Married,3,Semiurban,32,94895,655,2213905,60,No,46225,44683,0.487,0
APP-04996,28,Intermediate,Salaried,Married,2,Semiurban,1,53198,600,814390,36,Yes,26189,448241,0.492,0
APP-04997,45,Intermediate,Business,Married,3,Rural,19,229372,661,1182623,12,No,110434,1529123,0.481,0
APP-04998,56,Matric,Business,Single,0,Urban,31,355724,658,597531,72,No,10730,2184731,0.03,1
APP-04999,64,Intermediate,Self-employed,Single,1,Semiurban,40,141258,762,2710583,72,No,42759,867845,0.303,1
APP-05000,51,Master,Salaried,Married,4,Semiurban,26,241591,665,1496959,48,No,34835,1223235,0.144,1
